# TrES-2 b (Kepler-1 b) — Kepler short cadence, PDCSAP, SAP_QUALITY==0
# KIC 11446443; files 2009259162342 2009291181958 2009322144938 2009350160919
# fold: P=2.470613385 d, t0=122.7633008 BKJD (archive); window +-2.61 h
# baseline: straight line per transit fitted outside +-1.18 h, divided out
# transits used 40, dropped 2; baseline half-disagreement RMS 10.5 ppm
# columns: dt_days_from_mid,flux_normalised,err_normalised,epoch
# epoch is kept so the fold can be RE-CENTRED downstream: the archive
# ephemeris left a 136 ppm mirror asymmetry, three times the measured
# out-of-transit scatter, and a mis-centred fold is a systematic that looks
# exactly like a limb-darkening residual.
-0.10890521,0.99945303,2.305562e-4,47
-0.10887484,0.99978498,2.304454e-4,58
-0.10885698,1.00045423,2.327875e-4,91
-0.10882134,0.99951431,2.303899e-4,78
-0.10882017,1.00047687,2.284866e-4,63
-0.10881202,1.00001095,2.299160e-4,83
-0.10881134,0.99988575,2.287472e-4,73
-0.10877059,0.99996311,2.279397e-4,88
-0.10871098,0.99988408,2.271324e-4,60
-0.10868532,0.99980394,2.317287e-4,49
-0.10867993,1.00008134,2.281820e-4,75
-0.10867399,1.00026804,2.289479e-4,65
-0.10866950,0.99970679,2.293451e-4,70
-0.10866430,1.00032104,2.296617e-4,85
-0.10861872,0.99981960,2.326686e-4,57
-0.10860352,0.99982549,2.301351e-4,90
-0.10855507,1.00042072,2.280570e-4,62
-0.10854755,1.00007080,2.301190e-4,77
-0.10854313,0.99963984,2.358916e-4,82
-0.10853668,0.99981124,2.298621e-4,72
-0.10853297,0.99971704,2.299357e-4,67
-0.10850970,1.00018368,2.286449e-4,87
-0.10847704,1.00052307,2.294962e-4,51
-0.10845594,1.00022984,2.334955e-4,45
-0.10845314,0.99990560,2.312379e-4,48
-0.10845135,1.00012754,2.285482e-4,59
-0.10840505,0.99995259,2.273361e-4,74
-0.10839841,0.99992742,2.301967e-4,84
-0.10839620,1.00013539,2.280678e-4,69
-0.10836555,1.00030960,2.312808e-4,56
-0.10829157,0.99976746,2.271772e-4,61
-0.10827984,0.99981884,2.320200e-4,53
-0.10827337,0.99996694,2.291243e-4,76
-0.10826235,1.00016239,2.294225e-4,66
-0.10826233,0.99996186,2.303135e-4,71
-0.10824739,1.00038153,2.306355e-4,86
-0.10822412,0.99994679,2.306187e-4,47
-0.10819366,1.00043614,2.305054e-4,58
-0.10817590,0.99983206,2.327144e-4,91
-0.10813909,1.00016114,2.284624e-4,63
-0.10813094,1.00001933,2.299142e-4,83
-0.10813026,1.00039490,2.287987e-4,73
-0.10808941,1.00003583,2.279400e-4,88
-0.10803000,0.99980907,2.271356e-4,60
-0.10799876,1.00016583,2.281949e-4,75
-0.10799790,0.99995424,2.309356e-4,46
-0.10799291,1.00018576,2.289578e-4,65
-0.10798852,0.99980509,2.293962e-4,70
-0.10798322,1.00035069,2.296275e-4,85
-0.10793764,1.00043057,2.327285e-4,57
-0.10792244,0.99994132,2.301861e-4,90
-0.10786657,0.99977413,2.301195e-4,77
-0.10786205,0.99964913,2.357975e-4,82
-0.10785571,0.99976227,2.298429e-4,72
-0.10785189,0.99986129,2.299485e-4,67
-0.10782851,1.00024617,2.286388e-4,87
-0.10779595,0.99986947,2.294259e-4,51
-0.10777485,1.00019872,2.334994e-4,45
-0.10777205,1.00026749,2.312662e-4,48
-0.10777016,0.99977443,2.285133e-4,59
-0.10773214,0.99949316,2.302795e-4,79
-0.10772398,1.00004636,2.273373e-4,74
-0.10771723,0.99949055,2.300794e-4,84
-0.10771512,1.00010785,2.280657e-4,69
-0.10768437,0.99947250,2.311098e-4,56
-0.10761049,1.00029283,2.272162e-4,61
-0.10759866,1.00018071,2.320437e-4,53
-0.10759219,1.00018654,2.290526e-4,76
-0.10758135,0.99986315,2.303055e-4,71
-0.10758127,0.99971346,2.293756e-4,66
-0.10756631,1.00015713,2.305892e-4,86
-0.10754293,1.00023560,2.306363e-4,47
-0.10751258,1.00029321,2.304836e-4,58
-0.10749471,1.00020187,2.327357e-4,91
-0.10745909,1.00058314,2.303627e-4,78
-0.10745801,0.99992429,2.284404e-4,63
-0.10744977,0.99999833,2.299000e-4,83
-0.10744918,0.99995102,2.287724e-4,73
-0.10740833,0.99974277,2.279162e-4,88
-0.10734892,1.00004397,2.271607e-4,60
-0.10731768,1.00016205,2.281922e-4,75
-0.10731681,0.99994234,2.309348e-4,46
-0.10731183,1.00001591,2.289595e-4,65
-0.10730735,0.99979378,2.294376e-4,70
-0.10730214,1.00012472,2.295676e-4,85
-0.10725655,0.99983382,2.326699e-4,57
-0.10724126,0.99995988,2.302355e-4,90
-0.10719281,1.00063026,2.280097e-4,62
-0.10718540,1.00020540,2.301952e-4,77
-0.10718087,0.99965082,2.357777e-4,82
-0.10717463,0.99997860,2.298477e-4,72
-0.10717091,0.99972268,2.299405e-4,67
-0.10711477,0.99986992,2.294173e-4,51
-0.10709375,1.00000241,2.334927e-4,45
-0.10709096,0.99980869,2.312331e-4,48
-0.10708908,0.99991752,2.285195e-4,59
-0.10705106,0.99999017,2.303261e-4,79
-0.10704290,1.00014530,2.273412e-4,74
-0.10703615,0.99968701,2.301027e-4,84
-0.10703404,1.00044236,2.280662e-4,69
-0.10700329,1.00022298,2.311005e-4,56
-0.10692941,1.00011537,2.271906e-4,61
-0.10691111,0.99993331,2.289426e-4,76
-0.10690017,0.99978974,2.303040e-4,71
-0.10688513,0.99945555,2.304942e-4,86
-0.10686184,0.99980231,2.306067e-4,47
-0.10683150,1.00009177,2.304617e-4,58
-0.10681363,0.99978911,2.326905e-4,91
-0.10677801,0.99985455,2.302373e-4,78
-0.10677693,1.00006113,2.284554e-4,63
-0.10676869,0.99973680,2.298721e-4,83
-0.10676810,1.00006020,2.288018e-4,73
-0.10672714,1.00023427,2.279633e-4,88
-0.10666774,0.99976403,2.271451e-4,60
-0.10664196,1.00010131,2.317311e-4,49
-0.10663660,0.99987004,2.281300e-4,75
-0.10663572,0.99989107,2.309288e-4,46
-0.10663065,1.00010122,2.289779e-4,65
-0.10662627,1.00029327,2.295197e-4,70
-0.10662097,1.00003397,2.295114e-4,85
-0.10657547,1.00002211,2.326911e-4,57
-0.10656017,0.99962942,2.302426e-4,90
-0.10651173,0.99991166,2.279112e-4,62
-0.10650432,0.99970649,2.301775e-4,77
-0.10649979,0.99957066,2.357149e-4,82
-0.10649345,1.00051773,2.298808e-4,72
-0.10648973,1.00010711,2.299798e-4,67
-0.10646635,1.00007891,2.285910e-4,87
-0.10643368,0.99988167,2.294126e-4,51
-0.10641256,1.00038339,2.335363e-4,45
-0.10640987,1.00034808,2.312941e-4,48
-0.10640800,0.99966749,2.284949e-4,59
-0.10636998,1.00011309,2.302922e-4,79
-0.10635507,1.00013089,2.301804e-4,84
-0.10635297,1.00003597,2.280266e-4,69
-0.10624823,0.99998462,2.271679e-4,61
-0.10623649,0.99962752,2.319616e-4,53
-0.10623014,1.00019265,2.288706e-4,76
-0.10621910,0.99988210,2.303144e-4,71
-0.10620405,0.99992948,2.305132e-4,86
-0.10618065,0.99989954,2.306250e-4,47
-0.10615032,0.99991430,2.304420e-4,58
-0.10613255,1.00028389,2.327262e-4,91
-0.10609683,0.99972261,2.301707e-4,78
-0.10609585,1.00005061,2.284539e-4,63
-0.10608761,1.00000174,2.298902e-4,83
-0.10604606,0.99989946,2.279298e-4,88
-0.10598666,0.99984953,2.271587e-4,60
-0.10596087,0.99969191,2.316795e-4,49
-0.10595543,1.00037776,2.282176e-4,75
-0.10595453,0.99993766,2.309222e-4,46
-0.10594519,1.00006848,2.295347e-4,70
-0.10593989,1.00017127,2.294889e-4,85
-0.10589439,1.00052749,2.327419e-4,57
-0.10587899,1.00023338,2.303513e-4,90
-0.10583075,1.00032424,2.279325e-4,62
-0.10582324,0.99988561,2.302419e-4,77
-0.10581872,0.99980392,2.356045e-4,82
-0.10581237,0.99979542,2.297813e-4,72
-0.10580865,0.99958949,2.299379e-4,67
-0.10578517,1.00020761,2.285784e-4,87
-0.10573157,0.99986453,2.334875e-4,45
-0.10572868,1.00007816,2.312609e-4,48
-0.10572702,1.00009973,2.285322e-4,59
-0.10568075,0.99966185,2.272494e-4,74
-0.10567399,0.99976409,2.301000e-4,84
-0.10567179,1.00027347,2.280309e-4,69
-0.10564122,1.00004202,2.309032e-4,56
-0.10556715,0.99974852,2.271472e-4,61
-0.10555540,0.99980015,2.319617e-4,53
-0.10554896,1.00043481,2.288285e-4,76
-0.10553803,0.99973829,2.293720e-4,66
-0.10553802,1.00024103,2.303506e-4,71
-0.10552287,1.00020898,2.305179e-4,86
-0.10549956,0.99975838,2.306131e-4,47
-0.10546923,1.00033763,2.304830e-4,58
-0.10545146,0.99992814,2.326856e-4,91
-0.10541576,0.99992866,2.301398e-4,78
-0.10541467,1.00008467,2.284554e-4,63
-0.10540643,0.99979100,2.298720e-4,83
-0.10540595,1.00010207,2.287896e-4,73
-0.10536508,0.99964542,2.279096e-4,88
-0.10530557,0.99998889,2.271850e-4,60
-0.10527968,1.00011328,2.317188e-4,49
-0.10527435,0.99976949,2.281581e-4,75
-0.10527344,0.99993705,2.309298e-4,46
-0.10526859,1.00004619,2.290023e-4,65
-0.10526401,1.00004478,2.295648e-4,70
-0.10525871,0.99987014,2.294195e-4,85
-0.10521321,0.99996832,2.326877e-4,57
-0.10519811,1.00019181,2.303927e-4,90
-0.10514957,1.00006057,2.278786e-4,62
-0.10514206,1.00022344,2.302776e-4,77
-0.10513754,0.99976317,2.356258e-4,82
-0.10513130,0.99991108,2.297720e-4,72
-0.10512758,1.00036746,2.300154e-4,67
-0.10510419,1.00001408,2.285440e-4,87
-0.10507141,0.99990239,2.294072e-4,51
-0.10505048,0.99951279,2.334637e-4,45
-0.10504760,1.00025186,2.312870e-4,48
-0.10504584,0.99984977,2.285067e-4,59
-0.10500773,1.00013366,2.303491e-4,79
-0.10499967,1.00020181,2.273151e-4,74
-0.10499282,0.99995668,2.301136e-4,84
-0.10499071,0.99976908,2.279615e-4,69
-0.10496004,1.00007280,2.308204e-4,56
-0.10488607,1.00004445,2.271630e-4,61
-0.10487421,1.00014772,2.319865e-4,53
-0.10486788,0.99974097,2.286847e-4,76
-0.10485684,0.99995179,2.303219e-4,71
-0.10484189,0.99999277,2.304593e-4,86
-0.10481847,1.00002297,2.306413e-4,47
-0.10477028,0.99978044,2.326645e-4,91
-0.10473468,0.99993324,2.300844e-4,78
-0.10473359,0.99999282,2.284463e-4,63
-0.10472535,0.99978161,2.298598e-4,83
-0.10472487,0.99989719,2.287558e-4,73
-0.10468400,0.99936169,2.278803e-4,88
-0.10462439,1.00011143,2.272115e-4,60
-0.10459859,1.00002019,2.317070e-4,49
-0.10459327,1.00029020,2.282100e-4,75
-0.10459245,0.99986810,2.309207e-4,46
-0.10458742,1.00011393,2.290261e-4,65
-0.10458294,0.99969442,2.295880e-4,70
-0.10457763,1.00010971,2.294080e-4,85
-0.10453212,0.99981153,2.326754e-4,57
-0.10451693,0.99995519,2.304195e-4,90
-0.10446849,1.00017485,2.278629e-4,62
-0.10446099,0.99948652,2.302312e-4,77
-0.10445646,0.99967610,2.355206e-4,82
-0.10445012,1.00006929,2.297619e-4,72
-0.10444650,1.00020694,2.300069e-4,67
-0.10442311,1.00003186,2.285296e-4,87
-0.10439032,1.00008791,2.294184e-4,51
-0.10436939,1.00000807,2.335183e-4,45
-0.10436651,1.00063181,2.313385e-4,48
-0.10436476,0.99994373,2.285077e-4,59
-0.10431849,0.99984074,2.272680e-4,74
-0.10431174,1.00004882,2.301052e-4,84
-0.10430963,0.99960305,2.279261e-4,69
-0.10427895,1.00017645,2.307471e-4,56
-0.10420489,1.00028090,2.271836e-4,61
-0.10419313,0.99984926,2.319389e-4,53
-0.10418681,0.99985581,2.286319e-4,76
-0.10417578,0.99999031,2.293959e-4,66
-0.10417576,1.00022518,2.303512e-4,71
-0.10413748,0.99985183,2.306239e-4,47
-0.10410707,0.99960949,2.303997e-4,58
-0.10408930,0.99997842,2.326858e-4,91
-0.10405350,1.00004463,2.300532e-4,78
-0.10405251,1.00038139,2.284815e-4,63
-0.10404427,1.00011869,2.298944e-4,83
-0.10400282,1.00002493,2.279468e-4,88
-0.10394331,1.00011143,2.272308e-4,60
-0.10391740,1.00034594,2.317363e-4,49
-0.10391220,0.99993643,2.281693e-4,75
-0.10391136,0.99986619,2.309233e-4,46
-0.10390634,1.00063903,2.290789e-4,65
-0.10390186,1.00003841,2.296269e-4,70
-0.10389665,1.00026152,2.293803e-4,85
-0.10385104,1.00011066,2.327090e-4,57
-0.10383584,0.99977976,2.304498e-4,90
-0.10378731,1.00033516,2.278543e-4,62
-0.10377981,0.99992538,2.302892e-4,77
-0.10377528,0.99987793,2.355280e-4,82
-0.10376904,1.00010807,2.297407e-4,72
-0.10376532,1.00034032,2.300287e-4,67
-0.10374203,0.99998236,2.285041e-4,87
-0.10370913,0.99987578,2.293968e-4,51
-0.10368820,1.00030126,2.335507e-4,45
-0.10368542,0.99986276,2.312675e-4,48
-0.10368357,1.00006963,2.285123e-4,59
-0.10364557,1.00049170,2.303862e-4,79
-0.10363741,0.99998191,2.272777e-4,74
-0.10363076,1.00005365,2.300942e-4,84
-0.10362846,0.99963293,2.279121e-4,69
-0.10359777,0.99967010,2.306200e-4,56
-0.10352391,0.99974986,2.271278e-4,61
-0.10351204,0.99994072,2.319437e-4,53
-0.10350563,0.99995660,2.285791e-4,76
-0.10349470,0.99978305,2.293771e-4,66
-0.10349469,1.00060538,2.303853e-4,71
-0.10347973,1.00062139,2.305000e-4,86
-0.10345629,0.99993353,2.306406e-4,47
-0.10342599,1.00001037,2.304321e-4,58
-0.10340812,1.00005576,2.326920e-4,91
-0.10337253,0.99978917,2.299813e-4,78
-0.10337133,1.00002291,2.284462e-4,63
-0.10336319,0.99977446,2.298527e-4,83
-0.10336262,0.99979222,2.287490e-4,73
-0.10332174,0.99986701,2.279367e-4,88
-0.10326213,1.00007879,2.272485e-4,60
-0.10323642,0.99991470,2.316954e-4,49
-0.10323112,0.99978899,2.281579e-4,75
-0.10323017,1.00016198,2.309476e-4,46
-0.10322526,0.99976738,2.290040e-4,65
-0.10322068,0.99986763,2.296321e-4,70
-0.10321557,0.99980847,2.293015e-4,85
-0.10316986,1.00017258,2.327178e-4,57
-0.10315466,0.99999179,2.305185e-4,90
-0.10310623,0.99912717,2.277199e-4,62
-0.10309873,0.99980610,2.302925e-4,77
-0.10309430,1.00006934,2.354916e-4,82
-0.10308797,1.00023125,2.297193e-4,72
-0.10306085,1.00001622,2.284906e-4,87
-0.10302814,0.99976417,2.293866e-4,51
-0.10300710,0.99980024,2.335061e-4,45
-0.10300433,0.99969992,2.312623e-4,48
-0.10300249,1.00052340,2.285542e-4,59
-0.10296449,1.00003418,2.302911e-4,79
-0.10295634,1.00014589,2.272829e-4,74
-0.10294958,0.99993109,2.300588e-4,84
-0.10294738,0.99961519,2.278927e-4,69
-0.10291669,0.99981438,2.305575e-4,56
-0.10284283,1.00023255,2.271706e-4,61
-0.10283096,1.00022111,2.319594e-4,53
-0.10282455,0.99994693,2.285095e-4,76
-0.10281362,0.99992595,2.293860e-4,66
-0.10281351,0.99979043,2.303005e-4,71
-0.10279855,1.00011136,2.304356e-4,86
-0.10277520,0.99996457,2.306489e-4,47
-0.10274491,0.99965345,2.303942e-4,58
-0.10272703,0.99974512,2.326663e-4,91
-0.10269145,0.99989699,2.299515e-4,78
-0.10269025,1.00006062,2.284419e-4,63
-0.10268211,0.99984640,2.299105e-4,83
-0.10268154,1.00014100,2.287898e-4,73
-0.10264066,0.99994778,2.279482e-4,88
-0.10258105,1.00005171,2.272571e-4,60
-0.10255533,0.99988741,2.316883e-4,49
-0.10255004,0.99980579,2.281504e-4,75
-0.10254908,0.99993100,2.309282e-4,46
-0.10254408,1.00029431,2.290644e-4,65
-0.10253970,1.00018610,2.296889e-4,70
-0.10253439,1.00037852,2.292528e-4,85
-0.10248887,0.99983929,2.326916e-4,57
-0.10247358,1.00024611,2.305847e-4,90
-0.10242515,0.99921551,2.277047e-4,62
-0.10241776,1.00006150,2.303225e-4,77
-0.10241322,1.00042248,2.354695e-4,82
-0.10240689,0.99980227,2.296509e-4,72
-0.10240316,1.00028959,2.300402e-4,67
-0.10237977,1.00028478,2.284946e-4,87
-0.10234706,0.99978575,2.293895e-4,51
-0.10232591,0.99991548,2.335231e-4,45
-0.10232324,0.99958043,2.312651e-4,48
-0.10232141,1.00005200,2.285026e-4,59
-0.10227526,0.99965748,2.271833e-4,74
-0.10226640,0.99998138,2.278803e-4,69
-0.10223560,1.00022132,2.305246e-4,56
-0.10216165,1.00043119,2.271814e-4,61
-0.10214987,0.99978614,2.319040e-4,53
-0.10214347,1.00027479,2.284975e-4,76
-0.10213253,0.99998360,2.303170e-4,71
-0.10213244,0.99961790,2.293512e-4,66
-0.10211747,0.99997708,2.303756e-4,86
-0.10209401,0.99975068,2.306320e-4,47
-0.10206382,1.00035931,2.304582e-4,58
-0.10201037,1.00043432,2.299606e-4,78
-0.10200927,1.00004044,2.284318e-4,63
-0.10200103,0.99982320,2.298584e-4,83
-0.10200036,1.00005387,2.288230e-4,73
-0.10195947,1.00005474,2.279587e-4,88
-0.10190007,1.00004044,2.272710e-4,60
-0.10187424,1.00010385,2.317091e-4,49
-0.10186896,1.00015619,2.281879e-4,75
-0.10186799,0.99969264,2.309146e-4,46
-0.10186300,1.00012560,2.290507e-4,65
-0.10185331,1.00016712,2.292715e-4,85
-0.10180779,1.00025900,2.327369e-4,57
-0.10179240,1.00010880,2.306197e-4,90
-0.10174397,1.00035590,2.278001e-4,62
-0.10173668,0.99996736,2.303170e-4,77
-0.10173215,1.00021166,2.353281e-4,82
-0.10172581,1.00002688,2.296415e-4,72
-0.10172209,1.00000051,2.300208e-4,67
-0.10169869,0.99951155,2.284075e-4,87
-0.10166597,0.99991840,2.294037e-4,51
-0.10164482,1.00039069,2.335697e-4,45
-0.10164205,0.99952506,2.312683e-4,48
-0.10164033,0.99970726,2.284579e-4,59
-0.10160224,0.99958781,2.302051e-4,79
-0.10159408,0.99965970,2.272168e-4,74
-0.10158742,0.99968825,2.299899e-4,84
-0.10158532,0.99977311,2.278553e-4,69
-0.10155442,1.00019269,2.304499e-4,56
-0.10148057,1.00002179,2.271413e-4,61
-0.10146879,1.00005792,2.319257e-4,53
-0.10146230,0.99984760,2.284126e-4,76
-0.10145146,1.00055342,2.303646e-4,71
-0.10145136,0.99980400,2.293660e-4,66
-0.10143629,0.99976277,2.303706e-4,86
-0.10141292,1.00014151,2.306706e-4,47
-0.10138264,1.00004445,2.304235e-4,58
-0.10136487,0.99976465,2.326838e-4,91
-0.10132919,0.99989148,2.298830e-4,78
-0.10132819,1.00007472,2.284272e-4,63
-0.10131986,1.00004592,2.298819e-4,83
-0.10127839,1.00058239,2.280195e-4,88
-0.10121899,1.00015485,2.273019e-4,60
-0.10119305,0.99958476,2.316564e-4,49
-0.10118779,1.00015316,2.281825e-4,75
-0.10118680,0.99982255,2.309052e-4,46
-0.10118192,0.99992760,2.290395e-4,65
-0.10117755,1.00012047,2.297235e-4,70
-0.10117223,0.99993030,2.292155e-4,85
-0.10112671,1.00015980,2.327318e-4,57
-0.10111131,1.00021552,2.306735e-4,90
-0.10106289,1.00013141,2.277638e-4,62
-0.10105550,0.99968428,2.302824e-4,77
-0.10105097,0.99983169,2.353153e-4,82
-0.10104473,1.00008518,2.296144e-4,72
-0.10104101,0.99979580,2.300124e-4,67
-0.10101751,0.99997843,2.284342e-4,87
-0.10098478,1.00026846,2.294405e-4,51
-0.10096373,1.00004487,2.335293e-4,45
-0.10096096,1.00011195,2.313400e-4,48
-0.10092116,1.00012676,2.303557e-4,79
-0.10091301,0.99991575,2.272375e-4,74
-0.10090634,0.99999965,2.299937e-4,84
-0.10090414,1.00010421,2.278826e-4,69
-0.10087344,0.99984129,2.303541e-4,56
-0.10079949,1.00019609,2.271564e-4,61
-0.10078760,0.99985954,2.318994e-4,53
-0.10078132,0.99979273,2.283766e-4,76
-0.10077039,1.00011151,2.294162e-4,66
-0.10077028,0.99979416,2.302851e-4,71
-0.10075521,1.00005351,2.303901e-4,86
-0.10073183,0.99996767,2.306591e-4,47
-0.10070156,0.99999554,2.304167e-4,58
-0.10068368,0.99989901,2.327039e-4,91
-0.10064812,1.00007603,2.298749e-4,78
-0.10064701,1.00008954,2.284188e-4,63
-0.10063878,0.99995044,2.298719e-4,83
-0.10063831,1.00017764,2.288072e-4,73
-0.10059721,0.99951531,2.279211e-4,88
-0.10053781,1.00016535,2.273228e-4,60
-0.10051196,1.00003834,2.317010e-4,49
-0.10049637,1.00030705,2.297602e-4,70
-0.10049105,0.99996314,2.291919e-4,85
-0.10044553,1.00014671,2.327342e-4,57
-0.10043023,1.00009803,2.307014e-4,90
-0.10038191,1.00010054,2.277452e-4,62
-0.10037442,0.99989304,2.303010e-4,77
-0.10036989,0.99998014,2.352848e-4,82
-0.10036356,1.00046318,2.296199e-4,72
-0.10035993,0.99960395,2.300068e-4,67
-0.10033643,0.99979993,2.283902e-4,87
-0.10030370,0.99997932,2.294165e-4,51
-0.10028274,0.99999238,2.335254e-4,45
-0.10027987,0.99988154,2.313352e-4,48
-0.10027817,0.99966612,2.284420e-4,59
-0.10024008,1.00019179,2.303631e-4,79
-0.10023203,1.00011726,2.272140e-4,74
-0.10022307,1.00018606,2.278527e-4,69
-0.10019235,0.99999546,2.303065e-4,56
-0.10011831,1.00001917,2.271388e-4,61
-0.10010652,1.00029204,2.319260e-4,53
-0.10010024,0.99993112,2.283306e-4,76
-0.10008921,1.00024026,2.293986e-4,66
-0.10008920,1.00012141,2.303186e-4,71
-0.10007413,1.00025549,2.303843e-4,86
-0.10005064,0.99995505,2.306582e-4,47
-0.10002048,0.99994061,2.304118e-4,58
-0.09996704,1.00041896,2.298855e-4,78
-0.09996593,0.99952070,2.283530e-4,63
-0.09995770,1.00018486,2.299010e-4,83
-0.09995713,0.99964822,2.287676e-4,73
-0.09991623,0.99998913,2.279785e-4,88
-0.09985673,0.99991012,2.273166e-4,60
-0.09983077,0.99996662,2.316908e-4,49
-0.09982451,0.99993571,2.309411e-4,46
-0.09981976,0.99981514,2.290314e-4,65
-0.09981530,1.00050016,2.297927e-4,70
-0.09980997,1.00008981,2.291683e-4,85
-0.09976444,1.00032541,2.327609e-4,57
-0.09974925,0.99996778,2.307270e-4,90
-0.09970073,0.99992581,2.277169e-4,62
-0.09969325,0.99965045,2.302586e-4,77
-0.09968871,0.99996999,2.352384e-4,82
-0.09968248,1.00028422,2.295701e-4,72
-0.09967875,1.00008346,2.300648e-4,67
-0.09965545,0.99993326,2.283885e-4,87
-0.09962251,0.99984811,2.294121e-4,51
-0.09960154,0.99973473,2.335024e-4,45
-0.09959878,1.00001151,2.313510e-4,48
-0.09959709,1.00013837,2.284795e-4,59
-0.09955901,1.00052819,2.304007e-4,79
-0.09955085,1.00002307,2.271960e-4,74
-0.09954408,0.99992505,2.299289e-4,84
-0.09951117,0.99979087,2.302316e-4,56
-0.09943723,1.00014356,2.271440e-4,61
-0.09942543,0.99948575,2.318437e-4,53
-0.09941917,1.00007361,2.283448e-4,76
-0.09940813,0.99977155,2.293481e-4,66
-0.09940812,1.00026573,2.303213e-4,71
-0.09939295,1.00000428,2.303686e-4,86
-0.09936955,0.99993466,2.306609e-4,47
-0.09933929,1.00005434,2.304192e-4,58
-0.09928475,1.00012669,2.284089e-4,63
-0.09927652,0.99990138,2.298934e-4,83
-0.09927606,1.00012630,2.288139e-4,73
-0.09923515,0.99964520,2.279543e-4,88
-0.09917565,0.99975904,2.273257e-4,60
-0.09914969,0.99946889,2.316552e-4,49
-0.09914446,0.99983953,2.280931e-4,75
-0.09914352,1.00015218,2.309725e-4,46
-0.09913869,1.00035249,2.290763e-4,65
-0.09913422,0.99984554,2.297388e-4,70
-0.09912879,1.00021793,2.291583e-4,85
-0.09908326,0.99986309,2.327273e-4,57
-0.09906806,1.00021922,2.307857e-4,90
-0.09901965,0.99967850,2.276800e-4,62
-0.09901217,1.00000917,2.302741e-4,77
-0.09900763,1.00050032,2.352427e-4,82
-0.09900140,1.00016946,2.295263e-4,72
-0.09899767,0.99985631,2.300576e-4,67
-0.09897427,0.99964870,2.283433e-4,87
-0.09894142,0.99978754,2.294093e-4,51
-0.09892045,0.99975772,2.335037e-4,45
-0.09891759,0.99965833,2.313355e-4,48
-0.09891590,0.99988408,2.284424e-4,59
-0.09887793,0.99989023,2.303400e-4,79
-0.09886977,1.00006085,2.272239e-4,74
-0.09886081,1.00026756,2.278260e-4,69
-0.09883009,0.99984645,2.301867e-4,56
-0.09875615,0.99979114,2.271100e-4,61
-0.09874425,1.00019941,2.319081e-4,53
-0.09873799,1.00007245,2.283194e-4,76
-0.09872705,0.99993521,2.293599e-4,66
-0.09872705,0.99982896,2.302767e-4,71
-0.09868856,1.00041136,2.307166e-4,47
-0.09864043,1.00003528,2.327815e-4,91
-0.09860478,1.00056858,2.299309e-4,78
-0.09860368,0.99986421,2.283707e-4,63
-0.09859544,1.00018067,2.299059e-4,83
-0.09859498,1.00019278,2.288301e-4,73
-0.09855407,1.00014202,2.280064e-4,88
-0.09849447,0.99981457,2.273537e-4,60
-0.09846860,1.00005476,2.317048e-4,49
-0.09846348,1.00031748,2.281666e-4,75
-0.09846243,1.00031099,2.309843e-4,46
-0.09845761,1.00006236,2.290471e-4,65
-0.09845304,1.00024977,2.297896e-4,70
-0.09844781,1.00000563,2.291062e-4,85
-0.09840218,0.99994891,2.327463e-4,57
-0.09838698,1.00002678,2.308015e-4,90
-0.09833857,1.00004528,2.277065e-4,62
-0.09833109,0.99991328,2.302391e-4,77
-0.09832655,1.00009613,2.351636e-4,82
-0.09832023,1.00024478,2.295078e-4,72
-0.09831660,1.00014023,2.301015e-4,67
-0.09826034,0.99938488,2.293786e-4,51
-0.09823926,0.99985244,2.335080e-4,45
-0.09823660,1.00033339,2.314097e-4,48
-0.09823482,1.00018974,2.284636e-4,59
-0.09819685,0.99996543,2.303003e-4,79
-0.09818870,1.00023964,2.272228e-4,74
-0.09818192,1.00004487,2.298876e-4,84
-0.09817973,1.00003969,2.277993e-4,69
-0.09814900,1.00029242,2.301939e-4,56
-0.09807507,0.99999244,2.271246e-4,61
-0.09806316,0.99974261,2.318465e-4,53
-0.09805691,1.00014073,2.283041e-4,76
-0.09804597,1.00006525,2.293726e-4,66
-0.09804587,1.00008601,2.302960e-4,71
-0.09803089,0.99996196,2.303383e-4,86
-0.09800737,1.00003995,2.306789e-4,47
-0.09797723,0.99994776,2.304094e-4,58
-0.09795935,1.00033759,2.328354e-4,91
-0.09792381,1.00004124,2.298205e-4,78
-0.09792260,0.99988937,2.283613e-4,63
-0.09791446,0.99976789,2.298667e-4,83
-0.09791380,1.00025645,2.288440e-4,73
-0.09787289,0.99963068,2.279626e-4,88
-0.09781338,1.00006264,2.273989e-4,60
-0.09778761,1.00004146,2.317164e-4,49
-0.09778240,0.99973769,2.281076e-4,75
-0.09778134,1.00003711,2.309460e-4,46
-0.09777643,1.00022725,2.290602e-4,65
-0.09777196,1.00028108,2.297997e-4,70
-0.09776673,1.00030646,2.291169e-4,85
-0.09772110,1.00014244,2.327708e-4,57
-0.09770590,1.00018293,2.308454e-4,90
-0.09765739,0.99976259,2.276683e-4,62
-0.09764991,0.99984505,2.302043e-4,77
-0.09764557,1.00040895,2.351517e-4,82
-0.09763915,0.99968467,2.294158e-4,72
-0.09763542,0.99999152,2.301041e-4,67
-0.09761210,1.00011474,2.283493e-4,87
-0.09757915,0.99980750,2.294250e-4,51
-0.09755817,0.99959640,2.334742e-4,45
-0.09755551,0.99977866,2.313734e-4,48
-0.09755374,0.99999326,2.284354e-4,59
-0.09751577,0.99982229,2.302425e-4,79
-0.09750752,0.99982705,2.271572e-4,74
-0.09750084,0.99991047,2.298779e-4,84
-0.09749866,0.99951889,2.277239e-4,69
-0.09746782,0.99989561,2.301212e-4,56
-0.09739399,1.00025179,2.271561e-4,61
-0.09738218,0.99982900,2.318527e-4,53
-0.09737573,0.99990672,2.282577e-4,76
-0.09736479,1.00001539,2.294119e-4,66
-0.09736479,0.99994020,2.302724e-4,71
-0.09734971,1.00002569,2.303561e-4,86
-0.09732628,1.00008829,2.306811e-4,47
-0.09729605,1.00009275,2.304255e-4,58
-0.09727827,0.99981230,2.328171e-4,91
-0.09724263,0.99963460,2.297826e-4,78
-0.09724142,1.00014230,2.283687e-4,63
-0.09723273,0.99995106,2.288276e-4,73
-0.09719181,0.99997907,2.280104e-4,88
-0.09713230,0.99986165,2.274004e-4,60
-0.09710642,1.00029534,2.317393e-4,49
-0.09710122,0.99978473,2.281063e-4,75
-0.09710015,0.99959513,2.308886e-4,46
-0.09709535,1.00055341,2.290834e-4,65
-0.09709099,0.99998192,2.297726e-4,70
-0.09708565,0.99986192,2.290453e-4,85
-0.09704011,1.00020703,2.327830e-4,57
-0.09702472,0.99987964,2.308381e-4,90
-0.09697631,1.00023199,2.277055e-4,62
-0.09696894,0.99962898,2.301483e-4,77
-0.09695817,1.00014661,2.294345e-4,72
-0.09695434,1.00002097,2.301264e-4,67
-0.09693092,0.99967407,2.282880e-4,87
-0.09689816,1.00009746,2.294645e-4,51
-0.09687708,0.99972432,2.334791e-4,45
-0.09687432,1.00012971,2.314244e-4,48
-0.09687256,1.00011802,2.284327e-4,59
-0.09683460,1.00001183,2.303589e-4,79
-0.09681976,0.99978700,2.298040e-4,84
-0.09681758,0.99997905,2.277243e-4,69
-0.09678674,1.00025471,2.301252e-4,56
-0.09671291,0.99990393,2.271183e-4,61
-0.09670099,0.99983069,2.318468e-4,53
-0.09669466,1.00013613,2.282827e-4,76
-0.09668382,1.00032360,2.303075e-4,71
-0.09668372,0.99979026,2.293301e-4,66
-0.09666863,1.00058967,2.304015e-4,86
-0.09666033,0.99977744,2.304832e-4,50
-0.09664519,0.99980567,2.306746e-4,47
-0.09661497,1.00015224,2.304275e-4,58
-0.09659718,1.00006572,2.328791e-4,91
-0.09656155,1.00009916,2.298365e-4,78
-0.09656044,1.00000724,2.283485e-4,63
-0.09655220,1.00024439,2.299275e-4,83
-0.09655165,0.99982420,2.288275e-4,73
-0.09651072,0.99991636,2.280115e-4,88
-0.09645122,1.00021142,2.274579e-4,60
-0.09642533,1.00029256,2.317468e-4,49
-0.09642015,0.99976986,2.280888e-4,75
-0.09641906,0.99976847,2.309569e-4,46
-0.09641417,0.99965567,2.289877e-4,65
-0.09640981,1.00035682,2.298131e-4,70
-0.09640447,1.00027504,2.290652e-4,85
-0.09635893,1.00003487,2.327824e-4,57
-0.09634363,0.99997847,2.308673e-4,90
-0.09629513,0.99962295,2.276412e-4,62
-0.09628332,0.99975903,2.350225e-4,82
-0.09627710,0.99978365,2.293697e-4,72
-0.09627326,0.99977997,2.301117e-4,67
-0.09624984,0.99952830,2.282573e-4,87
-0.09621708,1.00016793,2.294769e-4,51
-0.09619599,1.00002304,2.335071e-4,45
-0.09619324,0.99975247,2.314062e-4,48
-0.09615352,1.00000916,2.302712e-4,79
-0.09614537,1.00013532,2.271769e-4,74
-0.09613859,0.99977369,2.297676e-4,84
-0.09613650,0.99978856,2.277135e-4,69
-0.09610565,0.99971580,2.300450e-4,56
-0.09603173,1.00020489,2.271456e-4,61
-0.09601990,0.99984790,2.318377e-4,53
-0.09601358,0.99987477,2.282495e-4,76
-0.09600264,0.99972197,2.302436e-4,71
-0.09600254,1.00014531,2.293834e-4,66
-0.09598755,1.00007904,2.303510e-4,86
-0.09597924,0.99982748,2.304853e-4,50
-0.09593388,1.00002094,2.304195e-4,58
-0.09591600,1.00017851,2.329326e-4,91
-0.09588047,0.99975383,2.298171e-4,78
-0.09587936,1.00024108,2.283594e-4,63
-0.09587113,0.99999964,2.299076e-4,83
-0.09587067,1.00021940,2.288750e-4,73
-0.09582954,0.99981917,2.280098e-4,88
-0.09577014,1.00001805,2.274638e-4,60
-0.09574414,1.00024720,2.317416e-4,49
-0.09573907,0.99985177,2.280927e-4,75
-0.09573787,1.00017419,2.309907e-4,46
-0.09572873,0.99990641,2.297689e-4,70
-0.09572339,1.00010783,2.289549e-4,85
-0.09567785,0.99995316,2.327892e-4,57
-0.09566245,1.00017166,2.309000e-4,90
-0.09561405,0.99990604,2.276684e-4,62
-0.09560668,1.00052441,2.301470e-4,77
-0.09560224,1.00010464,2.350243e-4,82
-0.09559592,1.00024795,2.293866e-4,72
-0.09559228,1.00020516,2.301727e-4,67
-0.09556876,1.00016988,2.282994e-4,87
-0.09553589,0.99963292,2.294289e-4,51
-0.09551479,0.99995964,2.334811e-4,45
-0.09551215,1.00009722,2.314557e-4,48
-0.09551040,0.99958623,2.283573e-4,59
-0.09547244,1.00020365,2.302977e-4,79
-0.09546419,1.00042449,2.272323e-4,74
-0.09545751,1.00011849,2.297725e-4,84
-0.09545542,1.00014822,2.276999e-4,69
-0.09542467,1.00008243,2.300755e-4,56
-0.09535064,0.99990130,2.271197e-4,61
-0.09533260,1.00018105,2.282778e-4,76
-0.09532156,1.00001534,2.302614e-4,71
-0.09532156,1.00033316,2.294296e-4,66
-0.09530647,0.99996662,2.303358e-4,86
-0.09529815,0.99984170,2.304808e-4,50
-0.09528291,1.00016012,2.306980e-4,47
-0.09525280,1.00021682,2.304391e-4,58
-0.09523492,0.99963121,2.329190e-4,91
-0.09519930,0.99992486,2.298470e-4,78
-0.09519818,1.00001374,2.283269e-4,63
-0.09519005,0.99993468,2.299086e-4,83
-0.09518949,0.99976139,2.288420e-4,73
-0.09514846,0.99999074,2.280345e-4,88
-0.09508906,1.00028924,2.275100e-4,60
-0.09506305,0.99972257,2.317013e-4,49
-0.09505789,0.99977483,2.280726e-4,75
-0.09505201,0.99971468,2.289776e-4,65
-0.09504765,1.00035622,2.298031e-4,70
-0.09504221,0.99955252,2.289658e-4,85
-0.09499667,0.99966772,2.327776e-4,57
-0.09493297,0.99970970,2.276411e-4,62
-0.09492561,0.99980421,2.300357e-4,77
-0.09492106,1.00025241,2.350130e-4,82
-0.09491484,0.99972658,2.293087e-4,72
-0.09491111,1.00010209,2.301869e-4,67
-0.09488768,1.00005911,2.282725e-4,87
-0.09485480,0.99986225,2.294590e-4,51
-0.09483380,1.00029634,2.335130e-4,45
-0.09483096,1.00018459,2.314740e-4,48
-0.09482932,0.99977139,2.283674e-4,59
-0.09478321,1.00038668,2.271934e-4,74
-0.09477633,1.00044439,2.298561e-4,84
-0.09477425,1.00014081,2.277063e-4,69
-0.09474349,0.99985959,2.300398e-4,56
-0.09466956,0.99993167,2.271228e-4,61
-0.09465763,0.99990670,2.318428e-4,53
-0.09465143,1.00042801,2.283062e-4,76
-0.09464048,0.99979979,2.302339e-4,71
-0.09464048,0.99988697,2.293259e-4,66
-0.09462529,1.00021119,2.303543e-4,86
-0.09461697,0.99990411,2.304869e-4,50
-0.09460182,0.99973866,2.306537e-4,47
-0.09457162,0.99996267,2.304186e-4,58
-0.09451710,0.99970433,2.282866e-4,63
-0.09450887,1.00004313,2.299282e-4,83
-0.09450842,1.00016639,2.288886e-4,73
-0.09446748,1.00018031,2.280630e-4,88
-0.09438197,0.99981511,2.317175e-4,49
-0.09437682,1.00022444,2.280827e-4,75
-0.09437569,0.99979701,2.309636e-4,46
-0.09437084,0.99976355,2.289741e-4,65
-0.09436648,1.00022883,2.297808e-4,70
-0.09436113,0.99934538,2.289343e-4,85
-0.09431558,1.00007541,2.328256e-4,57
-0.09430029,1.00021146,2.309253e-4,90
-0.09425199,0.99983699,2.276561e-4,62
-0.09424453,0.99989749,2.299923e-4,77
-0.09423998,1.00004220,2.349628e-4,82
-0.09423376,0.99993888,2.293044e-4,72
-0.09423003,0.99986977,2.301790e-4,67
-0.09420660,1.00004894,2.282552e-4,87
-0.09417372,1.00008289,2.294905e-4,51
-0.09415271,0.99976380,2.334399e-4,45
-0.09414987,0.99978007,2.314571e-4,48
-0.09414823,0.99941965,2.283177e-4,59
-0.09411019,1.00022141,2.303012e-4,79
-0.09410214,0.99984616,2.271521e-4,74
-0.09409525,1.00004867,2.297092e-4,84
-0.09409317,1.00013887,2.276729e-4,69
-0.09406241,1.00014726,2.300689e-4,56
-0.09398838,0.99997992,2.271276e-4,61
-0.09397655,1.00017441,2.318606e-4,53
-0.09397035,1.00025212,2.282848e-4,76
-0.09395940,1.00016809,2.293469e-4,66
-0.09395931,1.00015546,2.302643e-4,71
-0.09394421,1.00010173,2.303367e-4,86
-0.09393588,1.00000240,2.304882e-4,50
-0.09392073,0.99973941,2.306533e-4,47
-0.09387265,1.00006681,2.330741e-4,91
-0.09383714,1.00004706,2.299100e-4,78
-0.09383602,0.99971708,2.282812e-4,63
-0.09382779,0.99991629,2.299252e-4,83
-0.09382734,1.00011596,2.289024e-4,73
-0.09378630,1.00027892,2.280819e-4,88
-0.09372680,1.00032278,2.275558e-4,60
-0.09370088,0.99989481,2.317301e-4,49
-0.09369564,0.99980989,2.280475e-4,75
-0.09369470,1.00003323,2.309926e-4,46
-0.09368986,0.99990249,2.289786e-4,65
-0.09368540,1.00020087,2.297676e-4,70
-0.09368005,0.99951115,2.288549e-4,85
-0.09363450,1.00007815,2.328433e-4,57
-0.09361930,0.99983209,2.309008e-4,90
-0.09357081,0.99997767,2.276651e-4,62
-0.09356335,0.99994055,2.299476e-4,77
-0.09355890,0.99981536,2.349263e-4,82
-0.09355259,1.00000516,2.292887e-4,72
-0.09354895,1.00033155,2.302445e-4,67
-0.09352552,0.99991714,2.282247e-4,87
-0.09349253,1.00020831,2.295155e-4,51
-0.09347152,1.00006329,2.334664e-4,45
-0.09346868,1.00017885,2.315127e-4,48
-0.09346715,1.00035882,2.283938e-4,59
-0.09342921,1.00028666,2.304150e-4,79
-0.09342106,0.99964462,2.271131e-4,74
-0.09341417,1.00044913,2.297203e-4,84
-0.09341209,1.00024495,2.276553e-4,69
-0.09338132,0.99990091,2.300534e-4,56
-0.09330730,0.99979706,2.271077e-4,61
-0.09329536,0.99981860,2.318240e-4,53
-0.09328917,0.99978618,2.282489e-4,76
-0.09327823,1.00031793,2.302717e-4,71
-0.09327822,1.00019338,2.293689e-4,66
-0.09326323,0.99974348,2.302738e-4,86
-0.09320956,0.99975971,2.304034e-4,58
-0.09319167,1.00018470,2.331393e-4,91
-0.09315484,0.99990139,2.282794e-4,63
-0.09314671,0.99986370,2.299306e-4,83
-0.09314616,1.00032040,2.289311e-4,73
-0.09310522,0.99979727,2.280450e-4,88
-0.09304572,1.00012879,2.275512e-4,60
-0.09301969,0.99985583,2.317351e-4,49
-0.09301476,1.00009761,2.280717e-4,75
-0.09301350,0.99994253,2.309790e-4,46
-0.09300878,1.00005299,2.289868e-4,65
-0.09300432,0.99990202,2.297211e-4,70
-0.09299907,0.99994675,2.289744e-4,85
-0.09295332,1.00018610,2.328648e-4,57
-0.09293812,0.99985043,2.309043e-4,90
-0.09288973,0.99991211,2.276628e-4,62
-0.09288227,0.99993309,2.298914e-4,77
-0.09287773,1.00004535,2.349254e-4,82
-0.09287151,1.00042829,2.293118e-4,72
-0.09286777,0.99991642,2.302188e-4,67
-0.09284444,0.99975261,2.281953e-4,87
-0.09281144,1.00002430,2.295040e-4,51
-0.09278769,0.99984836,2.314940e-4,48
-0.09278607,0.99958185,2.283031e-4,59
-0.09274803,0.99988011,2.303812e-4,79
-0.09273988,0.99961448,2.271052e-4,74
-0.09273319,1.00036703,2.296851e-4,84
-0.09273091,1.00026511,2.276408e-4,69
-0.09270014,0.99991176,2.300628e-4,56
-0.09262632,1.00018223,2.271453e-4,61
-0.09261428,0.99983290,2.318167e-4,53
-0.09260809,0.99995739,2.282756e-4,76
-0.09259715,1.00009296,2.302379e-4,71
-0.09259715,1.00047624,2.293896e-4,66
-0.09258205,0.99986209,2.303074e-4,86
-0.09257360,0.99991820,2.304722e-4,50
-0.09255855,1.00005258,2.306825e-4,47
-0.09252837,1.00018228,2.304552e-4,58
-0.09251058,1.00019545,2.332021e-4,91
-0.09247499,0.99978197,2.299088e-4,78
-0.09247376,0.99979045,2.282566e-4,63
-0.09246563,1.00002531,2.299567e-4,83
-0.09246509,0.99952971,2.288695e-4,73
-0.09242414,0.99983811,2.280543e-4,88
-0.09236464,1.00018896,2.275742e-4,60
-0.09233870,1.00032110,2.317851e-4,49
-0.09233359,0.99978675,2.280253e-4,75
-0.09233241,0.99985690,2.309933e-4,46
-0.09232760,1.00019102,2.289873e-4,65
-0.09232314,0.99975434,2.296906e-4,70
-0.09231789,0.99981720,2.289532e-4,85
-0.09227223,0.99988027,2.328575e-4,57
-0.09225704,0.99981646,2.309009e-4,90
-0.09220865,0.99978576,2.276533e-4,62
-0.09220120,0.99971846,2.298194e-4,77
-0.09219675,1.00007126,2.349123e-4,82
-0.09219043,0.99998874,2.292453e-4,72
-0.09218669,0.99990532,2.302378e-4,67
-0.09216326,0.99998169,2.282097e-4,87
-0.09213036,0.99984944,2.295008e-4,51
-0.09210934,1.00005517,2.334271e-4,45
-0.09210660,1.00024238,2.315532e-4,48
-0.09210489,1.00009473,2.283391e-4,59
-0.09206695,0.99980170,2.303278e-4,79
-0.09205880,1.00013879,2.271995e-4,74
-0.09205201,1.00007843,2.296292e-4,84
-0.09204984,0.99993453,2.275993e-4,69
-0.09201906,0.99988145,2.300753e-4,56
-0.09194514,0.99990801,2.271211e-4,61
-0.09193329,0.99998646,2.318343e-4,53
-0.09192702,0.99988672,2.282819e-4,76
-0.09191598,0.99994525,2.302217e-4,71
-0.09191597,0.99987677,2.293607e-4,66
-0.09190097,0.99980047,2.302985e-4,86
-0.09189261,1.00013506,2.304923e-4,50
-0.09187746,1.00006463,2.306848e-4,47
-0.09184729,1.00002999,2.304420e-4,58
-0.09182940,1.00014667,2.332691e-4,91
-0.09179391,0.99990194,2.300043e-4,78
-0.09179268,0.99997149,2.282636e-4,63
-0.09178455,0.99967995,2.299317e-4,83
-0.09178401,1.00030871,2.289929e-4,73
-0.09174296,1.00007672,2.280960e-4,88
-0.09168346,0.99950424,2.275254e-4,60
-0.09165761,1.00014091,2.317779e-4,49
-0.09165251,0.99979642,2.279732e-4,75
-0.09165132,1.00045010,2.310556e-4,46
-0.09164652,0.99948461,2.289027e-4,65
-0.09163681,0.99982111,2.289501e-4,85
-0.09159125,1.00003813,2.328926e-4,57
-0.09152747,0.99995291,2.276709e-4,62
-0.09152012,1.00014685,2.297982e-4,77
-0.09151567,1.00009186,2.349049e-4,82
-0.09150926,1.00012545,2.292408e-4,72
-0.09150552,1.00005657,2.302714e-4,67
-0.09148218,0.99991715,2.281811e-4,87
-0.09144937,1.00010044,2.295332e-4,51
-0.09142824,0.99992781,2.333979e-4,45
-0.09142551,1.00007938,2.315619e-4,48
-0.09142381,1.00007169,2.283192e-4,59
-0.09138588,1.00011614,2.304146e-4,79
-0.09137763,0.99968085,2.271074e-4,74
-0.09137093,1.00028696,2.297077e-4,84
-0.09136886,1.00001243,2.276119e-4,69
-0.09133797,0.99981091,2.300929e-4,56
-0.09126406,0.99987083,2.271159e-4,61
-0.09125221,1.00010660,2.318393e-4,53
-0.09124584,0.99997976,2.283025e-4,76
-0.09123500,0.99968754,2.301919e-4,71
-0.09123489,1.00006173,2.293118e-4,66
-0.09121989,1.00021374,2.303312e-4,86
-0.09121153,1.00044336,2.305106e-4,50
-0.09116621,0.99953340,2.304016e-4,58
-0.09114832,1.00018385,2.333412e-4,91
-0.09111273,0.99984248,2.300441e-4,78
-0.09111160,1.00006626,2.282638e-4,63
-0.09110347,1.00046697,2.300198e-4,83
-0.09110283,1.00034997,2.289738e-4,73
-0.09106187,1.00008848,2.281003e-4,88
-0.09100248,0.99998508,2.275894e-4,60
-0.09097642,1.00026343,2.317951e-4,49
-0.09097133,1.00004417,2.280263e-4,75
-0.09097013,1.00022496,2.310372e-4,46
-0.09096544,0.99986327,2.289305e-4,65
-0.09096109,0.99996439,2.296562e-4,70
-0.09095563,0.99991446,2.288790e-4,85
-0.09091007,0.99999682,2.329076e-4,57
-0.09089477,0.99991198,2.309064e-4,90
-0.09083904,1.00023184,2.297472e-4,77
-0.09083459,1.00029861,2.349147e-4,82
-0.09082828,1.00025076,2.292416e-4,72
-0.09082444,0.99992284,2.302781e-4,67
-0.09080110,0.99992733,2.281672e-4,87
-0.09076818,1.00033469,2.295636e-4,51
-0.09074705,0.99995272,2.333862e-4,45
-0.09074432,1.00002055,2.315650e-4,48
-0.09074273,0.99934888,2.282357e-4,59
-0.09070470,1.00018124,2.303361e-4,79
-0.09069655,0.99973960,2.271509e-4,74
-0.09068975,1.00035192,2.296891e-4,84
-0.09068778,1.00027827,2.275959e-4,69
-0.09057102,0.99999015,2.318193e-4,53
-0.09056476,1.00008936,2.283252e-4,76
-0.09055392,0.99977086,2.301912e-4,71
-0.09055381,0.99962954,2.292715e-4,66
-0.09053871,0.99978541,2.302547e-4,86
-0.09051518,1.00018345,2.306940e-4,47
-0.09048503,1.00012759,2.304686e-4,58
-0.09043165,0.99990039,2.300934e-4,78
-0.09043052,1.00004721,2.282516e-4,63
-0.09042239,1.00021818,2.300103e-4,83
-0.09042186,0.99984478,2.289731e-4,73
-0.09038079,1.00012575,2.281123e-4,88
-0.09032139,0.99971860,2.275691e-4,60
-0.09029534,1.00015557,2.317956e-4,49
-0.09029025,1.00010497,2.280161e-4,75
-0.09028904,1.00011758,2.310011e-4,46
-0.09028426,0.99986322,2.289170e-4,65
-0.09028001,0.99925949,2.295579e-4,70
-0.09027455,1.00021788,2.289956e-4,85
-0.09022899,0.99985790,2.329068e-4,57
-0.09021369,1.00031170,2.309449e-4,90
-0.09016531,0.99954449,2.276475e-4,62
-0.09015796,1.00025417,2.296906e-4,77
-0.09015341,1.00039665,2.349203e-4,82
-0.09014720,0.99995747,2.292013e-4,72
-0.09014346,0.99990482,2.302989e-4,67
-0.09011992,0.99997449,2.281616e-4,87
-0.09008709,0.99989460,2.295376e-4,51
-0.09006596,0.99986019,2.333555e-4,45
-0.09006323,0.99984010,2.315678e-4,48
-0.09006155,1.00030067,2.283129e-4,59
-0.09002362,0.99996456,2.304094e-4,79
-0.09001547,1.00032552,2.271865e-4,74
-0.09000867,1.00004769,2.295563e-4,84
-0.08997581,1.00019934,2.301869e-4,56
-0.08988994,0.99978085,2.318077e-4,53
-0.08988379,1.00012056,2.283335e-4,76
-0.08987283,0.99993256,2.292905e-4,66
-0.08987274,0.99957567,2.301682e-4,71
-0.08985763,1.00030543,2.303134e-4,86
-0.08984925,1.00048550,2.305188e-4,50
-0.08983409,1.00060680,2.307334e-4,47
-0.08980395,1.00014318,2.304789e-4,58
-0.08978605,1.00015699,2.334788e-4,91
-0.08974944,0.99999698,2.282376e-4,63
-0.08974122,1.00048821,2.300465e-4,83
-0.08974078,1.00031132,2.289968e-4,73
-0.08964021,0.99993228,2.276037e-4,60
-0.08961425,1.00007493,2.317981e-4,49
-0.08960918,1.00000964,2.279933e-4,75
-0.08960785,0.99978821,2.310108e-4,46
-0.08960318,1.00004674,2.289216e-4,65
-0.08959884,1.00038861,2.296376e-4,70
-0.08959347,1.00006965,2.289858e-4,85
-0.08954790,1.00031923,2.329693e-4,57
-0.08953261,1.00034416,2.309427e-4,90
-0.08948413,1.00008761,2.277084e-4,62
-0.08947689,0.99974379,2.295776e-4,77
-0.08947233,0.99968672,2.348484e-4,82
-0.08946602,1.00037816,2.292260e-4,72
-0.08946238,0.99994043,2.303189e-4,67
-0.08943883,0.99990343,2.281400e-4,87
-0.08940601,0.99955995,2.295059e-4,51
-0.08938497,0.99985989,2.333390e-4,45
-0.08938056,1.00030487,2.282903e-4,59
-0.08934254,1.00000466,2.304206e-4,79
-0.08933450,1.00003700,2.271742e-4,74
-0.08932553,0.99980969,2.275150e-4,69
-0.08929472,0.99995596,2.301946e-4,56
-0.08920875,1.00032956,2.318545e-4,53
-0.08920261,0.99971495,2.283156e-4,76
-0.08919167,1.00019996,2.302240e-4,71
-0.08919165,1.00016507,2.293690e-4,66
-0.08917655,1.00007024,2.302992e-4,86
-0.08916816,0.99993132,2.304536e-4,50
-0.08915300,1.00003335,2.306715e-4,47
-0.08912286,1.00000861,2.304751e-4,58
-0.08910497,0.99989319,2.335375e-4,91
-0.08906950,0.99999896,2.302044e-4,78
-0.08906826,1.00009723,2.282372e-4,63
-0.08906014,0.99971758,2.299818e-4,83
-0.08905960,1.00036063,2.290149e-4,73
-0.08901853,0.99989684,2.281034e-4,88
-0.08895913,1.00019739,2.276337e-4,60
-0.08893306,1.00001696,2.318012e-4,49
-0.08892800,1.00010181,2.279866e-4,75
-0.08892676,0.99983141,2.309853e-4,46
-0.08891776,1.00007152,2.295758e-4,70
-0.08886672,0.99983561,2.329402e-4,57
-0.08885153,1.00011020,2.309118e-4,90
-0.08880315,1.00006442,2.277177e-4,62
-0.08879571,1.00028727,2.295704e-4,77
-0.08879125,1.00000341,2.348843e-4,82
-0.08878495,0.99971169,2.291573e-4,72
-0.08878120,0.99994546,2.303390e-4,67
-0.08875785,0.99989030,2.281305e-4,87
-0.08872482,0.99959522,2.295233e-4,51
-0.08870378,1.00004785,2.333399e-4,45
-0.08870095,0.99955286,2.315718e-4,48
-0.08869948,1.00018697,2.282693e-4,59
-0.08866137,1.00040002,2.304638e-4,79
-0.08865332,0.99978335,2.271135e-4,74
-0.08864641,0.99970318,2.294813e-4,84
-0.08864435,1.00001233,2.275509e-4,69
-0.08861354,1.00002409,2.302437e-4,56
-0.08852767,1.00020366,2.318361e-4,53
-0.08852153,0.99993766,2.283685e-4,76
-0.08851059,0.99996747,2.301928e-4,71
-0.08851058,0.99993316,2.292898e-4,66
-0.08849547,0.99992176,2.302754e-4,86
-0.08848698,0.99973938,2.304337e-4,50
-0.08847181,1.00008738,2.306722e-4,47
-0.08844168,1.00016311,2.304995e-4,58
-0.08842378,1.00009490,2.336346e-4,91
-0.08838832,0.99972466,2.302314e-4,78
-0.08838718,0.99985483,2.282079e-4,63
-0.08837896,0.99964670,2.299899e-4,83
-0.08837852,0.99976405,2.289641e-4,73
-0.08833755,0.99976298,2.280958e-4,88
-0.08827805,0.99963606,2.275832e-4,60
-0.08825197,1.00016499,2.318237e-4,49
-0.08824692,1.00030512,2.279957e-4,75
-0.08824577,0.99975824,2.310238e-4,46
-0.08824113,0.99975474,2.288716e-4,65
-0.08823658,1.00016124,2.295419e-4,70
-0.08823121,0.99986088,2.289851e-4,85
-0.08818564,0.99950277,2.329233e-4,57
-0.08817044,1.00013985,2.309077e-4,90
-0.08812207,0.99971464,2.276949e-4,62
-0.08811463,1.00044079,2.295249e-4,77
-0.08811008,0.99964766,2.347747e-4,82
-0.08810387,1.00025971,2.292063e-4,72
-0.08810012,0.99991610,2.303502e-4,67
-0.08807677,0.99998665,2.281284e-4,87
-0.08804373,0.99987612,2.295598e-4,51
-0.08802269,0.99993609,2.333089e-4,45
-0.08801986,1.00020179,2.316561e-4,48
-0.08801830,1.00023437,2.282538e-4,59
-0.08798039,1.00022816,2.303590e-4,79
-0.08797224,1.00028365,2.272003e-4,74
-0.08796533,1.00015405,2.295063e-4,84
-0.08796327,0.99985571,2.275242e-4,69
-0.08793246,0.99977006,2.302603e-4,56
-0.08784045,1.00026894,2.284090e-4,76
-0.08782941,1.00004865,2.301973e-4,71
-0.08782940,1.00003323,2.292921e-4,66
-0.08781439,1.00033002,2.302779e-4,86
-0.08780589,1.00038540,2.304890e-4,50
-0.08779072,1.00051772,2.307136e-4,47
-0.08776060,0.99969695,2.304599e-4,58
-0.08774280,0.99976580,2.336817e-4,91
-0.08770725,0.99963807,2.302759e-4,78
-0.08770610,0.99969498,2.281831e-4,63
-0.08769788,1.00016053,2.300488e-4,83
-0.08769745,0.99983213,2.289880e-4,73
-0.08765647,0.99987913,2.281168e-4,88
-0.08759687,0.99975723,2.276039e-4,60
-0.08757088,1.00006928,2.318245e-4,49
-0.08756595,0.99992954,2.279395e-4,75
-0.08756468,0.99979068,2.310353e-4,46
-0.08755995,1.00009490,2.288866e-4,65
-0.08755550,0.99944631,2.294487e-4,70
-0.08755023,0.99987854,2.290088e-4,85
-0.08750456,1.00001590,2.329899e-4,57
-0.08748936,0.99991477,2.308801e-4,90
-0.08744099,0.99970477,2.277094e-4,62
-0.08743356,0.99971655,2.293973e-4,77
-0.08742900,0.99992821,2.348887e-4,82
-0.08742269,1.00011327,2.291947e-4,72
-0.08741895,0.99983426,2.303577e-4,67
-0.08736265,1.00001329,2.295801e-4,51
-0.08734159,1.00009814,2.333083e-4,45
-0.08733888,1.00010213,2.316604e-4,48
-0.08733722,0.99985555,2.281879e-4,59
-0.08729931,0.99990648,2.303280e-4,79
-0.08729107,1.00001154,2.271371e-4,74
-0.08728436,1.00039477,2.295074e-4,84
-0.08728219,1.00027007,2.275522e-4,69
-0.08725137,1.00017899,2.303389e-4,56
-0.08716549,1.00002064,2.318168e-4,53
-0.08715928,1.00000926,2.283913e-4,76
-0.08714833,1.00018120,2.302077e-4,71
-0.08713331,0.99991262,2.302568e-4,86
-0.08712470,0.99953716,2.304059e-4,50
-0.08712151,1.00006518,2.443919e-4,44
-0.08710973,0.99973602,2.306343e-4,47
-0.08707962,1.00027311,2.305316e-4,58
-0.08706172,0.99955007,2.337401e-4,91
-0.08702617,1.00015733,2.303840e-4,78
-0.08702502,1.00005137,2.282123e-4,63
-0.08701690,0.99992246,2.300397e-4,83
-0.08701627,1.00008914,2.290212e-4,73
-0.08691579,1.00002371,2.276320e-4,60
-0.08688979,0.99976219,2.318054e-4,49
-0.08688477,1.00019751,2.279523e-4,75
-0.08688349,1.00009232,2.310527e-4,46
-0.08687887,1.00002973,2.288698e-4,65
-0.08687443,1.00006986,2.294658e-4,70
-0.08686915,1.00002351,2.290429e-4,85
-0.08682337,1.00029754,2.330312e-4,57
-0.08680828,0.99989408,2.308688e-4,90
-0.08675981,1.00012997,2.277642e-4,62
-0.08675238,0.99993389,2.293574e-4,77
-0.08674802,0.99979886,2.348438e-4,82
-0.08674162,0.99991091,2.291742e-4,72
-0.08671451,1.00016342,2.281240e-4,87
-0.08668146,0.99970632,2.295534e-4,51
-0.08666040,0.99996625,2.332677e-4,45
-0.08665769,1.00022295,2.316919e-4,48
-0.08661823,0.99981401,2.303231e-4,79
-0.08660999,0.99994797,2.271660e-4,74
-0.08660328,1.00004445,2.294574e-4,84
-0.08660102,1.00010974,2.275231e-4,69
-0.08657029,1.00031741,2.304020e-4,56
-0.08648441,1.00013386,2.318206e-4,53
-0.08647820,0.99974471,2.284095e-4,76
-0.08646726,1.00032589,2.302143e-4,71
-0.08646724,1.00009743,2.292932e-4,66
-0.08645223,0.99998174,2.302312e-4,86
-0.08644371,0.99968009,2.304153e-4,50
-0.08642854,1.00005128,2.306552e-4,47
-0.08639844,1.00007243,2.305204e-4,58
-0.08638053,1.00010840,2.338742e-4,91
-0.08634384,0.99996660,2.282039e-4,63
-0.08633582,0.99962576,2.300185e-4,83
-0.08633519,0.99985425,2.290129e-4,73
-0.08629421,0.99994464,2.281236e-4,88
-0.08623471,0.99989765,2.276154e-4,60
-0.08620871,1.00010316,2.318450e-4,49
-0.08620369,0.99983887,2.279007e-4,75
-0.08620240,0.99994189,2.310475e-4,46
-0.08619769,1.00023121,2.288774e-4,65
-0.08619345,1.00002063,2.294105e-4,70
-0.08614239,1.00000327,2.330202e-4,57
-0.08612710,0.99980802,2.308525e-4,90
-0.08607873,0.99982241,2.277469e-4,62
-0.08607130,0.99965279,2.292726e-4,77
-0.08606684,1.00016513,2.349290e-4,82
-0.08606044,0.99984409,2.291717e-4,72
-0.08605679,1.00003184,2.304046e-4,67
-0.08603333,0.99963817,2.280701e-4,87
-0.08597931,1.00023645,2.332727e-4,45
-0.08597660,0.99971127,2.316615e-4,48
-0.08597496,0.99975743,2.281441e-4,59
-0.08593705,1.00010361,2.304536e-4,79
-0.08592891,0.99954784,2.271189e-4,74
-0.08592210,1.00016924,2.294502e-4,84
-0.08592004,0.99960595,2.274457e-4,69
-0.08588911,0.99993664,2.304162e-4,56
-0.08580332,0.99973617,2.317868e-4,53
-0.08579712,0.99993097,2.284547e-4,76
-0.08578618,1.00000771,2.301854e-4,71
-0.08578606,0.99961153,2.292449e-4,66
-0.08577105,0.99987198,2.302195e-4,86
-0.08576263,1.00024797,2.304697e-4,50
-0.08575942,0.99992323,2.443983e-4,44
-0.08574745,0.99981017,2.306251e-4,47
-0.08571735,1.00015185,2.305398e-4,58
-0.08569945,1.00029218,2.339777e-4,91
-0.08566401,1.00007077,2.304940e-4,78
-0.08566287,1.00026699,2.282289e-4,63
-0.08565464,0.99994477,2.300661e-4,83
-0.08565402,0.99989498,2.290270e-4,73
-0.08561312,1.00047889,2.281787e-4,88
-0.08555363,1.00002248,2.276306e-4,60
-0.08552762,0.99984134,2.318307e-4,49
-0.08552262,0.99994000,2.278958e-4,75
-0.08552120,0.99976971,2.310594e-4,46
-0.08551661,1.00046098,2.288854e-4,65
-0.08551227,1.00021504,2.293887e-4,70
-0.08550689,0.99992672,2.290855e-4,85
-0.08546131,0.99984420,2.330164e-4,57
-0.08544601,0.99998809,2.308669e-4,90
-0.08539765,1.00002113,2.277854e-4,62
-0.08539032,0.99988775,2.292396e-4,77
-0.08538576,0.99972807,2.348338e-4,82
-0.08537946,1.00034311,2.292303e-4,72
-0.08537561,0.99989629,2.304028e-4,67
-0.08535225,1.00003383,2.280993e-4,87
-0.08531939,0.99960584,2.295609e-4,51
-0.08529822,1.00015344,2.332548e-4,45
-0.08529551,1.00023589,2.317182e-4,48
-0.08529387,0.99999029,2.281463e-4,59
-0.08525598,1.00002968,2.304488e-4,79
-0.08524773,0.99974608,2.271055e-4,74
-0.08524102,1.00025986,2.294440e-4,84
-0.08523896,1.00048949,2.275278e-4,69
-0.08520802,0.99975853,2.304509e-4,56
-0.08512224,1.00016359,2.318257e-4,53
-0.08511605,1.00012254,2.285098e-4,76
-0.08510510,1.00000921,2.301762e-4,71
-0.08510498,0.99974583,2.292542e-4,66
-0.08508997,1.00019688,2.302335e-4,86
-0.08508154,0.99985770,2.304203e-4,50
-0.08507823,1.00029063,2.444181e-4,44
-0.08506636,0.99954516,2.305898e-4,47
-0.08503627,1.00022792,2.305560e-4,58
-0.08501837,0.99988436,2.340130e-4,91
-0.08498294,1.00034048,2.305795e-4,78
-0.08498169,1.00000383,2.282002e-4,63
-0.08497356,1.00002110,2.300813e-4,83
-0.08497304,0.99972352,2.290200e-4,73
-0.08493194,0.99999427,2.281340e-4,88
-0.08487255,0.99985634,2.276046e-4,60
-0.08484653,1.00004442,2.318529e-4,49
-0.08484144,0.99995088,2.278854e-4,75
-0.08484011,0.99992968,2.310835e-4,46
-0.08483553,1.00006481,2.288365e-4,65
-0.08483119,0.99988883,2.293161e-4,70
-0.08482582,1.00028070,2.291156e-4,85
-0.08478013,0.99969067,2.330124e-4,57
-0.08476493,1.00015783,2.308781e-4,90
-0.08471647,1.00030802,2.278322e-4,62
-0.08470915,0.99998438,2.291926e-4,77
-0.08470468,1.00016168,2.349618e-4,82
-0.08469463,1.00035510,2.304622e-4,67
-0.08463820,1.00001225,2.296044e-4,51
-0.08461703,0.99979625,2.331976e-4,45
-0.08461432,1.00014938,2.317314e-4,48
-0.08461279,1.00011604,2.281407e-4,59
-0.08457480,0.99996767,2.303971e-4,79
-0.08456666,1.00015081,2.271801e-4,74
-0.08455778,1.00011568,2.274909e-4,69
-0.08452704,1.00051221,2.305732e-4,56
-0.08444105,1.00005744,2.318127e-4,53
-0.08443497,0.99967255,2.284810e-4,76
-0.08442403,0.99998920,2.301717e-4,71
-0.08442391,0.99993368,2.292685e-4,66
-0.08440889,1.00000178,2.301969e-4,86
-0.08440035,0.99983158,2.304137e-4,50
-0.08439714,1.00043499,2.444293e-4,44
-0.08438517,0.99982267,2.306136e-4,47
-0.08435509,0.99986453,2.305301e-4,58
-0.08433718,0.99938139,2.340451e-4,91
-0.08430176,1.00011989,2.306169e-4,78
-0.08430061,0.99986756,2.281878e-4,63
-0.08429239,0.99966253,2.300589e-4,83
-0.08429196,1.00035172,2.290927e-4,73
-0.08425086,1.00014019,2.281457e-4,88
-0.08419147,1.00050781,2.276668e-4,60
-0.08416534,1.00030061,2.318995e-4,49
-0.08415902,1.00015022,2.310793e-4,46
-0.08415436,0.99968583,2.287890e-4,65
-0.08415002,0.99996769,2.292819e-4,70
-0.08414464,0.99975986,2.291471e-4,85
-0.08409904,0.99994142,2.330499e-4,57
-0.08408375,0.99989896,2.308504e-4,90
-0.08403539,0.99982374,2.278035e-4,62
-0.08402807,0.99969477,2.291097e-4,77
-0.08402351,0.99983987,2.349486e-4,82
-0.08401731,0.99986523,2.292082e-4,72
-0.08401356,1.00012453,2.304515e-4,67
-0.08398999,1.00020778,2.281054e-4,87
-0.08395711,1.00038176,2.296422e-4,51
-0.08393603,0.99975052,2.331688e-4,45
-0.08393323,0.99966560,2.316954e-4,48
-0.08393181,1.00021129,2.281261e-4,59
-0.08389372,0.99960254,2.303158e-4,79
-0.08388568,1.00013928,2.271729e-4,74
-0.08387876,0.99990731,2.294137e-4,84
-0.08384586,0.99997611,2.305723e-4,56
-0.08375997,1.00018618,2.318165e-4,53
-0.08375389,1.00002427,2.285420e-4,76
-0.08374293,1.00019167,2.292931e-4,66
-0.08374285,0.99989809,2.301591e-4,71
-0.08372771,1.00037299,2.302100e-4,86
-0.08371926,0.99999258,2.304313e-4,50
-0.08371604,1.00018012,2.443933e-4,44
-0.08370408,1.00002669,2.306325e-4,47
-0.08367401,0.99980717,2.305351e-4,58
-0.08365610,1.00014563,2.341961e-4,91
-0.08361953,1.00011706,2.282106e-4,63
-0.08361131,1.00072296,2.301720e-4,83
-0.08361088,1.00041578,2.291059e-4,73
-0.08356978,0.99971927,2.281048e-4,88
-0.08351029,0.99987725,2.275957e-4,60
-0.08348425,0.99996576,2.318761e-4,49
-0.08347918,0.99987548,2.278455e-4,75
-0.08347793,0.99976535,2.310552e-4,46
-0.08347328,0.99986859,2.287930e-4,65
-0.08346894,1.00010383,2.292501e-4,70
-0.08346356,1.00003655,2.292121e-4,85
-0.08341796,1.00017733,2.330776e-4,57
-0.08340267,1.00023551,2.308775e-4,90
-0.08335441,1.00012563,2.278535e-4,62
-0.08334699,1.00021636,2.291107e-4,77
-0.08334243,0.99996986,2.349793e-4,82
-0.08333613,0.99978040,2.292132e-4,72
-0.08333238,1.00027357,2.304709e-4,67
-0.08330891,0.99977934,2.280578e-4,87
-0.08327603,0.99982400,2.296000e-4,51
-0.08325494,0.99991672,2.331679e-4,45
-0.08325214,1.00004602,2.317455e-4,48
-0.08325063,0.99993889,2.280839e-4,59
-0.08321254,0.99992063,2.303494e-4,79
-0.08320450,1.00016552,2.271730e-4,74
-0.08319768,1.00016549,2.293837e-4,84
-0.08319563,1.00010313,2.274690e-4,69
-0.08316477,1.00016831,2.306487e-4,56
-0.08307888,1.00008318,2.318153e-4,53
-0.08307271,1.00021196,2.285839e-4,76
-0.08306177,1.00003284,2.301666e-4,71
-0.08306175,1.00045438,2.293149e-4,66
-0.08304663,1.00036542,2.301876e-4,86
-0.08303808,0.99973332,2.303933e-4,50
-0.08303485,0.99955561,2.443190e-4,44
-0.08302299,1.00031988,2.306488e-4,47
-0.08299283,0.99987617,2.305510e-4,58
-0.08297502,1.00028683,2.342837e-4,91
-0.08293960,0.99946113,2.306700e-4,78
-0.08293845,1.00046006,2.282476e-4,63
-0.08293023,1.00017176,2.301292e-4,83
-0.08292971,0.99963724,2.290437e-4,73
-0.08288880,0.99993632,2.281180e-4,88
-0.08282920,1.00027868,2.276260e-4,60
-0.08280316,1.00001456,2.318842e-4,49
-0.08279811,0.99981077,2.278161e-4,75
-0.08279684,1.00043511,2.311725e-4,46
-0.08279230,1.00040928,2.288388e-4,65
-0.08278786,0.99976289,2.291741e-4,70
-0.08278248,0.99987557,2.292403e-4,85
-0.08273678,1.00035649,2.331017e-4,57
-0.08272168,1.00006995,2.308638e-4,90
-0.08267323,0.99980681,2.278470e-4,62
-0.08266592,0.99985162,2.290252e-4,77
-0.08266135,1.00008999,2.349364e-4,82
-0.08265505,0.99990868,2.292391e-4,72
-0.08265130,0.99983136,2.304360e-4,67
-0.08262793,1.00030179,2.281131e-4,87
-0.08259484,0.99994550,2.296103e-4,51
-0.08257375,1.00039678,2.331978e-4,45
-0.08257095,1.00020988,2.317737e-4,48
-0.08256955,0.99985325,2.280599e-4,59
-0.08253167,1.00012901,2.304682e-4,79
-0.08252343,0.99979555,2.271318e-4,74
-0.08251650,0.99982154,2.293353e-4,84
-0.08251445,1.00010742,2.274578e-4,69
-0.08248369,0.99993467,2.306797e-4,56
-0.08240972,0.99997900,2.271217e-4,61
-0.08239164,1.00017813,2.286085e-4,76
-0.08238069,1.00034125,2.301950e-4,71
-0.08238067,1.00030372,2.293014e-4,66
-0.08236565,1.00011407,2.301117e-4,86
-0.08235699,1.00004416,2.304221e-4,50
-0.08234180,0.99977657,2.305987e-4,47
-0.08231174,0.99962628,2.305356e-4,58
-0.08229404,1.00033645,2.343672e-4,91
-0.08225843,0.99981136,2.307625e-4,78
-0.08225727,0.99986392,2.281944e-4,63
-0.08224905,0.99997347,2.301211e-4,83
-0.08224863,1.00010986,2.290991e-4,73
-0.08220762,1.00014244,2.281343e-4,88
-0.08214812,0.99996222,2.275871e-4,60
-0.08212197,1.00003346,2.318973e-4,49
-0.08211713,1.00020507,2.278435e-4,75
-0.08211575,0.99998090,2.311383e-4,46
-0.08211112,1.00055013,2.288419e-4,65
-0.08210668,1.00031753,2.291906e-4,70
-0.08210140,1.00023061,2.292428e-4,85
-0.08205569,1.00010718,2.330803e-4,57
-0.08204050,1.00014493,2.308681e-4,90
-0.08199215,0.99974011,2.278617e-4,62
-0.08198474,0.99975619,2.289638e-4,77
-0.08197388,0.99995559,2.292657e-4,72
-0.08197022,1.00033255,2.304880e-4,67
-0.08194675,1.00000629,2.280837e-4,87
-0.08191375,0.99963891,2.295842e-4,51
-0.08189266,0.99977315,2.331270e-4,45
-0.08188996,0.99989007,2.317579e-4,48
-0.08188837,0.99996660,2.280504e-4,59
-0.08185049,1.00001276,2.304550e-4,79
-0.08184235,1.00014558,2.271674e-4,74
-0.08183552,1.00013196,2.293548e-4,84
-0.08183337,0.99966615,2.274108e-4,69
-0.08180251,1.00007796,2.307485e-4,56
-0.08172874,1.00004474,2.271298e-4,61
-0.08171661,1.00012960,2.318070e-4,53
-0.08171056,0.99991260,2.286089e-4,76
-0.08169952,0.99992992,2.301487e-4,71
-0.08169949,0.99999856,2.292966e-4,66
-0.08168447,0.99986119,2.300850e-4,86
-0.08167590,0.99988173,2.303982e-4,50
-0.08167267,1.00029455,2.443183e-4,44
-0.08166081,1.00009867,2.306273e-4,47
-0.08163076,1.00013541,2.305962e-4,58
-0.08161285,1.00020082,2.344263e-4,91
-0.08157735,1.00022678,2.308546e-4,78
-0.08157619,0.99998333,2.282111e-4,63
-0.08156807,0.99984792,2.301102e-4,83
-0.08156745,0.99984101,2.291229e-4,73
-0.08152654,1.00002134,2.281141e-4,88
-0.08146694,0.99984727,2.275615e-4,60
-0.08144099,1.00042832,2.319472e-4,49
-0.08143605,1.00040018,2.278513e-4,75
-0.08143466,1.00023611,2.311724e-4,46
-0.08143004,0.99950168,2.287306e-4,65
-0.08142561,0.99971594,2.290927e-4,70
-0.08142032,1.00037635,2.293992e-4,85
-0.08137461,0.99983871,2.330609e-4,57
-0.08135942,0.99995409,2.308485e-4,90
-0.08131107,1.00025492,2.279364e-4,62
-0.08130366,1.00035368,2.289767e-4,77
-0.08129919,1.00013073,2.350636e-4,82
-0.08129280,1.00012640,2.293046e-4,72
-0.08128904,0.99988409,2.304497e-4,67
-0.08126567,1.00020955,2.281013e-4,87
-0.08123267,1.00030939,2.296485e-4,51
-0.08121157,0.99978493,2.331049e-4,45
-0.08120887,1.00016232,2.317856e-4,48
-0.08120729,1.00031729,2.280717e-4,59
-0.08116941,0.99990024,2.303921e-4,79
-0.08116117,1.00011407,2.271626e-4,74
-0.08115444,1.00005039,2.293338e-4,84
-0.08115230,1.00009556,2.274426e-4,69
-0.08112142,1.00003358,2.307986e-4,56
-0.08104766,0.99963245,2.270857e-4,61
-0.08103563,1.00009140,2.318049e-4,53
-0.08102948,1.00007508,2.286292e-4,76
-0.08101844,0.99957710,2.301125e-4,71
-0.08101841,1.00028645,2.292990e-4,66
-0.08100339,1.00001610,2.300747e-4,86
-0.08099491,1.00001368,2.304082e-4,50
-0.08099157,0.99977813,2.442282e-4,44
-0.08097972,1.00008105,2.306115e-4,47
-0.08094968,0.99960634,2.305563e-4,58
-0.08093177,1.00000224,2.344723e-4,91
-0.08089637,0.99986215,2.309202e-4,78
-0.08089511,1.00026912,2.282472e-4,63
-0.08088699,1.00027968,2.301674e-4,83
-0.08088638,1.00025597,2.291379e-4,73
-0.08084545,0.99983054,2.280900e-4,88
-0.08078586,0.99994243,2.275587e-4,60
-0.08075990,0.99999816,2.319141e-4,49
-0.08075488,0.99994369,2.277886e-4,75
-0.08075347,0.99969388,2.311328e-4,46
-0.08074896,1.00015071,2.287845e-4,65
-0.08074453,0.99977421,2.290553e-4,70
-0.08073924,0.99991730,2.294038e-4,85
-0.08069353,0.99989896,2.330607e-4,57
-0.08067834,0.99985930,2.308440e-4,90
-0.08062989,0.99981005,2.279198e-4,62
-0.08062258,0.99991654,2.288959e-4,77
-0.08061811,0.99976503,2.350480e-4,82
-0.08061172,1.00042706,2.293552e-4,72
-0.08060797,0.99994747,2.304496e-4,67
-0.08058459,1.00032922,2.281145e-4,87
-0.08055168,1.00030546,2.296452e-4,51
-0.08053038,0.99984705,2.330982e-4,45
-0.08052768,1.00013301,2.317990e-4,48
-0.08052620,1.00017634,2.280394e-4,59
-0.08048823,1.00006395,2.304513e-4,79
-0.08048010,1.00000591,2.271306e-4,74
-0.08047326,1.00004619,2.293196e-4,84
-0.08047112,0.99986852,2.273832e-4,69
-0.08044034,0.99992880,2.308348e-4,56
-0.08036648,1.00001260,2.271208e-4,61
-0.08035444,0.99992483,2.317776e-4,53
-0.08034831,1.00013765,2.286746e-4,76
-0.08033746,0.99999840,2.301503e-4,71
-0.08033734,1.00031463,2.293307e-4,66
-0.08032231,0.99993170,2.300342e-4,86
-0.08031372,1.00050947,2.304510e-4,50
-0.08031048,1.00044958,2.442327e-4,44
-0.08029853,0.99943165,2.305460e-4,47
-0.08026850,0.99995307,2.305994e-4,58
-0.08025059,0.99980147,2.345192e-4,91
-0.08021519,1.00005984,2.309435e-4,78
-0.08021403,1.00014099,2.282462e-4,63
-0.08020581,0.99974670,2.301211e-4,83
-0.08020530,0.99968088,2.291061e-4,73
-0.08016427,1.00034885,2.281275e-4,88
-0.08010488,1.00012028,2.275636e-4,60
-0.08007380,1.00010613,2.277925e-4,75
-0.08007238,1.00018031,2.311966e-4,46
-0.08006788,0.99980375,2.287435e-4,65
-0.08006345,0.99982352,2.290370e-4,70
-0.08001245,1.00028771,2.330963e-4,57
-0.07999715,1.00016692,2.308823e-4,90
-0.07994881,1.00026332,2.279975e-4,62
-0.07994151,1.00049709,2.289092e-4,77
-0.07993703,0.99981220,2.350406e-4,82
-0.07993074,1.00004533,2.293459e-4,72
-0.07992689,0.99990625,2.304496e-4,67
-0.07990340,1.00031677,2.281144e-4,87
-0.07987049,0.99996566,2.296126e-4,51
-0.07984928,1.00012264,2.331058e-4,45
-0.07984502,1.00043248,2.280493e-4,59
-0.07980716,0.99994930,2.303398e-4,79
-0.07979902,1.00010318,2.271512e-4,74
-0.07979218,0.99985310,2.292873e-4,84
-0.07979014,1.00008354,2.274232e-4,69
-0.07968540,1.00007667,2.271286e-4,61
-0.07967336,1.00010807,2.317927e-4,53
-0.07966723,1.00014303,2.286793e-4,76
-0.07965629,0.99980336,2.301249e-4,71
-0.07965626,0.99984957,2.292584e-4,66
-0.07964113,0.99983537,2.299981e-4,86
-0.07963264,0.99980645,2.303783e-4,50
-0.07962939,1.00013060,2.441450e-4,44
-0.07961744,0.99971193,2.305673e-4,47
-0.07958741,0.99978138,2.305871e-4,58
-0.07956950,0.99980257,2.345763e-4,91
-0.07953412,1.00033130,2.310212e-4,78
-0.07953295,1.00015679,2.282559e-4,63
-0.07952473,0.99981097,2.301315e-4,83
-0.07952432,0.99963569,2.290926e-4,73
-0.07948319,1.00006216,2.280844e-4,88
-0.07942380,0.99968614,2.275055e-4,60
-0.07939762,1.00031829,2.319730e-4,49
-0.07939272,1.00015576,2.277803e-4,75
-0.07939129,1.00008031,2.312022e-4,46
-0.07938670,1.00021406,2.287734e-4,65
-0.07938237,0.99944983,2.289531e-4,70
-0.07937698,0.99993257,2.295258e-4,85
-0.07933136,0.99988648,2.330508e-4,57
-0.07931607,1.00006021,2.308801e-4,90
-0.07926773,0.99979075,2.279729e-4,62
-0.07925586,1.00016389,2.351393e-4,82
-0.07924957,1.00007044,2.293699e-4,72
-0.07924581,0.99998363,2.304483e-4,67
-0.07922232,0.99982105,2.280722e-4,87
-0.07916809,1.00042620,2.331206e-4,45
-0.07916550,1.00054945,2.318543e-4,48
-0.07916394,1.00029183,2.280179e-4,59
-0.07912608,1.00024384,2.304569e-4,79
-0.07911784,1.00018115,2.271588e-4,74
-0.07911110,1.00006839,2.292902e-4,84
-0.07910906,0.99968041,2.273800e-4,69
-0.07907817,0.99961114,2.309054e-4,56
-0.07900421,0.99992454,2.271070e-4,61
-0.07899227,0.99997317,2.317767e-4,53
-0.07898625,0.99995247,2.287014e-4,76
-0.07897521,0.99991707,2.301332e-4,71
-0.07897508,0.99992005,2.292673e-4,66
-0.07896005,0.99990874,2.299715e-4,86
-0.07895155,0.99979947,2.303711e-4,50
-0.07893635,1.00020462,2.306064e-4,47
-0.07890633,0.99989016,2.306036e-4,58
-0.07888842,0.99995964,2.346490e-4,91
-0.07885304,1.00001544,2.310419e-4,78
-0.07885187,1.00018712,2.282687e-4,63
-0.07884365,0.99971973,2.301322e-4,83
-0.07884315,1.00005566,2.291462e-4,73
-0.07880201,0.99978352,2.280434e-4,88
-0.07874262,1.00009631,2.275284e-4,60
-0.07871653,0.99967698,2.319235e-4,49
-0.07871010,1.00025796,2.311985e-4,46
-0.07870563,0.99985600,2.287324e-4,65
-0.07870130,0.99995343,2.289723e-4,70
-0.07865028,0.99997184,2.330512e-4,57
-0.07863499,0.99996739,2.308831e-4,90
-0.07858655,0.99977913,2.279993e-4,62
-0.07857935,0.99986720,2.287780e-4,77
-0.07857478,0.99988854,2.351348e-4,82
-0.07856849,0.99994246,2.293831e-4,72
-0.07856473,1.00042723,2.304906e-4,67
-0.07854114,1.00014883,2.281089e-4,87
-0.07850832,0.99990254,2.296056e-4,51
-0.07848710,1.00018046,2.330898e-4,45
-0.07848432,1.00047347,2.318454e-4,48
-0.07848296,1.00041173,2.280163e-4,59
-0.07844490,1.00045974,2.304720e-4,79
-0.07843686,1.00020305,2.271622e-4,74
-0.07843003,0.99978563,2.292591e-4,84
-0.07842789,1.00039879,2.274419e-4,69
-0.07839709,1.00008176,2.309939e-4,56
-0.07832313,0.99982377,2.271041e-4,61
-0.07831118,1.00011160,2.317849e-4,53
-0.07830508,0.99989836,2.286979e-4,76
-0.07829413,0.99996361,2.301337e-4,71
-0.07829410,1.00010828,2.293074e-4,66
-0.07827897,0.99995288,2.299441e-4,86
-0.07827036,1.00029842,2.304171e-4,50
-0.07826710,1.00004861,2.439801e-4,44
-0.07825516,1.00001064,2.305905e-4,47
-0.07822515,0.99994516,2.306169e-4,58
-0.07820734,0.99990676,2.346925e-4,91
-0.07817186,0.99997755,2.310790e-4,78
-0.07817079,1.00000323,2.282577e-4,63
-0.07816248,0.99994003,2.301578e-4,83
-0.07816207,0.99992629,2.291621e-4,73
-0.07812093,1.00022720,2.280715e-4,88
-0.07806154,0.99980983,2.274853e-4,60
-0.07803534,0.99970533,2.319347e-4,49
-0.07803047,0.99984333,2.277184e-4,75
-0.07802900,1.00002329,2.312210e-4,46
-0.07802455,0.99993316,2.287387e-4,65
-0.07802012,1.00009542,2.289549e-4,70
-0.07801482,0.99987701,2.296517e-4,85
-0.07796910,1.00025575,2.330631e-4,57
-0.07795381,1.00045686,2.309489e-4,90
-0.07790557,0.99981748,2.280319e-4,62
-0.07789817,0.99994771,2.287538e-4,77
-0.07789360,1.00013690,2.351062e-4,82
-0.07788741,1.00001884,2.294166e-4,72
-0.07788365,0.99977406,2.304184e-4,67
-0.07786006,0.99955312,2.280582e-4,87
-0.07782713,0.99980377,2.295947e-4,51
-0.07780601,0.99999215,2.330675e-4,45
-0.07780323,0.99990782,2.317954e-4,48
-0.07780178,1.00001480,2.279649e-4,59
-0.07776382,0.99971596,2.302943e-4,79
-0.07775579,1.00039984,2.271391e-4,74
-0.07774885,0.99978280,2.293295e-4,84
-0.07774681,0.99989805,2.273825e-4,69
-0.07771591,0.99984614,2.310065e-4,56
-0.07764205,1.00007543,2.271293e-4,61
-0.07763000,1.00008792,2.317781e-4,53
-0.07762400,1.00013088,2.287561e-4,76
-0.07761302,0.99990681,2.292633e-4,66
-0.07761295,0.99994953,2.301301e-4,71
-0.07759779,0.99968345,2.298944e-4,86
-0.07758927,0.99959909,2.303385e-4,50
-0.07758601,1.00008342,2.438973e-4,44
-0.07757407,1.00022780,2.306015e-4,47
-0.07752615,0.99988471,2.347348e-4,91
-0.07749078,0.99971647,2.310923e-4,78
-0.07748961,1.00027312,2.283017e-4,63
-0.07748140,1.00010505,2.301777e-4,83
-0.07748099,1.00049805,2.292037e-4,73
-0.07743995,0.99975739,2.280065e-4,88
-0.07738036,0.99980701,2.274698e-4,60
-0.07735426,1.00019120,2.319928e-4,49
-0.07734939,0.99978789,2.277014e-4,75
-0.07734801,0.99965455,2.312006e-4,46
-0.07734347,0.99947674,2.286940e-4,65
-0.07733904,0.99999735,2.289193e-4,70
-0.07728802,0.99996164,2.330179e-4,57
-0.07727282,1.00015122,2.309294e-4,90
-0.07722449,0.99975405,2.280586e-4,62
-0.07721252,1.00008886,2.352037e-4,82
-0.07720624,1.00000383,2.294465e-4,72
-0.07720258,0.99998107,2.304249e-4,67
-0.07717908,1.00039469,2.281445e-4,87
-0.07714604,0.99982351,2.295941e-4,51
-0.07712492,1.00001168,2.330558e-4,45
-0.07712214,1.00028731,2.318397e-4,48
-0.07712070,1.00012222,2.279652e-4,59
-0.07708285,0.99985110,2.302968e-4,79
-0.07707461,0.99996066,2.271348e-4,74
-0.07706777,1.00026123,2.292870e-4,84
-0.07706573,0.99982447,2.273384e-4,69
-0.07703482,0.99985707,2.310514e-4,56
-0.07696087,0.99972567,2.270939e-4,61
-0.07694891,0.99963958,2.317329e-4,53
-0.07694292,0.99995568,2.287577e-4,76
-0.07693188,0.99977379,2.301046e-4,71
-0.07693184,0.99969050,2.292430e-4,66
-0.07691681,0.99994564,2.298824e-4,86
-0.07690819,1.00035054,2.304052e-4,50
-0.07690492,1.00015975,2.438117e-4,44
-0.07689288,0.99998231,2.305669e-4,47
-0.07686299,0.99954716,2.305931e-4,58
-0.07684517,0.99994785,2.347823e-4,91
-0.07680961,0.99973389,2.311273e-4,78
-0.07680853,0.99984929,2.282682e-4,63
-0.07680032,1.00032170,2.301980e-4,83
-0.07679981,1.00003912,2.291716e-4,73
-0.07675887,1.00054689,2.280682e-4,88
-0.07669928,0.99989799,2.274637e-4,60
-0.07667307,0.99985090,2.319747e-4,49
-0.07666831,1.00014899,2.277138e-4,75
-0.07666692,0.99960652,2.312130e-4,46
-0.07666239,1.00014182,2.287512e-4,65
-0.07665797,0.99963642,2.288571e-4,70
-0.07665266,1.00014236,2.298138e-4,85
-0.07660693,0.99995555,2.330009e-4,57
-0.07659174,1.00010920,2.309495e-4,90
-0.07654341,1.00001249,2.281189e-4,62
-0.07653602,1.00005853,2.287091e-4,77
-0.07653144,1.00023435,2.351615e-4,82
-0.07652516,0.99978286,2.294529e-4,72
-0.07652140,1.00000542,2.304133e-4,67
-0.07649800,0.99975965,2.280945e-4,87
-0.07646496,0.99985731,2.295953e-4,51
-0.07644373,0.99981560,2.330245e-4,45
-0.07643962,0.99996066,2.279390e-4,59
-0.07640167,1.00004467,2.303033e-4,79
-0.07639353,0.99986276,2.271191e-4,74
-0.07638679,0.99976521,2.292326e-4,84
-0.07638455,0.99993457,2.273730e-4,69
-0.07635374,1.00021800,2.311216e-4,56
-0.07627989,0.99979674,2.271045e-4,61
-0.07626184,0.99963940,2.287421e-4,76
-0.07625080,1.00006731,2.301288e-4,71
-0.07625077,1.00012893,2.292893e-4,66
-0.07623572,0.99994741,2.298544e-4,86
-0.07622700,1.00018035,2.303759e-4,50
-0.07622373,0.99998822,2.436817e-4,44
-0.07621189,0.99977611,2.305423e-4,47
-0.07618190,1.00002708,2.306441e-4,58
-0.07616409,1.00007675,2.348196e-4,91
-0.07612853,1.00014026,2.311975e-4,78
-0.07612745,0.99981070,2.282823e-4,63
-0.07611914,1.00004954,2.301763e-4,83
-0.07611874,1.00000418,2.291738e-4,73
-0.07607769,0.99979716,2.279800e-4,88
-0.07601819,1.00003681,2.274597e-4,60
-0.07599218,0.99976234,2.319696e-4,49
-0.07598724,1.00057254,2.277467e-4,75
-0.07598573,0.99967809,2.312300e-4,46
-0.07598131,0.99980133,2.287141e-4,65
-0.07597679,1.00010394,2.288782e-4,70
-0.07597158,0.99989209,2.298638e-4,85
-0.07592575,1.00002212,2.329801e-4,57
-0.07591056,1.00012306,2.309803e-4,90
-0.07586223,1.00016283,2.281562e-4,62
-0.07585484,0.99995991,2.286811e-4,77
-0.07585046,1.00017006,2.352514e-4,82
-0.07584408,0.99998566,2.295070e-4,72
-0.07584032,0.99995887,2.303951e-4,67
-0.07581682,0.99952147,2.280712e-4,87
-0.07578377,1.00034142,2.296402e-4,51
-0.07575996,1.00007633,2.318120e-4,48
-0.07575843,0.99989502,2.279234e-4,59
-0.07572059,1.00015087,2.303915e-4,79
-0.07570561,1.00004556,2.292532e-4,84
-0.07570348,0.99991045,2.273634e-4,69
-0.07567256,0.99996374,2.311299e-4,56
-0.07559881,1.00009556,2.271352e-4,61
-0.07558674,1.00010266,2.317724e-4,53
-0.07558067,0.99998724,2.287835e-4,76
-0.07556969,0.99974945,2.292528e-4,66
-0.07556962,1.00010900,2.301264e-4,71
-0.07555454,0.99995259,2.298203e-4,86
-0.07554601,1.00034803,2.303870e-4,50
-0.07554263,0.99994646,2.435659e-4,44
-0.07553080,0.99997383,2.305591e-4,47
-0.07550082,1.00012415,2.306588e-4,58
-0.07548290,0.99982206,2.348232e-4,91
-0.07544755,0.99954173,2.312154e-4,78
-0.07544627,1.00064932,2.283746e-4,63
-0.07543816,0.99957631,2.301332e-4,83
-0.07543766,0.99987360,2.291976e-4,73
-0.07539660,1.00002909,2.279855e-4,88
-0.07533701,0.99953687,2.273939e-4,60
-0.07530616,0.99984127,2.276639e-4,75
-0.07530464,1.00033739,2.313087e-4,46
-0.07530013,1.00041643,2.287769e-4,65
-0.07529571,1.00013243,2.288584e-4,70
-0.07529040,1.00027234,2.299707e-4,85
-0.07524477,1.00017419,2.329679e-4,57
-0.07522948,1.00024117,2.310226e-4,90
-0.07518115,1.00006836,2.281854e-4,62
-0.07517377,0.99985528,2.286497e-4,77
-0.07516290,0.99953351,2.294893e-4,72
-0.07515924,0.99972450,2.303519e-4,67
-0.07513574,1.00012874,2.281476e-4,87
-0.07510278,1.00010469,2.296135e-4,51
-0.07508144,0.99967027,2.330004e-4,45
-0.07507887,0.99990319,2.317893e-4,48
-0.07507735,0.99981576,2.279067e-4,59
-0.07503951,0.99972223,2.302843e-4,79
-0.07503138,1.00020931,2.271546e-4,74
-0.07502453,1.00002109,2.292463e-4,84
-0.07502240,1.00033225,2.274013e-4,69
-0.07499147,0.99978319,2.311378e-4,56
-0.07491773,0.99977311,2.271046e-4,61
-0.07490566,1.00022864,2.317734e-4,53
-0.07489959,0.99942748,2.287599e-4,76
-0.07488864,0.99979651,2.300884e-4,71
-0.07488851,1.00012877,2.293209e-4,66
-0.07487346,1.00013377,2.298107e-4,86
-0.07486492,1.00001447,2.303465e-4,50
-0.07486164,0.99987287,2.434316e-4,44
-0.07484971,1.00027917,2.305891e-4,47
-0.07481974,1.00025811,2.306718e-4,58
-0.07480182,1.00010797,2.348684e-4,91
-0.07476647,1.00036418,2.312724e-4,78
-0.07475648,0.99995079,2.291752e-4,73
-0.07471542,0.99991558,2.279529e-4,88
-0.07465603,1.00017183,2.274416e-4,60
-0.07462990,0.99993096,2.320122e-4,49
-0.07462508,1.00006646,2.276741e-4,75
-0.07462355,1.00026345,2.313087e-4,46
-0.07461905,1.00020177,2.287542e-4,65
-0.07461473,0.99975327,2.288135e-4,70
-0.07460932,0.99979553,2.299157e-4,85
-0.07456369,1.00007590,2.329210e-4,57
-0.07454839,1.00000872,2.310292e-4,90
-0.07449997,0.99953441,2.281655e-4,62
-0.07449279,0.99993101,2.286378e-4,77
-0.07448193,0.99987899,2.295524e-4,72
-0.07447806,1.00002044,2.303586e-4,67
-0.07445466,0.99999215,2.281407e-4,87
-0.07442170,0.99974484,2.295773e-4,51
-0.07440035,1.00000327,2.330291e-4,45
-0.07439768,0.99976310,2.317688e-4,48
-0.07439627,0.99999035,2.279131e-4,59
-0.07435834,1.00012935,2.302592e-4,79
-0.07435020,0.99998248,2.271073e-4,74
-0.07434345,0.99970318,2.292138e-4,84
-0.07434142,1.00007544,2.273693e-4,69
-0.07431029,0.99981245,2.311594e-4,56
-0.07423655,1.00030312,2.271600e-4,61
-0.07422457,0.99999443,2.317502e-4,53
-0.07421851,1.00023318,2.288544e-4,76
-0.07420757,1.00006207,2.301091e-4,71
-0.07420743,1.00003379,2.292850e-4,66
-0.07419238,1.00004466,2.297742e-4,86
-0.07418374,0.99994655,2.303369e-4,50
-0.07416852,1.00003153,2.305593e-4,47
-0.07413856,1.00044866,2.306921e-4,58
-0.07412074,1.00004287,2.348657e-4,91
-0.07408530,1.00013394,2.312688e-4,78
-0.07408421,0.99992672,2.283333e-4,63
-0.07407590,1.00010628,2.301796e-4,83
-0.07407551,1.00030269,2.292101e-4,73
-0.07403434,1.00038416,2.279890e-4,88
-0.07397495,0.99945585,2.273522e-4,60
-0.07394871,0.99984286,2.320118e-4,49
-0.07394391,0.99997752,2.276530e-4,75
-0.07394236,1.00018451,2.313100e-4,46
-0.07393797,0.99940955,2.286851e-4,65
-0.07393366,1.00008427,2.288336e-4,70
-0.07392824,0.99979823,2.300689e-4,85
-0.07388260,1.00020538,2.328976e-4,57
-0.07386721,1.00006738,2.310715e-4,90
-0.07381889,1.00020380,2.282603e-4,62
-0.07381161,0.99958032,2.285898e-4,77
-0.07380713,1.00012062,2.353026e-4,82
-0.07380085,1.00004624,2.295998e-4,72
-0.07379709,0.99940721,2.302793e-4,67
-0.07377348,1.00022738,2.281738e-4,87
-0.07374061,1.00020696,2.296147e-4,51
-0.07371926,0.99989859,2.330244e-4,45
-0.07371659,1.00014036,2.318068e-4,48
-0.07371509,0.99951888,2.278640e-4,59
-0.07367726,1.00011020,2.303336e-4,79
-0.07366913,1.00029118,2.271600e-4,74
-0.07366024,1.00021966,2.273799e-4,69
-0.07355547,1.00005903,2.271337e-4,61
-0.07354339,0.99982503,2.317263e-4,53
-0.07353744,0.99953698,2.288012e-4,76
-0.07352639,1.00025152,2.301212e-4,71
-0.07352635,0.99989576,2.292734e-4,66
-0.07351120,1.00019562,2.297598e-4,86
-0.07350265,0.99978919,2.303109e-4,50
-0.07348743,1.00009924,2.305612e-4,47
-0.07345748,0.99975186,2.306230e-4,58
-0.07340303,0.99993887,2.283470e-4,63
-0.07339482,0.99978316,2.301401e-4,83
-0.07339443,0.99977319,2.291596e-4,73
-0.07335326,0.99961393,2.278914e-4,88
-0.07329377,1.00049581,2.274394e-4,60
-0.07326762,0.99976030,2.320130e-4,49
-0.07326283,1.00020697,2.276609e-4,75
-0.07325690,1.00025203,2.287705e-4,65
-0.07325248,1.00027366,2.288276e-4,70
-0.07324706,1.00027831,2.301854e-4,85
-0.07320142,0.99974496,2.328121e-4,57
-0.07318613,1.00001108,2.311126e-4,90
-0.07313781,0.99984665,2.282565e-4,62
-0.07313053,1.00040755,2.286604e-4,77
-0.07312595,1.00023544,2.353278e-4,82
-0.07311967,1.00061340,2.296836e-4,72
-0.07311601,0.99954682,2.302635e-4,67
-0.07309240,0.99967836,2.281310e-4,87
-0.07305942,1.00004586,2.295925e-4,51
-0.07303827,0.99957152,2.329861e-4,45
-0.07303550,1.00008960,2.317857e-4,48
-0.07303411,1.00061141,2.279691e-4,59
-0.07298815,1.00035586,2.271661e-4,74
-0.07298119,0.99961985,2.292042e-4,84
-0.07297917,1.00017327,2.273675e-4,69
-0.07294822,0.99961650,2.311775e-4,56
-0.07286230,1.00016460,2.317601e-4,53
-0.07285636,1.00012929,2.288591e-4,76
-0.07284531,0.99965939,2.300541e-4,71
-0.07284527,0.99960034,2.292479e-4,66
-0.07283012,0.99999521,2.297011e-4,86
-0.07282156,1.00015842,2.303337e-4,50
-0.07281826,1.00025407,2.430578e-4,44
-0.07280624,1.00015288,2.305664e-4,47
-0.07277639,0.99963981,2.306102e-4,58
-0.07275847,0.99991336,2.348480e-4,91
-0.07272314,1.00002367,2.312946e-4,78
-0.07272196,0.99993352,2.283618e-4,63
-0.07271375,1.00044034,2.302059e-4,83
-0.07271325,0.99962748,2.291584e-4,73
-0.07267208,0.99991784,2.279050e-4,88
-0.07261269,0.99993904,2.273689e-4,60
-0.07258175,0.99972518,2.276017e-4,75
-0.07258018,1.00008275,2.313176e-4,46
-0.07257572,0.99996457,2.287424e-4,65
-0.07257140,0.99985690,2.287813e-4,70
-0.07252034,0.99945542,2.327394e-4,57
-0.07250505,1.00036881,2.311870e-4,90
-0.07245683,0.99971125,2.282808e-4,62
-0.07244946,1.00023691,2.286299e-4,77
-0.07244487,0.99985949,2.353098e-4,82
-0.07243860,1.00036128,2.296913e-4,72
-0.07243483,1.00043926,2.303240e-4,67
-0.07241132,0.99997493,2.281750e-4,87
-0.07237834,1.00015229,2.296061e-4,51
-0.07235708,1.00076031,2.331055e-4,45
-0.07235441,0.99969668,2.317430e-4,48
-0.07235303,0.99981283,2.278879e-4,59
-0.07230697,1.00009035,2.271418e-4,74
-0.07230011,0.99999305,2.292412e-4,84
-0.07229809,1.00015932,2.273602e-4,69
-0.07226714,1.00027092,2.312492e-4,56
-0.07218122,0.99960127,2.316967e-4,53
-0.07217528,0.99991701,2.288397e-4,76
-0.07216424,0.99964842,2.300459e-4,71
-0.07216420,1.00026341,2.293180e-4,66
-0.07214894,1.00029300,2.297191e-4,86
-0.07214037,0.99981964,2.302910e-4,50
-0.07213717,0.99997767,2.428984e-4,44
-0.07212515,1.00012135,2.305539e-4,47
-0.07209521,0.99965129,2.306120e-4,58
-0.07207739,0.99975404,2.348142e-4,91
-0.07204197,1.00035469,2.313388e-4,78
-0.07204088,0.99958789,2.283385e-4,63
-0.07203257,1.00023917,2.301796e-4,83
-0.07203218,0.99979683,2.291706e-4,73
-0.07199110,1.00000438,2.278968e-4,88
-0.07193161,1.00000773,2.273580e-4,60
-0.07190535,1.00022102,2.320845e-4,49
-0.07190057,1.00008887,2.276229e-4,75
-0.07189909,0.99996922,2.313255e-4,46
-0.07189474,0.99977806,2.287323e-4,65
-0.07189032,1.00007904,2.288001e-4,70
-0.07188480,1.00018244,2.303168e-4,85
-0.07183925,0.99958269,2.327021e-4,57
-0.07182406,1.00004085,2.312005e-4,90
-0.07177565,0.99978133,2.283135e-4,62
-0.07176828,0.99999334,2.285997e-4,77
-0.07176369,0.99987956,2.353228e-4,82
-0.07175752,0.99948391,2.296392e-4,72
-0.07175375,0.99978373,2.302367e-4,67
-0.07173024,0.99958240,2.281471e-4,87
-0.07169715,1.00011654,2.295924e-4,51
-0.07167598,1.00004252,2.330407e-4,45
-0.07167322,0.99987623,2.317384e-4,48
-0.07167185,1.00006828,2.279077e-4,59
-0.07163403,0.99984655,2.302501e-4,79
-0.07162589,0.99984399,2.271134e-4,74
-0.07161903,0.99977885,2.293044e-4,84
-0.07161691,0.99996252,2.273364e-4,69
-0.07158596,1.00013434,2.312443e-4,56
-0.07151213,0.99988381,2.271322e-4,61
-0.07150003,0.99996429,2.317296e-4,53
-0.07149410,1.00015446,2.288915e-4,76
-0.07148316,1.00011926,2.300782e-4,71
-0.07148312,1.00024412,2.293148e-4,66
-0.07146796,1.00004096,2.296769e-4,86
-0.07145929,0.99977085,2.302787e-4,50
-0.07145598,1.00015417,2.427639e-4,44
-0.07144406,1.00018460,2.305591e-4,47
-0.07141413,1.00052534,2.306928e-4,58
-0.07139630,1.00010273,2.348363e-4,91
-0.07136089,1.00015651,2.313246e-4,78
-0.07135970,0.99957220,2.283532e-4,63
-0.07135149,1.00013510,2.301563e-4,83
-0.07135110,1.00000264,2.291652e-4,73
-0.07131002,0.99993741,2.278800e-4,88
-0.07125043,1.00043601,2.273833e-4,60
-0.07122426,1.00012908,2.320898e-4,49
-0.07121960,1.00007316,2.276197e-4,75
-0.07121800,1.00001696,2.313356e-4,46
-0.07120915,0.99990431,2.287857e-4,70
-0.07120392,0.99997165,2.303741e-4,85
-0.07115807,1.00004196,2.326955e-4,57
-0.07114288,1.00001857,2.312402e-4,90
-0.07109457,0.99978073,2.283502e-4,62
-0.07108720,1.00053613,2.286475e-4,77
-0.07108262,1.00016770,2.353201e-4,82
-0.07107634,0.99976064,2.296907e-4,72
-0.07107267,1.00019812,2.302507e-4,67
-0.07104916,0.99991215,2.282039e-4,87
-0.07101606,0.99995429,2.295731e-4,51
-0.07099489,1.00000572,2.330474e-4,45
-0.07099213,1.00004025,2.317437e-4,48
-0.07099076,1.00032008,2.279309e-4,59
-0.07095295,1.00036687,2.302760e-4,79
-0.07094482,1.00030798,2.271596e-4,74
-0.07093795,0.99971619,2.292247e-4,84
-0.07093583,1.00015984,2.273497e-4,69
-0.07083115,0.99989463,2.271396e-4,61
-0.07081895,0.99980495,2.317098e-4,53
-0.07081303,1.00000357,2.288891e-4,76
-0.07080204,1.00045198,2.293429e-4,66
-0.07080198,0.99984119,2.300427e-4,71
-0.07078688,1.00036950,2.296790e-4,86
-0.07077820,1.00019234,2.303042e-4,50
-0.07077488,0.99959279,2.425703e-4,44
-0.07076306,1.00031005,2.305745e-4,47
-0.07073315,0.99971580,2.306062e-4,58
-0.07071522,0.99988882,2.347951e-4,91
-0.07067981,0.99999312,2.313111e-4,78
-0.07067862,0.99988363,2.283998e-4,63
-0.07067041,1.00002595,2.301368e-4,83
-0.07066992,0.99982222,2.291375e-4,73
-0.07062884,1.00042155,2.279104e-4,88
-0.07056935,0.99992641,2.273238e-4,60
-0.07054327,1.00007718,2.320960e-4,49
-0.07053852,0.99994212,2.275970e-4,75
-0.07053690,0.99991243,2.313328e-4,46
-0.07053248,1.00002414,2.287768e-4,65
-0.07052807,0.99988791,2.287890e-4,70
-0.07052274,0.99971189,2.304169e-4,85
-0.07046180,0.99990191,2.312793e-4,90
-0.07041339,0.99986755,2.283888e-4,62
-0.07040603,0.99995434,2.285872e-4,77
-0.07040154,1.00002165,2.353468e-4,82
-0.07039527,0.99969283,2.297122e-4,72
-0.07039160,0.99994997,2.301935e-4,67
-0.07036807,1.00016271,2.282298e-4,87
-0.07033488,1.00053569,2.296277e-4,51
-0.07031370,0.99988604,2.330384e-4,45
-0.07031114,0.99981806,2.316976e-4,48
-0.07030968,0.99999466,2.279002e-4,59
-0.07027187,1.00050589,2.302697e-4,79
-0.07026374,0.99943105,2.270722e-4,74
-0.07025687,1.00021831,2.292829e-4,84
-0.07025476,1.00041687,2.273552e-4,69
-0.07022369,1.00014318,2.312480e-4,56
-0.07014997,0.99997696,2.271508e-4,61
-0.07013796,0.99988550,2.317196e-4,53
-0.07012090,0.99976884,2.300280e-4,71
-0.07012086,1.00012963,2.293190e-4,66
-0.07010580,0.99978538,2.295831e-4,86
-0.07009721,1.00040106,2.303111e-4,50
-0.07009369,0.99950382,2.424132e-4,44
-0.07008187,1.00020002,2.305573e-4,47
-0.07005197,1.00006207,2.306354e-4,58
-0.07003414,0.99993921,2.347697e-4,91
-0.06999873,0.99996571,2.313120e-4,78
-0.06999744,0.99979163,2.284025e-4,63
-0.06998943,1.00038436,2.301616e-4,83
-0.06998884,1.00021135,2.291644e-4,73
-0.06994775,1.00064050,2.279155e-4,88
-0.06988827,0.99952193,2.272636e-4,60
-0.06986208,1.00000215,2.320992e-4,49
-0.06985734,0.99962101,2.275342e-4,75
-0.06985571,0.99983941,2.312913e-4,46
-0.06985140,1.00010017,2.287979e-4,65
-0.06984699,1.00003263,2.288094e-4,70
-0.06984166,0.99976652,2.304822e-4,85
-0.06979601,0.99956321,2.325401e-4,57
-0.06978061,0.99998175,2.313451e-4,90
-0.06973231,0.99959217,2.283895e-4,62
-0.06972495,1.00012313,2.286034e-4,77
-0.06972056,1.00006320,2.353553e-4,82
-0.06971419,0.99977172,2.297445e-4,72
-0.06968689,0.99938356,2.281649e-4,87
-0.06965399,1.00032794,2.295998e-4,51
-0.06963261,0.99991442,2.330532e-4,45
-0.06962996,0.99996455,2.316930e-4,48
-0.06962850,1.00015746,2.279215e-4,59
-0.06959069,0.99951680,2.300583e-4,79
-0.06957580,1.00016324,2.292856e-4,84
-0.06957358,1.00011121,2.273374e-4,69
-0.06954261,0.99939628,2.311758e-4,56
-0.06945687,1.00000794,2.317239e-4,53
-0.06945077,0.99994199,2.289328e-4,76
-0.06943993,0.99978234,2.300149e-4,71
-0.06943978,0.99976704,2.292811e-4,66
-0.06942462,0.99985639,2.295992e-4,86
-0.06940078,1.00002565,2.305409e-4,47
-0.06937088,1.00038978,2.306607e-4,58
-0.06935305,1.00002323,2.347494e-4,91
-0.06931766,0.99996589,2.313172e-4,78
-0.06931636,0.99971652,2.284078e-4,63
-0.06930825,1.00037718,2.301721e-4,83
-0.06930777,0.99993467,2.291199e-4,73
-0.06926667,1.00031054,2.278725e-4,88
-0.06918099,1.00005280,2.321216e-4,49
-0.06917627,0.99986581,2.275668e-4,75
-0.06917462,0.99993350,2.313463e-4,46
-0.06917032,0.99989898,2.287873e-4,65
-0.06916591,0.99973499,2.287942e-4,70
-0.06916048,1.00061193,2.306329e-4,85
-0.06911482,0.99966667,2.324920e-4,57
-0.06909953,1.00012871,2.314011e-4,90
-0.06905123,1.00015872,2.284770e-4,62
-0.06904397,0.99989840,2.285901e-4,77
-0.06903938,0.99986012,2.353360e-4,82
-0.06903321,0.99958836,2.297512e-4,72
-0.06902934,1.00014634,2.301575e-4,67
-0.06900581,1.00022741,2.282612e-4,87
-0.06897280,0.99993488,2.295567e-4,51
-0.06894887,1.00045689,2.317227e-4,48
-0.06894742,1.00025408,2.279412e-4,59
-0.06890962,1.00008544,2.301819e-4,79
-0.06890149,0.99984796,2.271166e-4,74
-0.06889462,1.00018850,2.293016e-4,84
-0.06889260,0.99959747,2.272803e-4,69
-0.06886152,1.00029078,2.312576e-4,56
-0.06878771,1.00023472,2.271944e-4,61
-0.06877569,1.00007757,2.317328e-4,53
-0.06876970,1.00057706,2.290112e-4,76
-0.06875875,0.99975489,2.300024e-4,71
-0.06875870,1.00041626,2.293520e-4,66
-0.06874354,0.99968779,2.295425e-4,86
-0.06873494,1.00006528,2.302531e-4,50
-0.06873161,0.99994662,2.421570e-4,44
-0.06871969,1.00026164,2.305621e-4,47
-0.06868980,0.99952722,2.305655e-4,58
-0.06867187,0.99985882,2.346957e-4,91
-0.06863658,0.99991167,2.313122e-4,78
-0.06863538,1.00007314,2.284601e-4,63
-0.06862717,1.00002954,2.301182e-4,83
-0.06862669,0.99981206,2.290865e-4,73
-0.06858549,0.99997913,2.278306e-4,88
-0.06852610,1.00068817,2.273550e-4,60
-0.06849991,1.00018415,2.321455e-4,49
-0.06849519,0.99994377,2.275647e-4,75
-0.06849353,0.99989584,2.313059e-4,46
-0.06848915,1.00005100,2.288159e-4,65
-0.06848484,1.00019354,2.288607e-4,70
-0.06847940,0.99991541,2.305867e-4,85
-0.06843374,0.99996238,2.324639e-4,57
-0.06837005,1.00031453,2.285211e-4,62
-0.06836289,0.99971006,2.285687e-4,77
-0.06835830,1.00016087,2.353675e-4,82
-0.06835203,0.99979777,2.297942e-4,72
-0.06834836,1.00033113,2.301459e-4,67
-0.06832473,1.00007579,2.282617e-4,87
-0.06829172,1.00018673,2.295868e-4,51
-0.06827032,0.99987040,2.330581e-4,45
-0.06826778,0.99974572,2.316293e-4,48
-0.06826634,1.00022290,2.279395e-4,59
-0.06822854,1.00010648,2.301609e-4,79
-0.06822041,1.00006883,2.271159e-4,74
-0.06821354,1.00015757,2.293086e-4,84
-0.06821152,0.99985861,2.272980e-4,69
-0.06810663,1.00020028,2.272021e-4,61
-0.06809460,1.00042698,2.317580e-4,53
-0.06808852,0.99976897,2.289433e-4,76
-0.06807767,1.00010425,2.300208e-4,71
-0.06807753,1.00015705,2.293311e-4,66
-0.06806246,1.00010903,2.295962e-4,86
-0.06805385,1.00023565,2.302507e-4,50
-0.06805051,0.99993507,2.420150e-4,44
-0.06803850,1.00034619,2.305703e-4,47
-0.06799079,0.99988012,2.346623e-4,91
-0.06795540,1.00008147,2.313277e-4,78
-0.06795430,1.00014280,2.284816e-4,63
-0.06794609,1.00030116,2.301094e-4,83
-0.06794561,1.00005806,2.290862e-4,73
-0.06790441,0.99957173,2.277791e-4,88
-0.06784502,1.00016837,2.272889e-4,60
-0.06781401,0.99978038,2.275468e-4,75
-0.06781234,0.99998493,2.313326e-4,46
-0.06780376,1.00007723,2.288645e-4,70
-0.06779832,1.00026279,2.307136e-4,85
-0.06775266,0.99974982,2.323854e-4,57
-0.06773727,0.99969966,2.314660e-4,90
-0.06768897,1.00004950,2.285225e-4,62
-0.06768172,1.00036977,2.286480e-4,77
-0.06767712,1.00031076,2.353739e-4,82
-0.06767096,1.00002731,2.298350e-4,72
-0.06766718,0.99966443,2.300520e-4,67
-0.06764365,0.99962016,2.282335e-4,87
-0.06761053,0.99978653,2.295373e-4,51
-0.06758933,1.00060174,2.331407e-4,45
-0.06758659,0.99995294,2.316239e-4,48
-0.06758526,0.99970358,2.278965e-4,59
-0.06754736,0.99987939,2.300235e-4,79
-0.06753933,1.00016534,2.271501e-4,74
-0.06753246,0.99987596,2.292953e-4,84
-0.06753035,0.99965185,2.272795e-4,69
-0.06749936,0.99996155,2.312157e-4,56
-0.06742555,1.00021224,2.272171e-4,61
-0.06741342,1.00002307,2.317223e-4,53
-0.06740754,0.99988138,2.289646e-4,76
-0.06739660,1.00007156,2.300020e-4,71
-0.06739655,1.00033973,2.293544e-4,66
-0.06738128,0.99997308,2.295618e-4,86
-0.06737266,1.00013223,2.302258e-4,50
-0.06736932,1.00009173,2.418805e-4,44
-0.06735741,0.99974115,2.305089e-4,47
-0.06732754,1.00004883,2.306028e-4,58
-0.06730970,0.99977509,2.346055e-4,91
-0.06727432,1.00015017,2.313230e-4,78
-0.06727312,0.99991905,2.284691e-4,63
-0.06726491,0.99987699,2.300481e-4,83
-0.06726454,1.00014582,2.290624e-4,73
-0.06722333,1.00024712,2.278369e-4,88
-0.06716384,1.00073883,2.273339e-4,60
-0.06713763,0.99979334,2.321331e-4,49
-0.06713293,0.99987414,2.275498e-4,75
-0.06712689,0.99993071,2.288331e-4,65
-0.06712258,1.00000803,2.288809e-4,70
-0.06705618,0.99978177,2.315226e-4,90
-0.06700799,1.00028048,2.285739e-4,62
-0.06700064,1.00011761,2.286360e-4,77
-0.06699604,0.99998029,2.353366e-4,82
-0.06698988,0.99972786,2.298261e-4,72
-0.06698611,1.00017695,2.300722e-4,67
-0.06696247,0.99966717,2.282534e-4,87
-0.06692944,0.99993869,2.295479e-4,51
-0.06690824,0.99985927,2.330786e-4,45
-0.06690550,1.00007607,2.316032e-4,48
-0.06690417,1.00002300,2.279390e-4,59
-0.06686628,0.99997260,2.299421e-4,79
-0.06685825,1.00028821,2.271654e-4,74
-0.06685128,1.00026723,2.293490e-4,84
-0.06684927,0.99965401,2.272465e-4,69
-0.06681827,1.00031944,2.312445e-4,56
-0.06673233,1.00042505,2.317571e-4,53
-0.06672646,0.99997518,2.289893e-4,76
-0.06671542,0.99987781,2.299683e-4,71
-0.06670020,0.99997234,2.295673e-4,86
-0.06669157,1.00024244,2.302242e-4,50
-0.06668823,1.00012916,2.417430e-4,44
-0.06667632,0.99989696,2.305306e-4,47
-0.06664646,0.99955818,2.305413e-4,58
-0.06659325,1.00028131,2.313274e-4,78
-0.06659204,0.99988274,2.284706e-4,63
-0.06658384,1.00005226,2.300439e-4,83
-0.06658346,1.00023121,2.290355e-4,73
-0.06654225,1.00012260,2.278160e-4,88
-0.06648276,1.00036045,2.272900e-4,60
-0.06645654,1.00013769,2.321808e-4,49
-0.06645186,1.00002823,2.275627e-4,75
-0.06645026,1.00001500,2.313645e-4,46
-0.06644591,1.00019730,2.288751e-4,65
-0.06644151,0.99975490,2.288851e-4,70
-0.06643606,0.99988775,2.307809e-4,85
-0.06639039,0.99962376,2.322514e-4,57
-0.06637520,0.99941630,2.315383e-4,90
-0.06632681,1.00015725,2.285875e-4,62
-0.06631956,0.99968875,2.286109e-4,77
-0.06631497,0.99953837,2.352166e-4,82
-0.06630870,0.99971126,2.298398e-4,72
-0.06630503,0.99998487,2.300271e-4,67
-0.06628149,0.99991295,2.282902e-4,87
-0.06624835,0.99968836,2.295235e-4,51
-0.06622441,1.00003584,2.315715e-4,48
-0.06622309,0.99958713,2.279045e-4,59
-0.06617718,1.00033860,2.271542e-4,74
-0.06617020,1.00028337,2.293639e-4,84
-0.06616819,0.99959775,2.272408e-4,69
-0.06613719,1.00043694,2.312447e-4,56
-0.06606329,1.00014579,2.272325e-4,61
-0.06605125,1.00031022,2.317449e-4,53
-0.06604539,0.99982762,2.289854e-4,76
-0.06603434,0.99992154,2.299610e-4,71
-0.06603429,1.00008139,2.293451e-4,66
-0.06601922,1.00004427,2.295710e-4,86
-0.06600704,0.99986753,2.415810e-4,44
-0.06599513,0.99975726,2.305109e-4,47
-0.06596537,0.99965494,2.305389e-4,58
-0.06591207,0.99973991,2.312695e-4,78
-0.06591086,0.99976122,2.284688e-4,63
-0.06590276,0.99985587,2.300236e-4,83
-0.06590228,0.99968948,2.289432e-4,73
-0.06586117,0.99976212,2.277787e-4,88
-0.06577535,1.00011608,2.321910e-4,49
-0.06577088,0.99981811,2.275373e-4,75
-0.06576917,1.00028604,2.313902e-4,46
-0.06576483,0.99981467,2.288537e-4,65
-0.06576043,0.99995797,2.289354e-4,70
-0.06575488,0.99998315,2.308381e-4,85
-0.06569402,0.99959067,2.316008e-4,90
-0.06564573,1.00022201,2.286168e-4,62
-0.06563838,0.99997598,2.286535e-4,77
-0.06563379,0.99964901,2.352895e-4,82
-0.06562763,0.99982153,2.298733e-4,72
-0.06562385,0.99988454,2.299943e-4,67
-0.06560041,1.00004970,2.283230e-4,87
-0.06556717,1.00005679,2.295508e-4,51
-0.06554596,0.99982301,2.330988e-4,45
-0.06554322,1.00001490,2.315345e-4,48
-0.06554201,1.00022689,2.279856e-4,59
-0.06550413,0.99994690,2.300638e-4,79
-0.06549600,1.00013646,2.271182e-4,74
-0.06548912,1.00000874,2.293595e-4,84
-0.06548711,1.00012454,2.273030e-4,69
-0.06545601,0.99980963,2.311775e-4,56
-0.06538231,1.00003756,2.272312e-4,61
-0.06537006,1.00058100,2.317673e-4,53
-0.06536421,1.00017873,2.290387e-4,76
-0.06535326,0.99992532,2.299443e-4,71
-0.06535321,1.00029510,2.293722e-4,66
-0.06533804,0.99956400,2.295248e-4,86
-0.06532930,0.99989613,2.301543e-4,50
-0.06532594,1.00027020,2.414908e-4,44
-0.06531414,0.99984865,2.305283e-4,47
-0.06528429,1.00011744,2.305717e-4,58
-0.06526645,1.00006731,2.345040e-4,91
-0.06523099,0.99994534,2.312826e-4,78
-0.06522978,0.99976333,2.284801e-4,63
-0.06522168,0.99980769,2.299740e-4,83
-0.06522120,1.00008506,2.289416e-4,73
-0.06518008,0.99988374,2.277842e-4,88
-0.06512060,0.99958512,2.271847e-4,60
-0.06509426,1.00036005,2.322197e-4,49
-0.06508970,0.99982268,2.275157e-4,75
-0.06508798,1.00007574,2.313718e-4,46
-0.06508375,0.99993543,2.288785e-4,65
-0.06507925,1.00040900,2.290056e-4,70
-0.06507390,1.00011803,2.308861e-4,85
-0.06502813,1.00022263,2.321913e-4,57
-0.06501294,1.00008492,2.317008e-4,90
-0.06496465,1.00023358,2.286403e-4,62
-0.06495731,1.00030340,2.287098e-4,77
-0.06495271,0.99984650,2.352953e-4,82
-0.06494655,1.00006642,2.299060e-4,72
-0.06494277,1.00021829,2.299980e-4,67
-0.06491923,1.00028796,2.283553e-4,87
-0.06488608,1.00050078,2.295982e-4,51
-0.06486487,1.00033090,2.331624e-4,45
-0.06486223,0.99981032,2.314868e-4,48
-0.06486083,0.99944588,2.279153e-4,59
-0.06482305,0.99990655,2.300510e-4,79
-0.06481492,0.99979392,2.271242e-4,74
-0.06480804,0.99986598,2.293724e-4,84
-0.06480594,0.99967788,2.272708e-4,69
-0.06477492,1.00012567,2.311977e-4,56
-0.06470113,0.99985424,2.272318e-4,61
-0.06468908,0.99988539,2.317025e-4,53
-0.06468313,1.00002153,2.290210e-4,76
-0.06467213,0.99995792,2.294005e-4,66
-0.06467209,0.99962825,2.298999e-4,71
-0.06464831,1.00028604,2.301719e-4,50
-0.06464485,1.00014810,2.413531e-4,44
-0.06463305,0.99983864,2.305276e-4,47
-0.06460321,1.00016377,2.305646e-4,58
-0.06458527,0.99976730,2.344346e-4,91
-0.06455001,0.99988071,2.312635e-4,78
-0.06454060,0.99990035,2.299865e-4,83
-0.06454013,1.00012610,2.289118e-4,73
-0.06449890,0.99977068,2.277749e-4,88
-0.06443942,1.00002504,2.272261e-4,60
-0.06441328,1.00003689,2.321941e-4,49
-0.06440863,0.99960983,2.275113e-4,75
-0.06440689,0.99980893,2.313106e-4,46
-0.06440257,1.00018050,2.289192e-4,65
-0.06439817,1.00000401,2.290031e-4,70
-0.06434705,1.00010821,2.321293e-4,57
-0.06433185,0.99956221,2.316954e-4,90
-0.06428347,0.99987689,2.286290e-4,62
-0.06427623,1.00025332,2.287260e-4,77
-0.06427173,1.00031200,2.353305e-4,82
-0.06426537,1.00029156,2.299387e-4,72
-0.06426169,1.00018771,2.299695e-4,67
-0.06423815,1.00004128,2.283545e-4,87
-0.06420509,0.99971768,2.295177e-4,51
-0.06418114,0.99982444,2.314572e-4,48
-0.06417975,1.00033865,2.280225e-4,59
-0.06414197,1.00004929,2.300485e-4,79
-0.06413385,0.99991952,2.271034e-4,74
-0.06412696,0.99986991,2.293929e-4,84
-0.06412486,0.99993613,2.272970e-4,69
-0.06409384,1.00019244,2.311945e-4,56
-0.06402005,0.99989617,2.272549e-4,61
-0.06400799,1.00006647,2.317220e-4,53
-0.06400196,1.00000008,2.290170e-4,76
-0.06399111,0.99991972,2.299121e-4,71
-0.06399096,0.99992083,2.293449e-4,66
-0.06397588,0.99982956,2.295612e-4,86
-0.06396722,0.99985566,2.301152e-4,50
-0.06395186,0.99957586,2.304958e-4,47
-0.06392213,1.00002411,2.305415e-4,58
-0.06390419,1.00036473,2.344473e-4,91
-0.06386894,1.00053368,2.312926e-4,78
-0.06386752,0.99990638,2.285123e-4,63
-0.06385952,1.00002225,2.299534e-4,83
-0.06385895,0.99955374,2.287927e-4,73
-0.06381782,1.00042444,2.278411e-4,88
-0.06375844,0.99965320,2.271769e-4,60
-0.06373209,0.99966861,2.321802e-4,49
-0.06372745,0.99993956,2.275357e-4,75
-0.06372570,1.00029690,2.314066e-4,46
-0.06372149,0.99996363,2.289162e-4,65
-0.06371720,1.00003357,2.290450e-4,70
-0.06371174,0.99988671,2.308901e-4,85
-0.06366606,0.99973444,2.320389e-4,57
-0.06365067,0.99981767,2.317642e-4,90
-0.06360239,1.00030657,2.286901e-4,62
-0.06359515,1.00018524,2.287445e-4,77
-0.06359065,1.00000659,2.352914e-4,82
-0.06358439,0.99970782,2.298919e-4,72
-0.06358052,0.99987430,2.299212e-4,67
-0.06355707,0.99981039,2.283489e-4,87
-0.06352391,1.00029417,2.295657e-4,51
-0.06350258,0.99985749,2.331366e-4,45
-0.06349995,1.00018955,2.314563e-4,48
-0.06349867,0.99985615,2.279855e-4,59
-0.06346089,0.99981605,2.300147e-4,79
-0.06345267,1.00000980,2.271526e-4,74
-0.06344588,0.99955860,2.294232e-4,84
-0.06344388,1.00005285,2.272825e-4,69
-0.06341276,0.99981479,2.311452e-4,56
-0.06333897,1.00027822,2.273028e-4,61
-0.06332681,0.99999399,2.317110e-4,53
-0.06332088,1.00021688,2.290461e-4,76
-0.06331003,1.00009314,2.299083e-4,71
-0.06330988,0.99990132,2.293537e-4,66
-0.06329470,0.99988842,2.295648e-4,86
-0.06328603,1.00028137,2.301354e-4,50
-0.06328267,0.99979020,2.410778e-4,44
-0.06324095,1.00014445,2.305351e-4,58
-0.06322310,0.99999350,2.343667e-4,91
-0.06318776,1.00024700,2.312732e-4,78
-0.06317844,1.00011241,2.299318e-4,83
-0.06317787,1.00024561,2.288021e-4,73
-0.06313674,0.99967182,2.277670e-4,88
-0.06305100,0.99972955,2.321918e-4,49
-0.06304637,0.99994740,2.275387e-4,75
-0.06304461,1.00022611,2.313966e-4,46
-0.06304042,0.99977735,2.289137e-4,65
-0.06303612,0.99999954,2.290778e-4,70
-0.06298488,1.00003456,2.320115e-4,57
-0.06296959,1.00002992,2.318235e-4,90
-0.06291408,0.99980287,2.287389e-4,77
-0.06290947,1.00012186,2.352917e-4,82
-0.06290332,0.99978975,2.299115e-4,72
-0.06289954,0.99959975,2.298683e-4,67
-0.06287599,0.99990265,2.283683e-4,87
-0.06284282,0.99994000,2.295384e-4,51
-0.06282149,0.99983405,2.331535e-4,45
-0.06281886,0.99980071,2.313910e-4,48
-0.06281749,0.99981979,2.280053e-4,59
-0.06277972,0.99967929,2.298907e-4,79
-0.06277159,0.99998635,2.271531e-4,74
-0.06276470,0.99966145,2.294208e-4,84
-0.06276270,1.00036777,2.273390e-4,69
-0.06273167,1.00030375,2.311838e-4,56
-0.06265788,0.99988815,2.272811e-4,61
-0.06264572,1.00010428,2.317217e-4,53
-0.06263980,1.00022627,2.290869e-4,76
-0.06262896,1.00003439,2.298920e-4,71
-0.06262870,1.00013580,2.293773e-4,66
-0.06261362,0.99993992,2.296010e-4,86
-0.06260495,0.99966065,2.300577e-4,50
-0.06260157,1.00011454,2.409933e-4,44
-0.06258968,1.00001602,2.305455e-4,47
-0.06255986,1.00000273,2.305104e-4,58
-0.06254192,1.00019338,2.343412e-4,91
-0.06250668,0.99968782,2.312108e-4,78
-0.06250546,1.00041079,2.285659e-4,63
-0.06249726,0.99975968,2.298744e-4,83
-0.06249690,1.00017968,2.287411e-4,73
-0.06245566,1.00030857,2.278305e-4,88
-0.06239618,0.99967487,2.271643e-4,60
-0.06236991,0.99989166,2.322202e-4,49
-0.06236530,0.99992288,2.275174e-4,75
-0.06236351,1.00052536,2.314279e-4,46
-0.06235924,1.00011804,2.289568e-4,65
-0.06235494,0.99996300,2.291143e-4,70
-0.06234949,0.99988573,2.308915e-4,85
-0.06230380,1.00002284,2.319671e-4,57
-0.06224013,0.99983980,2.286762e-4,62
-0.06223300,0.99984320,2.287767e-4,77
-0.06222840,1.00048653,2.353097e-4,82
-0.06222224,0.99996931,2.299331e-4,72
-0.06221846,1.00002190,2.298948e-4,67
-0.06219481,1.00026733,2.284258e-4,87
-0.06216173,0.99984231,2.295288e-4,51
-0.06214050,1.00029528,2.332037e-4,45
-0.06213777,1.00010771,2.313877e-4,48
-0.06213640,1.00023888,2.280575e-4,59
-0.06209864,0.99951495,2.298592e-4,79
-0.06209042,0.99981034,2.271426e-4,74
-0.06208362,1.00033204,2.295452e-4,84
-0.06208163,0.99987727,2.272715e-4,69
-0.06205059,1.00031513,2.311697e-4,56
-0.06197670,0.99971495,2.272800e-4,61
-0.06196464,0.99997523,2.317080e-4,53
-0.06195882,1.00030951,2.291119e-4,76
-0.06194778,0.99989078,2.298647e-4,71
-0.06194772,0.99993387,2.293633e-4,66
-0.06193254,0.99998383,2.296241e-4,86
-0.06192386,1.00003481,2.300747e-4,50
-0.06192038,0.99999544,2.408731e-4,44
-0.06190859,1.00044806,2.305915e-4,47
-0.06187878,1.00000296,2.304999e-4,58
-0.06186084,1.00050685,2.343321e-4,91
-0.06182560,0.99998730,2.312240e-4,78
-0.06182428,1.00052526,2.285876e-4,63
-0.06181618,1.00021816,2.298864e-4,83
-0.06181582,1.00008936,2.286732e-4,73
-0.06177448,0.99957318,2.277641e-4,88
-0.06171510,0.99976205,2.271682e-4,60
-0.06168872,1.00008489,2.322561e-4,49
-0.06168412,1.00011032,2.275481e-4,75
-0.06167816,0.99988977,2.289481e-4,65
-0.06167386,0.99985459,2.291444e-4,70
-0.06166841,1.00021071,2.310188e-4,85
-0.06162261,0.99986887,2.319059e-4,57
-0.06160742,0.99948599,2.318377e-4,90
-0.06155915,0.99972609,2.286817e-4,62
-0.06155182,1.00008082,2.288357e-4,77
-0.06154732,1.00024709,2.352819e-4,82
-0.06154106,1.00000003,2.299472e-4,72
-0.06153728,0.99990704,2.298700e-4,67
-0.06151373,1.00004031,2.284292e-4,87
-0.06148055,1.00002083,2.295467e-4,51
-0.06145542,0.99946837,2.280023e-4,59
-0.06140944,1.00002020,2.271277e-4,74
-0.06140254,1.00032404,2.295338e-4,84
-0.06140055,1.00004459,2.273092e-4,69
-0.06136941,1.00001621,2.311339e-4,56
-0.06129562,1.00006117,2.273356e-4,61
-0.06128345,1.00011819,2.317146e-4,53
-0.06127765,1.00007840,2.291008e-4,76
-0.06126670,1.00010963,2.298730e-4,71
-0.06126664,0.99976998,2.294079e-4,66
-0.06125146,0.99989381,2.296051e-4,86
-0.06124267,1.00021955,2.300697e-4,50
-0.06123929,1.00009291,2.407911e-4,44
-0.06122740,1.00038485,2.305950e-4,47
-0.06119760,1.00001368,2.304819e-4,58
-0.06117975,0.99994125,2.342455e-4,91
-0.06114443,0.99990171,2.312042e-4,78
-0.06114320,1.00001090,2.285383e-4,63
-0.06113511,1.00017613,2.298564e-4,83
-0.06113464,1.00030201,2.286342e-4,73
-0.06109350,0.99987367,2.278039e-4,88
-0.06103401,1.00041306,2.272210e-4,60
-0.06100763,1.00041703,2.322929e-4,49
-0.06100304,0.99963263,2.275010e-4,75
-0.06100133,1.00002635,2.313877e-4,46
-0.06099718,0.99985183,2.289559e-4,65
-0.06099279,1.00005462,2.292073e-4,70
-0.06098723,1.00003188,2.310075e-4,85
-0.06094153,0.99984300,2.318634e-4,57
-0.06092634,0.99994964,2.319072e-4,90
-0.06087807,1.00003922,2.287271e-4,62
-0.06086614,1.00008251,2.352487e-4,82
-0.06085999,1.00005750,2.299568e-4,72
-0.06085620,1.00021545,2.298898e-4,67
-0.06083274,1.00013766,2.284409e-4,87
-0.06079946,0.99996272,2.295391e-4,51
-0.06077822,0.99992656,2.331906e-4,45
-0.06077550,0.99946517,2.312584e-4,48
-0.06077424,0.99960553,2.280350e-4,59
-0.06073638,0.99979512,2.299741e-4,79
-0.06072836,0.99979625,2.271542e-4,74
-0.06072137,0.99982043,2.295153e-4,84
-0.06071937,0.99991464,2.272670e-4,69
-0.06068832,0.99998438,2.311247e-4,56
-0.06060237,0.99991288,2.316927e-4,53
-0.06059657,1.00027711,2.291339e-4,76
-0.06058556,1.00006045,2.294132e-4,66
-0.06058552,1.00014561,2.298614e-4,71
-0.06057038,1.00047259,2.297124e-4,86
-0.06056158,1.00015947,2.300471e-4,50
-0.06055820,1.00034413,2.407253e-4,44
-0.06054631,0.99994417,2.305543e-4,47
-0.06051652,1.00017647,2.304891e-4,58
-0.06049867,1.00021941,2.342338e-4,91
-0.06046335,0.99981976,2.311808e-4,78
-0.06046212,0.99993868,2.285345e-4,63
-0.06045393,1.00005680,2.298199e-4,83
-0.06045357,0.99970268,2.285158e-4,73
-0.06041242,0.99987685,2.278106e-4,88
-0.06035283,1.00018515,2.271902e-4,60
-0.06032655,1.00022093,2.322900e-4,49
-0.06032186,1.00006986,2.275541e-4,75
-0.06032024,1.00034036,2.314124e-4,46
-0.06031600,1.00044639,2.290250e-4,65
-0.06031161,0.99993862,2.292521e-4,70
-0.06030615,0.99952182,2.309650e-4,85
-0.06026045,1.00051969,2.318780e-4,57
-0.06024526,0.99970216,2.319053e-4,90
-0.06019699,0.99994612,2.287330e-4,62
-0.06018967,0.99984164,2.288968e-4,77
-0.06018506,1.00021889,2.352482e-4,82
-0.06017881,0.99996705,2.299459e-4,72
-0.06017513,1.00007160,2.298552e-4,67
-0.06015156,1.00019567,2.284647e-4,87
-0.06009712,0.99984786,2.332032e-4,45
-0.06009431,0.99991230,2.312630e-4,48
-0.06009316,1.00050789,2.281454e-4,59
-0.06005541,0.99999453,2.299746e-4,79
-0.06004728,1.00072201,2.272221e-4,74
-0.06004029,1.00021748,2.296142e-4,84
-0.06003829,0.99990115,2.272993e-4,69
-0.06000724,0.99991734,2.311148e-4,56
-0.05993346,0.99990031,2.273530e-4,61
-0.05992128,1.00042763,2.317433e-4,53
-0.05991539,1.00007281,2.291191e-4,76
-0.05990445,1.00006369,2.298320e-4,71
-0.05990439,0.99966629,2.293477e-4,66
-0.05988930,0.99974732,2.296736e-4,86
-0.05988050,1.00010853,2.300177e-4,50
-0.05987700,0.99970656,2.405860e-4,44
-0.05986532,1.00017502,2.305798e-4,47
-0.05983554,1.00007431,2.304608e-4,58
-0.05981759,1.00030032,2.342089e-4,91
-0.05978227,0.99983451,2.311618e-4,78
-0.05978105,0.99981580,2.285205e-4,63
-0.05977285,0.99973756,2.297655e-4,83
-0.05977239,0.99955835,2.284413e-4,73
-0.05967175,1.00047977,2.272208e-4,60
-0.05964536,1.00005027,2.322762e-4,49
-0.05964099,1.00003911,2.275523e-4,75
-0.05963905,1.00008985,2.313883e-4,46
-0.05963492,0.99977353,2.289718e-4,65
-0.05962517,1.00007752,2.310178e-4,85
-0.05957927,0.99958510,2.317544e-4,57
-0.05956418,1.00002223,2.319526e-4,90
-0.05951581,1.00025675,2.287747e-4,62
-0.05950849,1.00003612,2.289573e-4,77
-0.05950398,1.00007458,2.352266e-4,82
-0.05949773,0.99965119,2.299205e-4,72
-0.05949395,1.00012608,2.298478e-4,67
-0.05947048,0.99992856,2.284516e-4,87
-0.05943719,1.00012740,2.295622e-4,51
-0.05941593,0.99992689,2.332197e-4,45
-0.05941332,1.00011829,2.312566e-4,48
-0.05941208,0.99961817,2.280725e-4,59
-0.05937433,0.99961763,2.298600e-4,79
-0.05936611,0.99957597,2.271375e-4,74
-0.05935931,0.99932021,2.295176e-4,84
-0.05935712,1.00021865,2.273122e-4,69
-0.05932616,0.99979407,2.310918e-4,56
-0.05925238,0.99965789,2.273485e-4,61
-0.05924009,0.99986899,2.316922e-4,53
-0.05923432,1.00012346,2.291388e-4,76
-0.05922337,0.99986159,2.298038e-4,71
-0.05922331,0.99997920,2.293852e-4,66
-0.05920822,0.99983838,2.297150e-4,86
-0.05919951,1.00020690,2.300084e-4,50
-0.05919591,1.00013222,2.405513e-4,44
-0.05918413,0.99998557,2.305610e-4,47
-0.05915445,0.99991760,2.304361e-4,58
-0.05913650,1.00012574,2.341638e-4,91
-0.05910119,1.00011296,2.311710e-4,78
-0.05909987,1.00015971,2.285560e-4,63
-0.05909187,1.00012718,2.297743e-4,83
-0.05909131,0.99969510,2.283956e-4,73
-0.05905015,1.00032880,2.278754e-4,88
-0.05896437,0.99981213,2.322690e-4,49
-0.05895981,1.00026195,2.275816e-4,75
-0.05895796,1.00000868,2.313808e-4,46
-0.05895384,0.99985990,2.289853e-4,65
-0.05894935,0.99987671,2.293228e-4,70
-0.05894399,0.99989103,2.309986e-4,85
-0.05889818,1.00017514,2.317846e-4,57
-0.05888299,0.99978918,2.319370e-4,90
-0.05883473,1.00030758,2.287872e-4,62
-0.05882741,0.99996355,2.290085e-4,77
-0.05882290,0.99984752,2.351971e-4,82
-0.05881665,0.99954016,2.299090e-4,72
-0.05881287,0.99994496,2.298201e-4,67
-0.05878940,0.99995370,2.284692e-4,87
-0.05875620,1.00016481,2.295605e-4,51
-0.05873484,1.00008310,2.332376e-4,45
-0.05873223,1.00027439,2.312384e-4,48
-0.05873100,1.00019465,2.281496e-4,59
-0.05869315,0.99986551,2.299804e-4,79
-0.05868503,1.00000342,2.271862e-4,74
-0.05867813,0.99995580,2.296421e-4,84
-0.05867604,0.99990903,2.272745e-4,69
-0.05864497,1.00009217,2.311201e-4,56
-0.05857130,1.00014872,2.274208e-4,61
-0.05855911,1.00011456,2.317136e-4,53
-0.05855324,1.00024871,2.291335e-4,76
-0.05854239,1.00025836,2.298343e-4,71
-0.05854213,1.00016432,2.294247e-4,66
-0.05852704,0.99987067,2.297156e-4,86
-0.05851832,0.99984998,2.299543e-4,50
-0.05851492,1.00010538,2.404835e-4,44
-0.05850304,1.00036572,2.306038e-4,47
-0.05847327,1.00033804,2.304605e-4,58
-0.05845532,1.00007051,2.341342e-4,91
-0.05842012,1.00005380,2.311546e-4,78
-0.05841879,0.99993428,2.285343e-4,63
-0.05841069,0.99973618,2.297110e-4,83
-0.05841013,1.00010474,2.283973e-4,73
-0.05836907,1.00002313,2.278669e-4,88
-0.05830959,1.00015539,2.271733e-4,60
-0.05828328,0.99979482,2.322730e-4,49
-0.05827873,1.00033953,2.275926e-4,75
-0.05827687,0.99987640,2.313705e-4,46
-0.05827267,0.99988838,2.289919e-4,65
-0.05826838,1.00004202,2.293808e-4,70
-0.05826291,0.99984339,2.309917e-4,85
-0.05821720,1.00012029,2.317504e-4,57
-0.05820191,0.99982810,2.319366e-4,90
-0.05815365,1.00004088,2.287672e-4,62
-0.05814643,0.99989699,2.290527e-4,77
-0.05814182,1.00024583,2.352235e-4,82
-0.05813169,1.00003299,2.298295e-4,67
-0.05810822,1.00012917,2.285004e-4,87
-0.05807511,0.99984984,2.295331e-4,51
-0.05805375,0.99994336,2.332432e-4,45
-0.05805114,0.99985995,2.311663e-4,48
-0.05804982,1.00005499,2.281615e-4,59
-0.05801207,1.00015382,2.300193e-4,79
-0.05800385,1.00032580,2.271860e-4,74
-0.05799705,0.99989276,2.296241e-4,84
-0.05796389,1.00014113,2.311216e-4,56
-0.05789012,0.99946174,2.273684e-4,61
-0.05787802,0.99958098,2.316610e-4,53
-0.05787216,0.99985410,2.291286e-4,76
-0.05786121,1.00027071,2.298245e-4,71
-0.05786105,1.00000308,2.293859e-4,66
-0.05784596,0.99974079,2.297677e-4,86
-0.05783723,1.00035607,2.299862e-4,50
-0.05783373,0.99972051,2.403975e-4,44
-0.05782195,1.00007011,2.305778e-4,47
-0.05779219,1.00015631,2.304353e-4,58
-0.05777424,1.00038565,2.341486e-4,91
-0.05773904,1.00017332,2.311491e-4,78
-0.05773781,1.00015860,2.285550e-4,63
-0.05772961,0.99975056,2.296823e-4,83
-0.05772906,0.99992470,2.283480e-4,73
-0.05768789,0.99989831,2.278663e-4,88
-0.05762851,1.00018787,2.271763e-4,60
-0.05760219,0.99996968,2.323035e-4,49
-0.05759756,0.99961896,2.275338e-4,75
-0.05759159,0.99992302,2.289935e-4,65
-0.05758730,0.99961827,2.293851e-4,70
-0.05758183,0.99998047,2.309893e-4,85
-0.05753602,0.99996844,2.317142e-4,57
-0.05752083,1.00010535,2.319554e-4,90
-0.05747247,1.00034443,2.288105e-4,62
-0.05746526,1.00010392,2.291262e-4,77
-0.05746075,1.00038137,2.352281e-4,82
-0.05745450,1.00041975,2.299894e-4,72
-0.05745071,1.00029766,2.298513e-4,67
-0.05742714,0.99992213,2.284944e-4,87
-0.05739393,1.00069925,2.296155e-4,51
-0.05737256,0.99982131,2.332334e-4,45
-0.05736995,0.99949171,2.311062e-4,48
-0.05736873,0.99999825,2.281782e-4,59
-0.05733090,0.99996479,2.300070e-4,79
-0.05732278,1.00003135,2.272023e-4,74
-0.05731597,1.00019900,2.296744e-4,84
-0.05731398,0.99994503,2.272812e-4,69
-0.05728291,1.00007202,2.311201e-4,56
-0.05720904,1.00040907,2.274808e-4,61
-0.05719684,0.99994215,2.316945e-4,53
-0.05719098,0.99999386,2.291593e-4,76
-0.05718014,1.00001277,2.297891e-4,71
-0.05717997,1.00004382,2.294188e-4,66
-0.05716488,0.99992075,2.298049e-4,86
-0.05715605,0.99961402,2.298909e-4,50
-0.05715263,1.00014217,2.403974e-4,44
-0.05714076,1.00002496,2.305752e-4,47
-0.05711101,1.00002737,2.304045e-4,58
-0.05709316,0.99978246,2.340735e-4,91
-0.05705796,1.00000309,2.311115e-4,78
-0.05705663,0.99986455,2.285218e-4,63
-0.05704853,0.99994300,2.296741e-4,83
-0.05704808,0.99989743,2.282482e-4,73
-0.05700681,1.00043256,2.279389e-4,88
-0.05694743,1.00014960,2.271701e-4,60
-0.05692100,0.99966758,2.322822e-4,49
-0.05691648,1.00026815,2.276048e-4,75
-0.05691459,1.00026313,2.314188e-4,46
-0.05691041,0.99947375,2.289505e-4,65
-0.05690622,1.00008419,2.294801e-4,70
-0.05690065,0.99972967,2.309078e-4,85
-0.05685494,0.99984588,2.316893e-4,57
-0.05683965,0.99996887,2.319274e-4,90
-0.05679139,1.00015145,2.287947e-4,62
-0.05678418,1.00034914,2.292142e-4,77
-0.05677957,1.00043856,2.352268e-4,82
-0.05677342,0.99966553,2.299154e-4,72
-0.05676964,0.99997093,2.298229e-4,67
-0.05674596,1.00031232,2.285464e-4,87
-0.05671284,1.00048581,2.295991e-4,51
-0.05669157,0.99989996,2.332590e-4,45
-0.05668886,1.00029561,2.311454e-4,48
-0.05668755,1.00071066,2.282634e-4,59
-0.05664982,0.99991882,2.300156e-4,79
-0.05664170,0.99971707,2.271558e-4,74
-0.05663479,0.99991974,2.296723e-4,84
-0.05660172,1.00021250,2.311373e-4,56
-0.05652796,0.99989614,2.274521e-4,61
-0.05651001,0.99943031,2.290971e-4,76
-0.05649906,0.99990047,2.297693e-4,71
-0.05649899,0.99954217,2.293364e-4,66
-0.05648370,1.00001568,2.298668e-4,86
-0.05647496,1.00002975,2.299145e-4,50
-0.05647154,0.99999032,2.403460e-4,44
-0.05645967,0.99963756,2.305417e-4,47
-0.05642992,1.00026212,2.304200e-4,58
-0.05641197,0.99969626,2.340536e-4,91
-0.05637679,1.00036131,2.311320e-4,78
-0.05637555,1.00007031,2.285406e-4,63
-0.05636735,1.00072379,2.297273e-4,83
-0.05636700,1.00033389,2.282408e-4,73
-0.05632573,1.00002341,2.279209e-4,88
-0.05626635,0.99982379,2.271286e-4,60
-0.05623991,1.00005891,2.323257e-4,49
-0.05623540,1.00023148,2.276093e-4,75
-0.05622933,0.99998097,2.290005e-4,65
-0.05622504,0.99997677,2.295060e-4,70
-0.05621957,1.00037284,2.309930e-4,85
-0.05617385,1.00017627,2.317122e-4,57
-0.05615856,0.99983726,2.318864e-4,90
-0.05611041,1.00023598,2.288055e-4,62
-0.05610310,1.00059421,2.293032e-4,77
-0.05609225,1.00029173,2.299715e-4,72
-0.05608856,1.00020570,2.298536e-4,67
-0.05606488,1.00011879,2.285407e-4,87
-0.05601047,0.99967344,2.332379e-4,45
-0.05600777,0.99973611,2.310699e-4,48
-0.05600657,0.99975819,2.281912e-4,59
-0.05596874,0.99991501,2.299337e-4,79
-0.05596072,0.99988195,2.271974e-4,74
-0.05595371,1.00003139,2.297433e-4,84
-0.05584688,0.99973968,2.274532e-4,61
-0.05583467,0.99990202,2.316847e-4,53
-0.05582893,1.00028296,2.291908e-4,76
-0.05581788,1.00012835,2.297833e-4,71
-0.05581782,1.00030770,2.294674e-4,66
-0.05580262,0.99996248,2.298981e-4,86
-0.05579387,0.99953013,2.298479e-4,50
-0.05579035,0.99954288,2.402892e-4,44
-0.05577858,1.00029877,2.306073e-4,47
-0.05574884,0.99979992,2.303616e-4,58
-0.05573089,1.00002704,2.340881e-4,91
-0.05569571,1.00017627,2.310962e-4,78
-0.05569447,0.99985622,2.285128e-4,63
-0.05568627,0.99967375,2.296076e-4,83
-0.05568583,0.99997395,2.281749e-4,73
-0.05564475,1.00027387,2.279762e-4,88
-0.05558517,1.00003716,2.271524e-4,60
-0.05555883,1.00007888,2.323391e-4,49
-0.05555422,1.00012544,2.276081e-4,75
-0.05555231,0.99966980,2.313558e-4,46
-0.05554835,1.00019865,2.290217e-4,65
-0.05554397,1.00019997,2.295748e-4,70
-0.05553849,0.99952743,2.308942e-4,85
-0.05549277,1.00010666,2.317004e-4,57
-0.05547758,1.00006052,2.318764e-4,90
-0.05542923,1.00031572,2.288149e-4,62
-0.05542203,0.99962132,2.292720e-4,77
-0.05541741,0.99985089,2.351618e-4,82
-0.05541117,0.99961743,2.299038e-4,72
-0.05538390,1.00013026,2.285512e-4,87
-0.05535057,1.00013378,2.295738e-4,51
-0.05532938,1.00003511,2.332730e-4,45
-0.05532658,0.99988330,2.310526e-4,48
-0.05532549,0.99990783,2.282264e-4,59
-0.05528756,0.99984883,2.299462e-4,79
-0.05527955,1.00004532,2.272225e-4,74
-0.05527253,1.00014358,2.297342e-4,84
-0.05527055,0.99985921,2.273228e-4,69
-0.05523956,0.99952384,2.310903e-4,56
-0.05516570,0.99993710,2.274931e-4,61
-0.05515348,1.00001400,2.316941e-4,53
-0.05514775,1.00015310,2.292048e-4,76
-0.05513681,1.00001863,2.297666e-4,71
-0.05513674,1.00030294,2.294665e-4,66
-0.05511268,0.99954889,2.298301e-4,50
-0.05510925,1.00002081,2.403192e-4,44
-0.05509739,0.99977445,2.305622e-4,47
-0.05506766,1.00008762,2.303767e-4,58
-0.05504971,1.00027802,2.341112e-4,91
-0.05501453,0.99990667,2.310611e-4,78
-0.05501329,1.00051363,2.285753e-4,63
-0.05500510,0.99967059,2.295793e-4,83
-0.05500475,1.00008435,2.281183e-4,73
-0.05496357,1.00005073,2.279803e-4,88
-0.05490409,0.99978278,2.271222e-4,60
-0.05487764,0.99996780,2.323422e-4,49
-0.05487315,1.00001902,2.276122e-4,75
-0.05487131,1.00030996,2.314196e-4,46
-0.05486727,0.99967475,2.289686e-4,65
-0.05486279,1.00016480,2.296000e-4,70
-0.05485731,1.00008731,2.309207e-4,85
-0.05481159,1.00013702,2.317025e-4,57
-0.05479640,0.99996026,2.318195e-4,90
-0.05474816,1.00013833,2.288041e-4,62
-0.05474085,1.00021167,2.294006e-4,77
-0.05473633,1.00022793,2.351954e-4,82
-0.05473009,1.00011812,2.299461e-4,72
-0.05472630,1.00019636,2.298629e-4,67
-0.05470282,0.99982921,2.285333e-4,87
-0.05466948,0.99991196,2.295552e-4,51
-0.05464819,1.00005019,2.332854e-4,45
-0.05464549,0.99994108,2.310370e-4,48
-0.05464441,0.99990563,2.282432e-4,59
-0.05460659,1.00002887,2.299878e-4,79
-0.05459847,0.99999808,2.272222e-4,74
-0.05459145,1.00002504,2.297460e-4,84
-0.05458947,0.99987853,2.273215e-4,69
-0.05455847,0.99974708,2.311222e-4,56
-0.05448472,0.99970662,2.274883e-4,61
-0.05447240,1.00003314,2.316822e-4,53
-0.05446668,0.99993133,2.291900e-4,76
-0.05445566,0.99975154,2.294049e-4,66
-0.05445563,0.99995904,2.297534e-4,71
-0.05444056,0.99982352,2.299681e-4,86
-0.05442816,0.99997390,2.403109e-4,44
-0.05441640,0.99999268,2.305848e-4,47
-0.05438668,0.99996621,2.303551e-4,58
-0.05436872,0.99976412,2.340795e-4,91
-0.05433345,0.99980155,2.310299e-4,78
-0.05433221,1.00025579,2.285424e-4,63
-0.05432367,0.99989314,2.280537e-4,73
-0.05428248,1.00017668,2.280171e-4,88
-0.05422301,1.00011171,2.271552e-4,60
-0.05419655,1.00001945,2.323537e-4,49
-0.05419217,0.99999245,2.276242e-4,75
-0.05419022,0.99971239,2.313586e-4,46
-0.05418609,0.99966017,2.289588e-4,65
-0.05418171,1.00015265,2.296476e-4,70
-0.05417633,0.99960738,2.308476e-4,85
-0.05413051,0.99984580,2.316819e-4,57
-0.05411532,0.99981415,2.317554e-4,90
-0.05406708,1.00083138,2.288729e-4,62
-0.05405515,0.99965376,2.351462e-4,82
-0.05404891,1.00018121,2.299489e-4,72
-0.05404512,0.99944028,2.298095e-4,67
-0.05402164,1.00043822,2.285959e-4,87
-0.05398839,1.00018486,2.295826e-4,51
-0.05396710,1.00020571,2.332997e-4,45
-0.05396323,0.99982409,2.282536e-4,59
-0.05392551,0.99999802,2.301045e-4,79
-0.05391739,0.99980361,2.271802e-4,74
-0.05391047,1.00012326,2.298477e-4,84
-0.05390840,1.00034106,2.273595e-4,69
-0.05387729,1.00027872,2.311906e-4,56
-0.05380364,0.99981192,2.275158e-4,61
-0.05379131,0.99997380,2.316829e-4,53
-0.05378560,1.00017866,2.292121e-4,76
-0.05377455,1.00018533,2.297793e-4,71
-0.05375938,0.99968992,2.299898e-4,86
-0.05375061,0.99992974,2.298388e-4,50
-0.05374707,0.99963047,2.402840e-4,44
-0.05373531,0.99993547,2.305782e-4,47
-0.05370560,1.00008313,2.303539e-4,58
-0.05368764,0.99989529,2.341111e-4,91
-0.05365248,1.00026134,2.310600e-4,78
-0.05365113,1.00007372,2.285157e-4,63
-0.05364304,1.00019820,2.295884e-4,83
-0.05364249,1.00006818,2.280502e-4,73
-0.05360140,1.00016832,2.280443e-4,88
-0.05354182,1.00013795,2.271564e-4,60
-0.05351556,0.99956945,2.323113e-4,49
-0.05351099,1.00036252,2.276715e-4,75
-0.05350903,1.00019321,2.314074e-4,46
-0.05350501,1.00011406,2.289961e-4,65
-0.05350064,1.00011588,2.296633e-4,70
-0.05349525,0.99979442,2.308270e-4,85
-0.05344942,1.00037460,2.317519e-4,57
-0.05343423,0.99980234,2.316941e-4,90
-0.05338590,1.00005513,2.287969e-4,62
-0.05337418,0.99981116,2.351629e-4,82
-0.05336784,1.00017327,2.299395e-4,72
-0.05336405,0.99987969,2.298700e-4,67
-0.05334056,1.00017294,2.285853e-4,87
-0.05330740,1.00027193,2.296022e-4,51
-0.05328601,1.00050735,2.333380e-4,45
-0.05328331,1.00012383,2.310058e-4,48
-0.05328215,1.00038124,2.283322e-4,59
-0.05324443,1.00006578,2.300457e-4,79
-0.05322939,1.00028100,2.298047e-4,84
-0.05322722,0.99998807,2.273601e-4,69
-0.05319621,1.00025122,2.312068e-4,56
-0.05312246,1.00006906,2.275545e-4,61
-0.05311023,0.99979778,2.316672e-4,53
-0.05310442,0.99975732,2.291934e-4,76
-0.05309347,0.99995710,2.297522e-4,71
-0.05309340,0.99956159,2.293227e-4,66
-0.05307830,0.99989858,2.300526e-4,86
-0.05306952,0.99984492,2.298154e-4,50
-0.05306598,0.99983380,2.403215e-4,44
-0.05305422,0.99989471,2.305764e-4,47
-0.05302441,0.99996613,2.303352e-4,58
-0.05300656,0.99983392,2.341320e-4,91
-0.05297140,0.99994396,2.310142e-4,78
-0.05296995,0.99956218,2.284563e-4,63
-0.05296196,0.99985557,2.295395e-4,83
-0.05296142,0.99957734,2.279435e-4,73
-0.05292022,0.99994199,2.280580e-4,88
-0.05286084,0.99971157,2.271178e-4,60
-0.05283437,1.00016324,2.323790e-4,49
-0.05282992,0.99981980,2.276355e-4,75
-0.05282794,0.99971663,2.313598e-4,46
-0.05282394,0.99950823,2.289285e-4,65
-0.05281417,0.99988724,2.308089e-4,85
-0.05275315,1.00001369,2.316511e-4,90
-0.05270482,1.00020729,2.288076e-4,62
-0.05269762,1.00009935,2.296069e-4,77
-0.05269310,0.99962905,2.351551e-4,82
-0.05268686,0.99998823,2.299158e-4,72
-0.05268297,1.00021602,2.299189e-4,67
-0.05265938,0.99988488,2.285618e-4,87
-0.05262622,1.00018369,2.295981e-4,51
-0.05260482,1.00006783,2.332944e-4,45
-0.05260222,1.00024149,2.310066e-4,48
-0.05260096,0.99997290,2.283085e-4,59
-0.05256325,0.99994953,2.300697e-4,79
-0.05255514,1.00026580,2.272756e-4,74
-0.05254821,0.99967246,2.297923e-4,84
-0.05254624,0.99964541,2.273368e-4,69
-0.05251502,0.99985014,2.311878e-4,56
-0.05244138,1.00028824,2.275947e-4,61
-0.05242914,1.00012482,2.316975e-4,53
-0.05242334,0.99962807,2.291736e-4,76
-0.05241250,0.99999361,2.297577e-4,71
-0.05241232,0.99996206,2.293550e-4,66
-0.05239722,1.00024041,2.301355e-4,86
-0.05238833,0.99980843,2.297963e-4,50
-0.05238488,0.99980473,2.403486e-4,44
-0.05237303,1.00028262,2.306188e-4,47
-0.05234333,1.00002607,2.303317e-4,58
-0.05232537,1.00013949,2.341910e-4,91
-0.05229022,1.00001152,2.310804e-4,78
-0.05228897,0.99980818,2.284714e-4,63
-0.05228078,1.00027776,2.295601e-4,83
-0.05228024,0.99986269,2.279404e-4,73
-0.05223914,0.99994008,2.280846e-4,88
-0.05217976,0.99973773,2.271136e-4,60
-0.05215328,0.99987221,2.323642e-4,49
-0.05214884,0.99995694,2.276658e-4,75
-0.05214685,0.99995808,2.313871e-4,46
-0.05214276,0.99993602,2.289643e-4,65
-0.05213848,0.99984499,2.297133e-4,70
-0.05213299,1.00001703,2.307863e-4,85
-0.05208726,1.00003537,2.317737e-4,57
-0.05207197,1.00014987,2.315949e-4,90
-0.05202374,1.00001933,2.287882e-4,62
-0.05201654,1.00005680,2.296734e-4,77
-0.05201192,1.00004702,2.351257e-4,82
-0.05200568,1.00010032,2.299167e-4,72
-0.05200199,0.99996628,2.299184e-4,67
-0.05197829,1.00008655,2.285934e-4,87
-0.05194513,0.99991376,2.295814e-4,51
-0.05192114,0.99992114,2.309514e-4,48
-0.05191988,0.99995496,2.283211e-4,59
-0.05188218,0.99981338,2.301657e-4,79
-0.05187396,0.99963867,2.271825e-4,74
-0.05186714,1.00009805,2.298868e-4,84
-0.05186516,1.00042221,2.274305e-4,69
-0.05183404,0.99949623,2.311777e-4,56
-0.05176030,1.00022793,2.276065e-4,61
-0.05174806,0.99983582,2.316597e-4,53
-0.05174227,1.00000600,2.292409e-4,76
-0.05173132,0.99998341,2.297585e-4,71
-0.05173115,0.99956174,2.293076e-4,66
-0.05171604,0.99995663,2.301443e-4,86
-0.05170379,0.99977842,2.403790e-4,44
-0.05169194,0.99988491,2.305788e-4,47
-0.05166225,1.00042400,2.303680e-4,58
-0.05164429,1.00017249,2.342326e-4,91
-0.05160914,1.00011835,2.310069e-4,78
-0.05160789,0.99986057,2.284667e-4,63
-0.05159970,1.00017809,2.295378e-4,83
-0.05159926,1.00006099,2.279290e-4,73
-0.05155796,1.00029615,2.281546e-4,88
-0.05149858,1.00043576,2.271834e-4,60
-0.05147220,0.99942760,2.323257e-4,49
-0.05146766,1.00014484,2.277004e-4,75
-0.05146566,0.99974593,2.313206e-4,46
-0.05146168,0.99987367,2.289428e-4,65
-0.05145740,0.99987439,2.297148e-4,70
-0.05140617,1.00021643,2.318255e-4,57
-0.05139089,0.99996260,2.315088e-4,90
-0.05134266,1.00008971,2.287916e-4,62
-0.05133546,1.00083783,2.298354e-4,77
-0.05133084,0.99988138,2.351960e-4,82
-0.05132461,1.00004193,2.299072e-4,72
-0.05132081,1.00006952,2.299519e-4,67
-0.05129721,1.00038441,2.286187e-4,87
-0.05126404,1.00024661,2.296173e-4,51
-0.05124253,0.99998030,2.332850e-4,45
-0.05123995,0.99990451,2.309353e-4,48
-0.05123880,0.99966826,2.283037e-4,59
-0.05120100,0.99975951,2.302194e-4,79
-0.05119288,0.99978866,2.272412e-4,74
-0.05118408,1.00012323,2.274170e-4,69
-0.05115296,1.00005282,2.312585e-4,56
-0.05107912,0.99999510,2.275975e-4,61
-0.05106697,0.99997962,2.316779e-4,53
-0.05106119,0.99977207,2.292299e-4,76
-0.05105017,0.99977082,2.293215e-4,66
-0.05103496,0.99952169,2.301295e-4,86
-0.05102606,1.00002369,2.297882e-4,50
-0.05102260,1.00001796,2.404322e-4,44
-0.05101075,0.99982816,2.305688e-4,47
-0.05098107,1.00007057,2.303255e-4,58
-0.05096321,0.99992137,2.342521e-4,91
-0.05092681,1.00011350,2.284809e-4,63
-0.05091862,1.00010956,2.295167e-4,83
-0.05091819,1.00020982,2.279520e-4,73
-0.05087688,1.00014012,2.281705e-4,88
-0.05081750,0.99994738,2.271363e-4,60
-0.05079111,0.99993984,2.323849e-4,49
-0.05078659,1.00007200,2.277158e-4,75
-0.05078457,0.99999045,2.313472e-4,46
-0.05078060,0.99977252,2.289309e-4,65
-0.05077623,1.00004988,2.297427e-4,70
-0.05077083,0.99990528,2.306997e-4,85
-0.05072499,0.99969623,2.318166e-4,57
-0.05070970,0.99979628,2.314108e-4,90
-0.05066158,1.00014648,2.287902e-4,62
-0.05065429,1.00005943,2.298269e-4,77
-0.05064976,0.99983220,2.351651e-4,82
-0.05064353,1.00001120,2.298971e-4,72
-0.05063973,1.00001126,2.299717e-4,67
-0.05061603,1.00033848,2.286246e-4,87
-0.05058286,1.00037733,2.296326e-4,51
-0.05056154,1.00039609,2.333183e-4,45
-0.05055886,1.00014525,2.309535e-4,48
-0.05055782,0.99996669,2.283470e-4,59
-0.05051992,1.00020082,2.302047e-4,79
-0.05051191,0.99954412,2.272272e-4,74
-0.05050488,1.00008654,2.298130e-4,84
-0.05050291,0.99996981,2.274088e-4,69
-0.05047187,0.99981552,2.312646e-4,56
-0.05039804,1.00035006,2.276463e-4,61
-0.05038578,0.99995971,2.316696e-4,53
-0.05038011,0.99931608,2.292023e-4,76
-0.05036909,0.99975564,2.293164e-4,66
-0.05036907,1.00018529,2.297938e-4,71
-0.05035378,1.00000497,2.302260e-4,86
-0.05034151,1.00030608,2.405092e-4,44
-0.05032966,1.00009983,2.305965e-4,47
-0.05029999,0.99953526,2.302653e-4,58
-0.05028202,0.99956085,2.342626e-4,91
-0.05024689,0.99996432,2.309574e-4,78
-0.05024563,0.99985657,2.284413e-4,63
-0.05023744,1.00002539,2.294891e-4,83
-0.05023711,0.99966246,2.278599e-4,73
-0.05019590,1.00038086,2.282308e-4,88
-0.05013642,0.99999104,2.271459e-4,60
-0.05010992,1.00001669,2.323906e-4,49
-0.05010551,0.99996930,2.277240e-4,75
-0.05010348,1.00019316,2.314111e-4,46
-0.05009952,1.00011207,2.289534e-4,65
-0.05009515,1.00010990,2.297617e-4,70
-0.05004391,0.99991319,2.318892e-4,57
-0.05002872,1.00025705,2.313701e-4,90
-0.04998050,0.99974269,2.287440e-4,62
-0.04997321,0.99985111,2.298799e-4,77
-0.04996858,0.99974741,2.352094e-4,82
-0.04996235,0.99988238,2.298726e-4,72
-0.04995866,0.99987289,2.299860e-4,67
-0.04993505,1.00008254,2.286027e-4,87
-0.04990177,0.99959823,2.295609e-4,51
-0.04988045,1.00016881,2.332939e-4,45
-0.04987777,0.99984081,2.309136e-4,48
-0.04987664,1.00030833,2.283890e-4,59
-0.04983884,1.00005145,2.303316e-4,79
-0.04983083,1.00030965,2.273100e-4,74
-0.04982380,1.00001902,2.298072e-4,84
-0.04982183,0.99978835,2.274134e-4,69
-0.04979069,1.00011833,2.313268e-4,56
-0.04971686,1.00009075,2.276322e-4,61
-0.04970470,1.00028491,2.316946e-4,53
-0.04968791,1.00018783,2.293504e-4,66
-0.04967270,1.00018910,2.302833e-4,86
-0.04966388,1.00018101,2.297715e-4,50
-0.04966041,0.99996772,2.405267e-4,44
-0.04964857,0.99966507,2.305518e-4,47
-0.04961890,0.99980333,2.302892e-4,58
-0.04960094,0.99977827,2.343408e-4,91
-0.04956581,1.00005725,2.309541e-4,78
-0.04956455,0.99985906,2.284259e-4,63
-0.04955637,0.99993803,2.294966e-4,83
-0.04955593,1.00010986,2.278624e-4,73
-0.04951481,0.99989989,2.282165e-4,88
-0.04945524,1.00007114,2.271568e-4,60
-0.04942443,1.00012255,2.277611e-4,75
-0.04942249,1.00032861,2.314129e-4,46
-0.04941844,0.99999060,2.289325e-4,65
-0.04941407,1.00037480,2.297947e-4,70
-0.04940857,1.00008568,2.306316e-4,85
-0.04936283,0.99979079,2.319265e-4,57
-0.04929942,1.00006625,2.287708e-4,62
-0.04929213,1.00017671,2.299850e-4,77
-0.04928750,0.99996062,2.352516e-4,82
-0.04928128,0.99990384,2.298674e-4,72
-0.04927748,0.99987510,2.300169e-4,67
-0.04925397,1.00029074,2.286288e-4,87
-0.04922068,1.00039521,2.296460e-4,51
-0.04919936,0.99977925,2.332488e-4,45
-0.04919658,0.99947195,2.308681e-4,48
-0.04919556,1.00036958,2.284067e-4,59
-0.04915786,0.99977239,2.302563e-4,79
-0.04914965,1.00014003,2.272986e-4,74
-0.04914272,1.00008163,2.298106e-4,84
-0.04914075,0.99972807,2.273971e-4,69
-0.04910961,1.00004900,2.313507e-4,56
-0.04903588,1.00007928,2.276373e-4,61
-0.04902361,1.00020228,2.316855e-4,53
-0.04901796,0.99986795,2.292598e-4,76
-0.04900691,0.99986548,2.297865e-4,71
-0.04900683,0.99977009,2.293318e-4,66
-0.04899172,1.00065712,2.303677e-4,86
-0.04898269,0.99993627,2.297455e-4,50
-0.04897922,0.99987830,2.405803e-4,44
-0.04896758,0.99947178,2.305336e-4,47
-0.04893792,1.00027923,2.303287e-4,58
-0.04891996,0.99990238,2.344024e-4,91
-0.04888463,0.99978287,2.309163e-4,78
-0.04888347,1.00059354,2.284821e-4,63
-0.04887519,0.99988287,2.294626e-4,83
-0.04887486,1.00042340,2.278923e-4,73
-0.04883363,0.99983345,2.282485e-4,88
-0.04877416,0.99974829,2.271272e-4,60
-0.04874764,1.00006218,2.324097e-4,49
-0.04874335,1.00013624,2.277806e-4,75
-0.04874130,0.99989854,2.313812e-4,46
-0.04873736,1.00001079,2.289201e-4,65
-0.04873289,0.99994475,2.297492e-4,70
-0.04872759,1.00028531,2.306103e-4,85
-0.04868174,1.00040045,2.320449e-4,57
-0.04866656,0.99988281,2.311723e-4,90
-0.04861824,1.00025812,2.287802e-4,62
-0.04861095,0.99973417,2.300192e-4,77
-0.04860633,0.99989763,2.352708e-4,82
-0.04860020,0.99981294,2.298499e-4,72
-0.04859640,0.99981007,2.300439e-4,67
-0.04857279,1.00044715,2.286431e-4,87
-0.04851816,1.00048530,2.333220e-4,45
-0.04851559,1.00006545,2.309191e-4,48
-0.04851437,0.99966251,2.283425e-4,59
-0.04847669,0.99990480,2.304123e-4,79
-0.04846858,0.99963612,2.272396e-4,74
-0.04846164,0.99981185,2.297804e-4,84
-0.04842842,1.00013896,2.313924e-4,56
-0.04835480,0.99960926,2.276037e-4,61
-0.04834243,1.00028444,2.316835e-4,53
-0.04833678,0.99979150,2.292689e-4,76
-0.04832575,1.00011670,2.293293e-4,66
-0.04832573,0.99978296,2.297864e-4,71
-0.04831064,1.00015119,2.303338e-4,86
-0.04830171,0.99985483,2.297205e-4,50
-0.04829813,1.00013175,2.406577e-4,44
-0.04828639,1.00009547,2.305927e-4,47
-0.04825674,1.00025070,2.303209e-4,58
-0.04823877,1.00000401,2.344688e-4,91
-0.04820366,0.99983319,2.310057e-4,78
-0.04820229,1.00014886,2.284225e-4,63
-0.04819421,1.00013627,2.294810e-4,83
-0.04819378,0.99979186,2.278312e-4,73
-0.04815255,1.00010213,2.283068e-4,88
-0.04809298,1.00018881,2.271806e-4,60
-0.04806665,1.00003304,2.324140e-4,49
-0.04806021,1.00011470,2.314008e-4,46
-0.04805619,1.00003630,2.289114e-4,65
-0.04804641,0.99965901,2.305064e-4,85
-0.04800056,0.99984906,2.320500e-4,57
-0.04798537,0.99996675,2.310919e-4,90
-0.04793716,1.00001926,2.287486e-4,62
-0.04792988,0.99925425,2.300501e-4,77
-0.04792535,0.99972629,2.352368e-4,82
-0.04791902,0.99967949,2.298289e-4,72
-0.04791532,1.00046454,2.301485e-4,67
-0.04789171,0.99996867,2.286000e-4,87
-0.04785851,0.99972562,2.295899e-4,51
-0.04783450,0.99948090,2.308663e-4,48
-0.04783329,1.00012130,2.283873e-4,59
-0.04779561,0.99966366,2.303434e-4,79
-0.04778750,0.99972427,2.272725e-4,74
-0.04778056,0.99998873,2.297835e-4,84
-0.04777850,0.99975031,2.274498e-4,69
-0.04774734,0.99989862,2.314001e-4,56
-0.04767372,1.00016794,2.276614e-4,61
-0.04766144,0.99995455,2.316524e-4,53
-0.04765570,1.00011480,2.293210e-4,76
-0.04764466,0.99979889,2.298068e-4,71
-0.04762946,0.99989467,2.303541e-4,86
-0.04762062,0.99970738,2.297024e-4,50
-0.04761714,1.00029818,2.407415e-4,44
-0.04760530,1.00014012,2.305940e-4,47
-0.04757566,1.00001527,2.302926e-4,58
-0.04755769,0.99993405,2.345225e-4,91
-0.04752258,0.99998218,2.309146e-4,78
-0.04752121,1.00003237,2.283975e-4,63
-0.04751260,0.99978328,2.277868e-4,73
-0.04747147,0.99994906,2.283265e-4,88
-0.04741200,0.99988011,2.271487e-4,60
-0.04738557,1.00019122,2.324241e-4,49
-0.04738120,0.99974009,2.277891e-4,75
-0.04737511,1.00004340,2.289010e-4,65
-0.04737084,0.99946699,2.296896e-4,70
-0.04736533,0.99996342,2.304898e-4,85
-0.04731958,0.99956119,2.320905e-4,57
-0.04730429,0.99987940,2.309984e-4,90
-0.04725608,0.99954062,2.286888e-4,62
-0.04724890,0.99966440,2.301622e-4,77
-0.04723804,0.99957726,2.298128e-4,72
-0.04723414,1.00022644,2.301534e-4,67
-0.04721063,0.99969989,2.285734e-4,87
-0.04717742,0.99971339,2.295992e-4,51
-0.04715588,1.00032820,2.332885e-4,45
-0.04715341,1.00058451,2.309728e-4,48
-0.04715221,1.00030182,2.284108e-4,59
-0.04710632,0.99986689,2.272931e-4,74
-0.04709752,1.00020957,2.275238e-4,69
-0.04706626,0.99994378,2.314345e-4,56
-0.04698036,0.99965355,2.316215e-4,53
-0.04697463,1.00003524,2.293367e-4,76
-0.04696368,1.00032366,2.298788e-4,71
-0.04696350,0.99953901,2.292687e-4,66
-0.04694838,1.00000509,2.303964e-4,86
-0.04693943,0.99996881,2.297115e-4,50
-0.04693594,1.00014871,2.407929e-4,44
-0.04692411,0.99972220,2.305532e-4,47
-0.04689448,0.99983140,2.302739e-4,58
-0.04687661,1.00019543,2.346112e-4,91
-0.04684150,0.99984523,2.308932e-4,78
-0.04684024,1.00026498,2.283957e-4,63
-0.04683205,1.00035773,2.294971e-4,83
-0.04683152,0.99994876,2.278103e-4,73
-0.04679029,1.00004449,2.283686e-4,88
-0.04673091,0.99993846,2.271615e-4,60
-0.04670448,0.99980849,2.324023e-4,49
-0.04670002,1.00046836,2.278884e-4,75
-0.04669792,1.00023039,2.314074e-4,46
-0.04669403,1.00000874,2.288913e-4,65
-0.04668425,1.00048921,2.304904e-4,85
-0.04663850,1.00032064,2.322345e-4,57
-0.04662321,0.99989926,2.309138e-4,90
-0.04657490,1.00030069,2.287558e-4,62
-0.04656782,0.99957771,2.302181e-4,77
-0.04656319,0.99989769,2.353586e-4,82
-0.04655697,1.00011381,2.298594e-4,72
-0.04655317,1.00009172,2.301792e-4,67
-0.04652945,1.00010398,2.286074e-4,87
-0.04649634,1.00021125,2.296540e-4,51
-0.04647479,1.00022375,2.332743e-4,45
-0.04647222,0.99975374,2.308867e-4,48
-0.04647103,1.00000980,2.283863e-4,59
-0.04643335,1.00017933,2.305896e-4,79
-0.04642524,0.99992731,2.272609e-4,74
-0.04641840,0.99973305,2.298048e-4,84
-0.04641634,0.99976078,2.275025e-4,69
-0.04638507,1.00026584,2.315066e-4,56
-0.04631146,0.99989024,2.276466e-4,61
-0.04629917,0.99996192,2.316459e-4,53
-0.04629345,1.00006652,2.293548e-4,76
-0.04628250,0.99969370,2.298401e-4,71
-0.04628242,1.00009817,2.293129e-4,66
-0.04626720,0.99993678,2.304143e-4,86
-0.04625834,0.99968497,2.296800e-4,50
-0.04625485,0.99994397,2.408543e-4,44
-0.04624302,1.00008389,2.305918e-4,47
-0.04621339,1.00000621,2.302850e-4,58
-0.04619542,1.00000271,2.346630e-4,91
-0.04616032,1.00035629,2.309277e-4,78
-0.04615906,1.00022814,2.283700e-4,63
-0.04615087,1.00008747,2.294691e-4,83
-0.04615055,0.99986603,2.277791e-4,73
-0.04610921,0.99957771,2.283569e-4,88
-0.04602329,0.99941207,2.321956e-4,49
-0.04601895,0.99982582,2.278527e-4,75
-0.04601683,1.00011756,2.313551e-4,46
-0.04601295,1.00008788,2.288882e-4,65
-0.04600858,1.00009700,2.297306e-4,70
-0.04600317,0.99993131,2.303874e-4,85
-0.04595731,0.99968884,2.322409e-4,57
-0.04594203,0.99997675,2.308408e-4,90
-0.04589382,0.99976073,2.286858e-4,62
-0.04588664,1.00023902,2.303532e-4,77
-0.04588201,0.99977768,2.353042e-4,82
-0.04587579,1.00033104,2.298679e-4,72
-0.04584837,1.00015136,2.286107e-4,87
-0.04581515,0.99989436,2.296324e-4,51
-0.04579370,1.00006134,2.332535e-4,45
-0.04579113,0.99995827,2.309125e-4,48
-0.04578995,0.99968339,2.283541e-4,59
-0.04574417,0.99958530,2.272693e-4,74
-0.04573722,0.99972953,2.297050e-4,84
-0.04573526,0.99970650,2.275211e-4,69
-0.04561809,1.00002056,2.316453e-4,53
-0.04561247,0.99981535,2.293438e-4,76
-0.04560143,1.00004982,2.298935e-4,71
-0.04558612,0.99951134,2.303973e-4,86
-0.04557726,1.00005382,2.297024e-4,50
-0.04557376,1.00014299,2.409374e-4,44
-0.04556193,1.00016990,2.305891e-4,47
-0.04553231,0.99999374,2.302803e-4,58
-0.04551434,0.99991977,2.347201e-4,91
-0.04547925,1.00008320,2.308989e-4,78
-0.04547798,1.00029803,2.283616e-4,63
-0.04546979,0.99980847,2.294419e-4,83
-0.04546937,0.99949819,2.277593e-4,73
-0.04542803,1.00019229,2.284455e-4,88
-0.04536865,1.00030983,2.272112e-4,60
-0.04534220,1.00026783,2.324443e-4,49
-0.04533787,1.00015593,2.279133e-4,75
-0.04533574,0.99979533,2.313610e-4,46
-0.04533177,0.99995691,2.288676e-4,65
-0.04532751,1.00031784,2.297300e-4,70
-0.04532199,1.00031832,2.303844e-4,85
-0.04527623,1.00005247,2.323474e-4,57
-0.04526094,1.00018278,2.307823e-4,90
-0.04521284,1.00029403,2.287242e-4,62
-0.04520557,1.00024683,2.304185e-4,77
-0.04520093,0.99983851,2.354190e-4,82
-0.04519471,1.00002392,2.298365e-4,72
-0.04519091,0.99953481,2.301971e-4,67
-0.04516729,0.99953629,2.285479e-4,87
-0.04513406,0.99979274,2.296244e-4,51
-0.04511271,0.99975956,2.332150e-4,45
-0.04511004,1.00013051,2.309431e-4,48
-0.04510897,0.99983325,2.283621e-4,59
-0.04507120,0.99985347,2.306625e-4,79
-0.04506309,1.00007467,2.273225e-4,74
-0.04505614,1.00009666,2.297131e-4,84
-0.04505419,1.00023580,2.275981e-4,69
-0.04502301,1.00038673,2.315794e-4,56
-0.04494919,0.99942860,2.275986e-4,61
-0.04493700,0.99993170,2.316356e-4,53
-0.04493140,1.00022738,2.293951e-4,76
-0.04492035,1.00020052,2.299349e-4,71
-0.04490504,0.99975735,2.304217e-4,86
-0.04489607,1.00009256,2.297015e-4,50
-0.04489267,0.99954202,2.409592e-4,44
-0.04488074,1.00008824,2.305819e-4,47
-0.04485113,1.00009354,2.302944e-4,58
-0.04483326,1.00010029,2.348025e-4,91
-0.04479807,1.00005641,2.308873e-4,78
-0.04479690,0.99982703,2.282916e-4,63
-0.04478871,0.99998822,2.294686e-4,83
-0.04478829,0.99965295,2.277585e-4,73
-0.04474705,1.00023609,2.284757e-4,88
-0.04468757,0.99959240,2.271428e-4,60
-0.04466101,1.00012454,2.324332e-4,49
-0.04465669,0.99970734,2.278933e-4,75
-0.04465455,1.00015969,2.313969e-4,46
-0.04465079,0.99988984,2.288533e-4,65
-0.04464643,1.00032765,2.297082e-4,70
-0.04464091,0.99986634,2.302892e-4,85
-0.04459515,0.99980538,2.323970e-4,57
-0.04457976,0.99974373,2.306587e-4,90
-0.04453176,1.00022443,2.287129e-4,62
-0.04452439,0.99981364,2.304329e-4,77
-0.04451976,0.99998134,2.354312e-4,82
-0.04450983,0.99971694,2.302532e-4,67
-0.04448621,0.99996816,2.285865e-4,87
-0.04445288,0.99999240,2.296534e-4,51
-0.04443151,1.00014207,2.332468e-4,45
-0.04442885,0.99989134,2.309231e-4,48
-0.04442779,0.99981249,2.283589e-4,59
-0.04439002,0.99999105,2.307267e-4,79
-0.04438201,0.99995443,2.273112e-4,74
-0.04437506,0.99991397,2.296658e-4,84
-0.04437301,1.00022831,2.276157e-4,69
-0.04426811,0.99980220,2.276337e-4,61
-0.04425592,0.99990295,2.316312e-4,53
-0.04423927,1.00007218,2.299482e-4,71
-0.04423918,0.99983758,2.292779e-4,66
-0.04422386,0.99989548,2.304553e-4,86
-0.04421498,0.99981356,2.296626e-4,50
-0.04421147,0.99992763,2.410693e-4,44
-0.04419965,1.00024905,2.306008e-4,47
-0.04417005,1.00009643,2.302913e-4,58
-0.04415207,1.00005979,2.348632e-4,91
-0.04411572,0.99955276,2.282379e-4,63
-0.04410753,1.00041754,2.295122e-4,83
-0.04410722,0.99967271,2.277609e-4,73
-0.04406596,0.99982102,2.284667e-4,88
-0.04400639,0.99993753,2.271843e-4,60
-0.04397992,0.99983727,2.324066e-4,49
-0.04397561,1.00000584,2.279509e-4,75
-0.04397356,1.00023511,2.314078e-4,46
-0.04396971,1.00019523,2.288809e-4,65
-0.04396525,0.99943472,2.295987e-4,70
-0.04395973,0.99979281,2.302412e-4,85
-0.04391397,0.99958613,2.324527e-4,57
-0.04389878,1.00058976,2.306617e-4,90
-0.04385058,1.00020817,2.286912e-4,62
-0.04384331,1.00074213,2.306267e-4,77
-0.04383868,0.99989185,2.354575e-4,82
-0.04383256,0.99970969,2.297841e-4,72
-0.04382875,0.99973536,2.302937e-4,67
-0.04380513,0.99964358,2.285461e-4,87
-0.04377179,1.00010206,2.296752e-4,51
-0.04375042,0.99989034,2.332072e-4,45
-0.04374776,0.99983228,2.309264e-4,48
-0.04374670,0.99999233,2.283728e-4,59
-0.04370904,0.99982010,2.307749e-4,79
-0.04370094,1.00025204,2.273392e-4,74
-0.04369388,0.99970478,2.296231e-4,84
-0.04369193,0.99977261,2.275996e-4,69
-0.04366074,0.99998060,2.316074e-4,56
-0.04358693,1.00006459,2.276549e-4,61
-0.04356914,1.00033232,2.294377e-4,76
-0.04355811,0.99971180,2.292678e-4,66
-0.04355809,1.00044395,2.300148e-4,71
-0.04354288,0.99941195,2.304342e-4,86
-0.04353389,1.00030905,2.297100e-4,50
-0.04353038,0.99977855,2.411365e-4,44
-0.04351866,1.00034252,2.306042e-4,47
-0.04348907,0.99993425,2.302759e-4,58
-0.04347109,1.00041646,2.349619e-4,91
-0.04343591,0.99991340,2.308616e-4,78
-0.04343464,1.00017724,2.282806e-4,63
-0.04342646,1.00011478,2.294909e-4,83
-0.04342614,1.00019547,2.278263e-4,73
-0.04338488,1.00001188,2.285143e-4,88
-0.04332531,0.99970810,2.271697e-4,60
-0.04329883,1.00025811,2.324466e-4,49
-0.04329464,1.00010683,2.279930e-4,75
-0.04329247,1.00004917,2.313781e-4,46
-0.04328418,1.00028139,2.296544e-4,70
-0.04327875,0.99988608,2.302020e-4,85
-0.04323288,1.00016019,2.325798e-4,57
-0.04321770,1.00012786,2.305457e-4,90
-0.04316950,0.99965079,2.286166e-4,62
-0.04316224,1.00022499,2.305835e-4,77
-0.04315760,0.99981739,2.355300e-4,82
-0.04315138,0.99987512,2.297978e-4,72
-0.04314768,0.99979196,2.303338e-4,67
-0.04312405,1.00012815,2.285850e-4,87
-0.04309070,1.00001951,2.296781e-4,51
-0.04306923,1.00038523,2.332503e-4,45
-0.04306678,1.00001082,2.309568e-4,48
-0.04306562,0.99964926,2.283314e-4,59
-0.04302797,1.00010727,2.307510e-4,79
-0.04301986,1.00048735,2.273619e-4,74
-0.04301290,1.00015953,2.296287e-4,84
-0.04301085,1.00008213,2.276525e-4,69
-0.04297966,1.00048136,2.316850e-4,56
-0.04290595,1.00000512,2.276422e-4,61
-0.04287702,1.00024929,2.300189e-4,71
-0.04287693,0.99949594,2.292508e-4,66
-0.04286180,0.99964126,2.304325e-4,86
-0.04285291,1.00024743,2.296990e-4,50
-0.04284929,0.99994828,2.412338e-4,44
-0.04283747,0.99980144,2.305578e-4,47
-0.04280788,1.00022058,2.303025e-4,58
-0.04279001,1.00042675,2.350260e-4,91
-0.04275494,1.00025247,2.308905e-4,78
-0.04275356,1.00012328,2.282448e-4,63
-0.04274548,0.99967185,2.294566e-4,83
-0.04274496,1.00013417,2.278649e-4,73
-0.04270370,0.99978487,2.285039e-4,88
-0.04264423,0.99998081,2.272050e-4,60
-0.04261785,0.99995824,2.324237e-4,49
-0.04261356,1.00011042,2.280232e-4,75
-0.04261128,1.00051476,2.314258e-4,46
-0.04260746,0.99998699,2.288444e-4,65
-0.04260310,0.99985323,2.295851e-4,70
-0.04259767,0.99990336,2.301620e-4,85
-0.04255180,0.99989948,2.326232e-4,57
-0.04253661,1.00008857,2.304757e-4,90
-0.04248832,0.99995829,2.286295e-4,62
-0.04248106,0.99959306,2.305695e-4,77
-0.04247662,0.99961902,2.355474e-4,82
-0.04247030,0.99998728,2.298016e-4,72
-0.04246650,0.99993872,2.303872e-4,67
-0.04244296,0.99949858,2.285183e-4,87
-0.04240971,0.99960140,2.296349e-4,51
-0.04238814,0.99979673,2.331801e-4,45
-0.04238559,0.99986213,2.309520e-4,48
-0.04234679,0.99990745,2.307851e-4,79
-0.04233868,1.00021599,2.273361e-4,74
-0.04232978,0.99984872,2.276239e-4,69
-0.04222487,1.00007581,2.276457e-4,61
-0.04220689,0.99969080,2.294075e-4,76
-0.04219594,0.99997699,2.300177e-4,71
-0.04219585,0.99992319,2.292900e-4,66
-0.04218062,1.00003677,2.304993e-4,86
-0.04217172,1.00000762,2.296663e-4,50
-0.04216820,1.00008165,2.413157e-4,44
-0.04215638,1.00027299,2.305951e-4,47
-0.04212680,1.00001747,2.302789e-4,58
-0.04210892,0.99996813,2.350428e-4,91
-0.04207376,1.00015578,2.308793e-4,78
-0.04207238,1.00012980,2.282160e-4,63
-0.04206430,0.99975662,2.294710e-4,83
-0.04202262,0.99976793,2.285185e-4,88
-0.04196305,1.00037417,2.272511e-4,60
-0.04193666,0.99970841,2.323938e-4,49
-0.04193019,0.99988322,2.313673e-4,46
-0.04192638,0.99986530,2.288258e-4,65
-0.04192202,1.00007719,2.295805e-4,70
-0.04187072,1.00000500,2.327096e-4,57
-0.04185543,0.99984807,2.303856e-4,90
-0.04180724,0.99999452,2.286168e-4,62
-0.04180008,1.00006041,2.306528e-4,77
-0.04179544,1.00011071,2.356371e-4,82
-0.04178933,1.00005562,2.298032e-4,72
-0.04178542,1.00006044,2.304339e-4,67
-0.04176178,1.00054112,2.286392e-4,87
-0.04172853,1.00023830,2.297097e-4,51
-0.04170705,1.00000322,2.332020e-4,45
-0.04170450,0.99979707,2.309666e-4,48
-0.04170336,0.99975867,2.283290e-4,59
-0.04166571,0.99997020,2.309415e-4,79
-0.04165760,0.99972226,2.272610e-4,74
-0.04165065,0.99975261,2.295210e-4,84
-0.04164870,0.99947628,2.276350e-4,69
-0.04161739,1.00037761,2.317371e-4,56
-0.04154379,1.00044545,2.276717e-4,61
-0.04152581,0.99980124,2.294311e-4,76
-0.04151486,1.00008910,2.300521e-4,71
-0.04151477,0.99996537,2.293249e-4,66
-0.04149954,0.99991273,2.304595e-4,86
-0.04149063,1.00001623,2.296641e-4,50
-0.04148710,1.00035493,2.414204e-4,44
-0.04147529,1.00014874,2.305823e-4,47
-0.04144572,0.99969029,2.302537e-4,58
-0.04142774,1.00018540,2.351235e-4,91
-0.04139140,0.99962099,2.281425e-4,63
-0.04138322,1.00014000,2.295199e-4,83
-0.04138281,0.99996477,2.278518e-4,73
-0.04128207,0.99980234,2.272005e-4,60
-0.04125557,0.99992255,2.324149e-4,49
-0.04125131,1.00011121,2.280799e-4,75
-0.04124910,1.00000537,2.313371e-4,46
-0.04124520,1.00010283,2.288481e-4,65
-0.04124094,1.00009011,2.295529e-4,70
-0.04123541,0.99979070,2.300627e-4,85
-0.04118963,1.00024501,2.328038e-4,57
-0.04112606,1.00000876,2.286013e-4,62
-0.04111900,1.00029340,2.307128e-4,77
-0.04111436,1.00012941,2.356797e-4,82
-0.04110815,0.99977934,2.297709e-4,72
-0.04110444,0.99997913,2.304592e-4,67
-0.04108070,0.99996379,2.285419e-4,87
-0.04104744,0.99959930,2.296526e-4,51
-0.04102586,1.00004504,2.331968e-4,45
-0.04102341,0.99970918,2.309674e-4,48
-0.04102228,0.99964320,2.283103e-4,59
-0.04098463,0.99993835,2.309870e-4,79
-0.04097653,1.00016134,2.273216e-4,74
-0.04096957,0.99975107,2.294823e-4,84
-0.04096762,1.00048934,2.277547e-4,69
-0.04093631,1.00035879,2.317579e-4,56
-0.04086261,0.99966802,2.275850e-4,61
-0.04084473,1.00014672,2.294744e-4,76
-0.04083378,0.99975762,2.300466e-4,71
-0.04083359,0.99975682,2.292805e-4,66
-0.04081845,0.99982446,2.304690e-4,86
-0.04080954,0.99965340,2.296242e-4,50
-0.04080601,0.99999182,2.414579e-4,44
-0.04079410,1.00022260,2.305879e-4,47
-0.04076464,1.00020513,2.303008e-4,58
-0.04074666,0.99970902,2.351395e-4,91
-0.04071032,1.00005246,2.281539e-4,63
-0.04070214,1.00010086,2.295220e-4,83
-0.04070173,1.00011900,2.278844e-4,73
-0.04066036,0.99987876,2.285596e-4,88
-0.04060099,0.99983314,2.272123e-4,60
-0.04057438,1.00032641,2.324480e-4,49
-0.04057023,1.00025732,2.281240e-4,75
-0.04056791,0.99991982,2.313266e-4,46
-0.04056412,0.99989198,2.288186e-4,65
-0.04055987,1.00028033,2.295366e-4,70
-0.04055433,0.99967603,2.300092e-4,85
-0.04050855,1.00036331,2.328869e-4,57
-0.04049316,0.99969144,2.302535e-4,90
-0.04044498,0.99972669,2.285560e-4,62
-0.04043318,0.99971581,2.356870e-4,82
-0.04042326,0.99987522,2.304880e-4,67
-0.04039962,0.99989667,2.285290e-4,87
-0.04036625,0.99942844,2.296436e-4,51
-0.04034476,1.00026636,2.332069e-4,45
-0.04034232,0.99964143,2.309857e-4,48
-0.04034120,0.99972727,2.283069e-4,59
-0.04028849,0.99975689,2.294513e-4,84
-0.04028644,1.00018915,2.277480e-4,69
-0.04025522,0.99968392,2.317186e-4,56
-0.04018153,0.99996799,2.276044e-4,61
-0.04016376,1.00033138,2.295232e-4,76
-0.04015271,0.99986920,2.300893e-4,71
-0.04015261,0.99977907,2.292890e-4,66
-0.04013727,0.99978728,2.304584e-4,86
-0.04012836,1.00023003,2.296719e-4,50
-0.04012482,0.99989763,2.415099e-4,44
-0.04011301,1.00087658,2.306889e-4,47
-0.04008346,0.99995273,2.302777e-4,58
-0.04006557,1.00017046,2.352349e-4,91
-0.04003043,1.00003680,2.308680e-4,78
-0.04002914,1.00019333,2.281407e-4,63
-0.04002065,0.99998006,2.278892e-4,73
-0.03997928,1.00001328,2.285774e-4,88
-0.03991981,0.99981359,2.272153e-4,60
-0.03989329,0.99988310,2.323960e-4,49
-0.03988905,0.99998384,2.281328e-4,75
-0.03988682,1.00012875,2.313881e-4,46
-0.03988304,1.00033081,2.288603e-4,65
-0.03987869,0.99993916,2.294707e-4,70
-0.03987316,0.99991697,2.299896e-4,85
-0.03982737,1.00004318,2.329164e-4,57
-0.03981208,0.99973992,2.302034e-4,90
-0.03976400,1.00040224,2.286026e-4,62
-0.03975675,1.00029604,2.307633e-4,77
-0.03975211,0.99967422,2.357222e-4,82
-0.03974600,1.00018449,2.298014e-4,72
-0.03971844,1.00023432,2.285492e-4,87
-0.03966377,0.99997650,2.331721e-4,45
-0.03966113,0.99998886,2.310353e-4,48
-0.03960731,0.99997104,2.294299e-4,84
-0.03960537,1.00004119,2.277548e-4,69
-0.03957414,1.00017890,2.317870e-4,56
-0.03950035,0.99990388,2.275840e-4,61
-0.03948258,1.00021156,2.295299e-4,76
-0.03947154,1.00009830,2.293248e-4,66
-0.03947153,0.99940553,2.300728e-4,71
-0.03945619,1.00026539,2.304913e-4,86
-0.03944373,1.00029192,2.416087e-4,44
-0.03943192,1.00044382,2.306051e-4,47
-0.03940237,1.00014526,2.302959e-4,58
-0.03938439,1.00023983,2.352918e-4,91
-0.03934935,0.99981468,2.308505e-4,78
-0.03933988,1.00036818,2.295706e-4,83
-0.03933958,0.99984180,2.278727e-4,73
-0.03929820,0.99964756,2.285422e-4,88
-0.03923872,0.99967993,2.272118e-4,60
-0.03921220,1.00022100,2.324282e-4,49
-0.03920798,1.00006917,2.281708e-4,75
-0.03920572,1.00009709,2.313757e-4,46
-0.03920196,1.00043422,2.288674e-4,65
-0.03919761,1.00014952,2.294585e-4,70
-0.03919208,0.99962533,2.299196e-4,85
-0.03914629,1.00010244,2.329867e-4,57
-0.03913100,0.99984444,2.301706e-4,90
-0.03907567,1.00036668,2.307797e-4,77
-0.03907103,0.99956727,2.357124e-4,82
-0.03906482,0.99990494,2.297695e-4,72
-0.03906111,1.00022183,2.305868e-4,67
-0.03903736,1.00008301,2.285235e-4,87
-0.03900408,1.00007039,2.297260e-4,51
-0.03898004,0.99983086,2.310397e-4,48
-0.03897903,0.99989175,2.283046e-4,59
-0.03894130,1.00005578,2.310926e-4,79
-0.03893330,1.00009128,2.272889e-4,74
-0.03892623,1.00000541,2.293958e-4,84
-0.03892429,0.99968645,2.277396e-4,69
-0.03889306,0.99977416,2.317719e-4,56
-0.03881927,1.00006547,2.275888e-4,61
-0.03880150,1.00021989,2.295525e-4,76
-0.03879045,0.99991617,2.301447e-4,71
-0.03879036,0.99979359,2.293049e-4,66
-0.03877511,0.99966358,2.304108e-4,86
-0.03876618,1.00006277,2.296500e-4,50
-0.03876263,0.99988561,2.416321e-4,44
-0.03875073,1.00001490,2.305669e-4,47
-0.03872129,0.99956043,2.302412e-4,58
-0.03866827,1.00010650,2.308809e-4,78
-0.03866698,0.99985164,2.280520e-4,63
-0.03865880,1.00007385,2.295517e-4,83
-0.03865840,1.00018421,2.279318e-4,73
-0.03861711,0.99981640,2.285545e-4,88
-0.03855764,0.99992404,2.272465e-4,60
-0.03853102,1.00026243,2.324256e-4,49
-0.03852690,1.00050260,2.282461e-4,75
-0.03852473,0.99987863,2.313581e-4,46
-0.03852088,0.99976654,2.288035e-4,65
-0.03851653,0.99978503,2.294156e-4,70
-0.03851100,0.99992298,2.299120e-4,85
-0.03846520,0.99976048,2.330133e-4,57
-0.03845002,0.99990879,2.301363e-4,90
-0.03840174,0.99961270,2.284859e-4,62
-0.03839450,0.99987339,2.307413e-4,77
-0.03838374,1.00025756,2.297988e-4,72
-0.03837993,0.99976038,2.305705e-4,67
-0.03835638,1.00013608,2.285155e-4,87
-0.03832289,0.99987778,2.297051e-4,51
-0.03830149,0.99982394,2.331465e-4,45
-0.03829885,0.99972422,2.310445e-4,48
-0.03829795,1.00009297,2.283158e-4,59
-0.03826032,0.99948902,2.311292e-4,79
-0.03825212,0.99985031,2.272590e-4,74
-0.03824515,0.99995444,2.293578e-4,84
-0.03824321,1.00022191,2.278101e-4,69
-0.03821187,1.00005963,2.318185e-4,56
-0.03813819,0.99990924,2.275589e-4,61
-0.03812033,1.00009087,2.295565e-4,76
-0.03810938,1.00011185,2.301912e-4,71
-0.03810928,1.00042068,2.294021e-4,66
-0.03809403,1.00019749,2.304288e-4,86
-0.03808509,1.00048403,2.296913e-4,50
-0.03808144,0.99999438,2.416919e-4,44
-0.03806974,0.99987958,2.305479e-4,47
-0.03804021,1.00018337,2.303054e-4,58
-0.03802232,0.99993546,2.353450e-4,91
-0.03798710,0.99980097,2.308626e-4,78
-0.03798580,0.99985504,2.280268e-4,63
-0.03797773,0.99972833,2.295360e-4,83
-0.03797732,1.00003250,2.279787e-4,73
-0.03793603,0.99971132,2.285343e-4,88
-0.03787656,0.99953622,2.272199e-4,60
-0.03784993,1.00022729,2.324135e-4,49
-0.03784582,1.00029066,2.282591e-4,75
-0.03784354,0.99947577,2.313158e-4,46
-0.03783981,1.00011567,2.288342e-4,65
-0.03783546,1.00003041,2.293799e-4,70
-0.03783002,0.99996143,2.298755e-4,85
-0.03778402,1.00007239,2.330931e-4,57
-0.03776883,1.00014679,2.301272e-4,90
-0.03772066,0.99972766,2.284822e-4,62
-0.03771342,0.99987323,2.307335e-4,77
-0.03770266,1.00039723,2.298061e-4,72
-0.03769885,0.99981707,2.306052e-4,67
-0.03767520,0.99966793,2.284552e-4,87
-0.03764181,0.99995478,2.297208e-4,51
-0.03762040,0.99980343,2.331403e-4,45
-0.03761786,1.00020118,2.311150e-4,48
-0.03761677,0.99992311,2.282845e-4,59
-0.03757915,1.00005272,2.311307e-4,79
-0.03757104,1.00022070,2.272879e-4,74
-0.03756417,0.99998584,2.293188e-4,84
-0.03756203,0.99970786,2.277807e-4,69
-0.03753079,0.99963284,2.317859e-4,56
-0.03745721,1.00016881,2.275679e-4,61
-0.03743925,1.00027584,2.295937e-4,76
-0.03742830,1.00017321,2.302189e-4,71
-0.03742820,0.99974825,2.293229e-4,66
-0.03741295,1.00008591,2.303821e-4,86
-0.03740400,1.00022324,2.296630e-4,50
-0.03740035,0.99982339,2.417190e-4,44
-0.03735913,0.99994519,2.302823e-4,58
-0.03734114,1.00015637,2.353954e-4,91
-0.03730602,0.99977000,2.308633e-4,78
-0.03730472,0.99986932,2.280042e-4,63
-0.03729625,1.00010263,2.279768e-4,73
-0.03725495,0.99997924,2.285458e-4,88
-0.03719538,0.99944128,2.272220e-4,60
-0.03716894,0.99962740,2.323388e-4,49
-0.03716474,0.99990885,2.282556e-4,75
-0.03716245,1.00017244,2.313842e-4,46
-0.03715863,1.00019588,2.288489e-4,65
-0.03715428,0.99999334,2.293443e-4,70
-0.03710294,1.00016428,2.331493e-4,57
-0.03708775,1.00003317,2.300908e-4,90
-0.03703958,1.00003372,2.284888e-4,62
-0.03703234,1.00041769,2.307810e-4,77
-0.03702779,0.99964006,2.358801e-4,82
-0.03702159,1.00042834,2.298118e-4,72
-0.03699412,1.00027861,2.285050e-4,87
-0.03696082,0.99993325,2.297297e-4,51
-0.03693931,0.99994695,2.331471e-4,45
-0.03693677,1.00022906,2.311385e-4,48
-0.03693569,0.99990927,2.282768e-4,59
-0.03689807,0.99985974,2.312484e-4,79
-0.03688997,0.99985286,2.272447e-4,74
-0.03688299,1.00010464,2.292991e-4,84
-0.03688096,0.99989364,2.278085e-4,69
-0.03684971,1.00001895,2.318351e-4,56
-0.03677603,0.99977508,2.275164e-4,61
-0.03675817,1.00005338,2.295939e-4,76
-0.03674712,0.99975026,2.301984e-4,71
-0.03674702,0.99987936,2.293473e-4,66
-0.03673187,0.99979515,2.303582e-4,86
-0.03672292,1.00015155,2.296565e-4,50
-0.03671935,0.99989825,2.417644e-4,44
-0.03670746,0.99993321,2.305544e-4,47
-0.03667805,1.00007672,2.302948e-4,58
-0.03666006,1.00001770,2.354096e-4,91
-0.03662504,1.00016293,2.309132e-4,78
-0.03662354,0.99977519,2.279720e-4,63
-0.03661557,1.00004380,2.295902e-4,83
-0.03661507,0.99957175,2.279484e-4,73
-0.03657377,0.99987909,2.285151e-4,88
-0.03651430,1.00013809,2.272934e-4,60
-0.03648775,1.00003002,2.323756e-4,49
-0.03648367,0.99954572,2.282304e-4,75
-0.03648136,0.99998750,2.313546e-4,46
-0.03647755,0.99991268,2.288168e-4,65
-0.03647330,0.99957970,2.292702e-4,70
-0.03646776,0.99982038,2.297897e-4,85
-0.03642196,0.99993842,2.331676e-4,57
-0.03640657,0.99981818,2.300477e-4,90
-0.03635840,0.99943618,2.284082e-4,62
-0.03635116,1.00023687,2.307444e-4,77
-0.03634671,1.00011786,2.359576e-4,82
-0.03634051,0.99988061,2.297506e-4,72
-0.03627973,0.99969521,2.297122e-4,51
-0.03625811,0.99970406,2.331204e-4,45
-0.03625568,0.99948607,2.310783e-4,48
-0.03625461,1.00012669,2.282841e-4,59
-0.03620879,0.99989520,2.272376e-4,74
-0.03619998,0.99999547,2.278254e-4,69
-0.03616862,0.99969752,2.318081e-4,56
-0.03609495,0.99991302,2.275124e-4,61
-0.03607699,0.99986404,2.295948e-4,76
-0.03606614,1.00022550,2.302691e-4,71
-0.03606594,0.99962205,2.293373e-4,66
-0.03605069,0.99990086,2.303243e-4,86
-0.03604183,0.99999027,2.296392e-4,50
-0.03603816,0.99965200,2.417709e-4,44
-0.03602637,0.99991928,2.305502e-4,47
-0.03599696,0.99937284,2.302276e-4,58
-0.03597897,0.99977957,2.354014e-4,91
-0.03594386,0.99982132,2.308925e-4,78
-0.03594256,0.99963603,2.279369e-4,63
-0.03593449,0.99945555,2.295372e-4,83
-0.03593399,0.99979474,2.280003e-4,73
-0.03589269,0.99981409,2.284894e-4,88
-0.03583332,1.00015071,2.273008e-4,60
-0.03580666,0.99988250,2.323461e-4,49
-0.03580249,0.99957962,2.282899e-4,75
-0.03580017,0.99975912,2.313373e-4,46
-0.03579647,0.99966554,2.287984e-4,65
-0.03579222,0.99950107,2.292342e-4,70
-0.03578658,0.99992155,2.297599e-4,85
-0.03572549,0.99955635,2.300069e-4,90
-0.03567732,0.99953805,2.284029e-4,62
-0.03567019,0.99987448,2.306871e-4,77
-0.03566554,0.99937605,2.359267e-4,82
-0.03565943,0.99994249,2.297503e-4,72
-0.03565552,0.99968876,2.306509e-4,67
-0.03559855,0.99972363,2.297194e-4,51
-0.03557702,0.99927768,2.330743e-4,45
-0.03557449,0.99962910,2.311224e-4,48
-0.03557353,0.99950071,2.282107e-4,59
-0.03553581,0.99908497,2.311484e-4,79
-0.03552771,0.99997522,2.272315e-4,74
-0.03552083,0.99964283,2.291870e-4,84
-0.03551880,0.99969185,2.278059e-4,69
-0.03548744,0.99942043,2.317790e-4,56
-0.03541387,0.99947677,2.274520e-4,61
-0.03540151,0.99951975,2.315252e-4,53
-0.03539592,0.99955558,2.295885e-4,76
-0.03538507,0.99965874,2.302320e-4,71
-0.03538487,0.99933362,2.293202e-4,66
-0.03536961,0.99962703,2.302800e-4,86
-0.03536064,0.99971519,2.296146e-4,50
-0.03535707,0.99945079,2.417757e-4,44
-0.03534528,0.99984961,2.305417e-4,47
-0.03529779,0.99938830,2.353739e-4,91
-0.03526279,0.99917811,2.308388e-4,78
-0.03526148,0.99970356,2.279226e-4,63
-0.03525331,0.99927943,2.295352e-4,83
-0.03525301,0.99922336,2.279765e-4,73
-0.03521161,0.99958207,2.284446e-4,88
-0.03515214,0.99915973,2.272168e-4,60
-0.03512557,0.99934026,2.322782e-4,49
-0.03512141,0.99964695,2.283281e-4,75
-0.03511908,0.99924319,2.312778e-4,46
-0.03511529,0.99950444,2.287872e-4,65
-0.03511105,0.99920799,2.291736e-4,70
-0.03510550,0.99921994,2.296613e-4,85
-0.03505969,0.99908889,2.331470e-4,57
-0.03504440,0.99937819,2.299812e-4,90
-0.03498911,0.99904320,2.305787e-4,77
-0.03498446,0.99925368,2.359493e-4,82
-0.03497836,0.99949429,2.297029e-4,72
-0.03497454,0.99954286,2.306456e-4,67
-0.03495078,0.99953037,2.284070e-4,87
-0.03489593,0.99945026,2.330908e-4,45
-0.03489341,0.99950155,2.311215e-4,48
-0.03489235,0.99914319,2.281632e-4,59
-0.03485474,0.99944491,2.312064e-4,79
-0.03484663,0.99917297,2.271432e-4,74
-0.03483965,0.99940304,2.291312e-4,84
-0.03483772,0.99906029,2.277506e-4,69
-0.03480646,0.99938518,2.317778e-4,56
-0.03473269,0.99914960,2.273965e-4,61
-0.03472042,0.99963850,2.315227e-4,53
-0.03470389,0.99956476,2.293650e-4,66
-0.03468853,0.99942874,2.302311e-4,86
-0.03467955,0.99957919,2.295959e-4,50
-0.03467598,0.99905271,2.417495e-4,44
-0.03466419,0.99936442,2.304960e-4,47
-0.03463470,0.99964753,2.302555e-4,58
-0.03461671,0.99911790,2.353520e-4,91
-0.03458171,0.99901137,2.308386e-4,78
-0.03458040,0.99917475,2.278549e-4,63
-0.03457223,0.99917119,2.295342e-4,83
-0.03457194,0.99921061,2.280059e-4,73
-0.03453043,0.99897096,2.283559e-4,88
-0.03447106,0.99911203,2.272186e-4,60
-0.03444439,0.99930359,2.322648e-4,49
-0.03444034,0.99920785,2.283179e-4,75
-0.03443789,0.99893341,2.312495e-4,46
-0.03443421,0.99936837,2.287766e-4,65
-0.03442997,0.99885550,2.291028e-4,70
-0.03442442,0.99898053,2.295627e-4,85
-0.03437861,0.99932122,2.331874e-4,57
-0.03436332,0.99872306,2.299261e-4,90
-0.03431506,0.99914098,2.283234e-4,62
-0.03429718,0.99863561,2.296174e-4,72
-0.03429346,0.99890378,2.305957e-4,67
-0.03426970,0.99909327,2.283252e-4,87
-0.03423627,0.99934409,2.296985e-4,51
-0.03421484,0.99882041,2.330306e-4,45
-0.03421232,0.99906136,2.310970e-4,48
-0.03421136,0.99899220,2.281422e-4,59
-0.03417366,0.99918668,2.313024e-4,79
-0.03416566,0.99923156,2.271399e-4,74
-0.03415665,0.99872127,2.277069e-4,69
-0.03412527,0.99890148,2.317238e-4,56
-0.03405161,0.99860929,2.273281e-4,61
-0.03403934,0.99924765,2.314824e-4,53
-0.03403376,0.99847351,2.295277e-4,76
-0.03402281,0.99875071,2.301728e-4,71
-0.03402271,0.99924842,2.293536e-4,66
-0.03400745,0.99887499,2.301445e-4,86
-0.03399847,0.99891128,2.295369e-4,50
-0.03399478,0.99861780,2.417097e-4,44
-0.03398300,0.99916068,2.304790e-4,47
-0.03395362,0.99834048,2.301291e-4,58
-0.03393562,0.99890103,2.353256e-4,91
-0.03390053,0.99835631,2.307959e-4,78
-0.03389923,0.99900477,2.278195e-4,63
-0.03389076,0.99883046,2.279988e-4,73
-0.03384934,0.99891910,2.283208e-4,88
-0.03378998,0.99891774,2.272069e-4,60
-0.03376330,0.99857602,2.321773e-4,49
-0.03375916,0.99877271,2.283083e-4,75
-0.03375680,0.99904672,2.312520e-4,46
-0.03375303,0.99838392,2.286828e-4,65
-0.03374889,0.99892106,2.290866e-4,70
-0.03374324,0.99893844,2.295706e-4,85
-0.03369743,0.99897264,2.331602e-4,57
-0.03368214,0.99862781,2.299196e-4,90
-0.03363408,0.99841845,2.282330e-4,62
-0.03362685,0.99879992,2.304808e-4,77
-0.03362220,0.99907781,2.359971e-4,82
-0.03361610,0.99861597,2.296127e-4,72
-0.03361228,0.99868516,2.305772e-4,67
-0.03358862,0.99873969,2.282801e-4,87
-0.03355519,0.99856491,2.296210e-4,51
-0.03353375,0.99869574,2.330188e-4,45
-0.03353113,0.99849525,2.310632e-4,48
-0.03353018,0.99886152,2.281145e-4,59
-0.03349248,0.99854115,2.312534e-4,79
-0.03348448,0.99920720,2.270890e-4,74
-0.03347740,0.99902004,2.290321e-4,84
-0.03347547,0.99874364,2.277224e-4,69
-0.03344419,0.99838720,2.316694e-4,56
-0.03337053,0.99853407,2.273055e-4,61
-0.03335815,0.99853337,2.314061e-4,53
-0.03335269,0.99808293,2.294933e-4,76
-0.03334174,0.99865982,2.301788e-4,71
-0.03334163,0.99854990,2.293008e-4,66
-0.03332627,0.99900734,2.301247e-4,86
-0.03331728,0.99858894,2.295034e-4,50
-0.03331369,0.99857581,2.416996e-4,44
-0.03330191,0.99853549,2.304153e-4,47
-0.03325444,0.99845486,2.352679e-4,91
-0.03321945,0.99842759,2.308193e-4,78
-0.03321815,0.99888090,2.277917e-4,63
-0.03320997,0.99883004,2.295204e-4,83
-0.03320968,0.99853691,2.280065e-4,73
-0.03316836,0.99859893,2.282613e-4,88
-0.03310880,0.99846268,2.271680e-4,60
-0.03308221,0.99854480,2.321584e-4,49
-0.03307808,0.99855241,2.283168e-4,75
-0.03307581,0.99858336,2.311941e-4,46
-0.03307215,0.99873838,2.287234e-4,65
-0.03306772,0.99845758,2.290157e-4,70
-0.03306216,0.99837735,2.294018e-4,85
-0.03301634,0.99880338,2.331428e-4,57
-0.03300116,0.99855846,2.299319e-4,90
-0.03295300,0.99830922,2.281944e-4,62
-0.03294578,0.99883471,2.304498e-4,77
-0.03294112,0.99819379,2.359367e-4,82
-0.03293502,0.99851846,2.295948e-4,72
-0.03293120,0.99764982,2.304802e-4,67
-0.03290753,0.99857220,2.282430e-4,87
-0.03287410,0.99871331,2.296474e-4,51
-0.03285265,0.99831479,2.329855e-4,45
-0.03285004,0.99861307,2.310934e-4,48
-0.03284910,0.99815338,2.280393e-4,59
-0.03281150,0.99842787,2.311659e-4,79
-0.03279632,0.99850306,2.289566e-4,84
-0.03279439,0.99833960,2.276471e-4,69
-0.03276311,0.99818801,2.316327e-4,56
-0.03268935,0.99784808,2.272185e-4,61
-0.03267707,0.99830132,2.313878e-4,53
-0.03267161,0.99806476,2.295133e-4,76
-0.03266056,0.99809139,2.301274e-4,71
-0.03266055,0.99796853,2.292647e-4,66
-0.03263619,0.99863506,2.295112e-4,50
-0.03263260,0.99826013,2.416630e-4,44
-0.03262092,0.99804454,2.303619e-4,47
-0.03259145,0.99792437,2.300889e-4,58
-0.03257346,0.99824285,2.352186e-4,91
-0.03253838,0.99817722,2.308107e-4,78
-0.03252889,0.99835165,2.294845e-4,83
-0.03252851,0.99836788,2.280231e-4,73
-0.03242772,0.99780725,2.271152e-4,60
-0.03240112,0.99782761,2.320693e-4,49
-0.03239472,0.99829234,2.311270e-4,46
-0.03239098,0.99825982,2.286838e-4,65
-0.03238664,0.99793728,2.289399e-4,70
-0.03238118,0.99769009,2.293861e-4,85
-0.03233516,0.99824445,2.330773e-4,57
-0.03232007,0.99842396,2.299338e-4,90
-0.03227182,0.99757665,2.281053e-4,62
-0.03226460,0.99806550,2.303325e-4,77
-0.03226004,0.99845066,2.359844e-4,82
-0.03225385,0.99810209,2.295559e-4,72
-0.03225003,0.99774902,2.304862e-4,67
-0.03222645,0.99795508,2.281700e-4,87
-0.03219291,0.99790193,2.295640e-4,51
-0.03217146,0.99801924,2.329533e-4,45
-0.03216905,0.99790421,2.310352e-4,48
-0.03216802,0.99771850,2.279822e-4,59
-0.03213043,0.99797446,2.311742e-4,79
-0.03212223,0.99804940,2.269772e-4,74
-0.03211534,0.99777411,2.288569e-4,84
-0.03211331,0.99743037,2.275764e-4,69
-0.03208202,0.99780009,2.315770e-4,56
-0.03200837,0.99793794,2.272087e-4,61
-0.03199588,0.99784284,2.313341e-4,53
-0.03199043,0.99769005,2.295122e-4,76
-0.03197948,0.99780109,2.301060e-4,71
-0.03197937,0.99798020,2.292811e-4,66
-0.03196421,0.99780683,2.299405e-4,86
-0.03195500,0.99810570,2.294562e-4,50
-0.03195141,0.99779216,2.416019e-4,44
-0.03193973,0.99778529,2.303311e-4,47
-0.03191037,0.99759422,2.300545e-4,58
-0.03189238,0.99757612,2.351238e-4,91
-0.03185730,0.99767189,2.307858e-4,78
-0.03185589,0.99760676,2.276393e-4,63
-0.03184792,0.99756652,2.294134e-4,83
-0.03184743,0.99756829,2.279784e-4,73
-0.03180610,0.99766172,2.281041e-4,88
-0.03174663,0.99774890,2.271161e-4,60
-0.03171593,0.99787379,2.283173e-4,75
-0.03171352,0.99745279,2.310802e-4,46
-0.03170990,0.99780013,2.285837e-4,65
-0.03170556,0.99783298,2.289050e-4,70
-0.03170000,0.99791987,2.293387e-4,85
-0.03165408,0.99773650,2.330067e-4,57
-0.03163889,0.99754772,2.298773e-4,90
-0.03159074,0.99768689,2.280984e-4,62
-0.03158352,0.99728786,2.302126e-4,77
-0.03157896,0.99775037,2.359432e-4,82
-0.03157277,0.99788143,2.295258e-4,72
-0.03156895,0.99737339,2.304471e-4,67
-0.03151193,0.99744677,2.295242e-4,51
-0.03149037,0.99761408,2.329203e-4,45
-0.03148786,0.99761100,2.310274e-4,48
-0.03148694,0.99743681,2.279480e-4,59
-0.03144925,0.99721763,2.310672e-4,79
-0.03144115,0.99775981,2.269203e-4,74
-0.03143426,0.99716420,2.287734e-4,84
-0.03143214,0.99753417,2.275579e-4,69
-0.03140084,0.99744252,2.315230e-4,56
-0.03132729,0.99716575,2.271149e-4,61
-0.03131489,0.99736376,2.312859e-4,53
-0.03129830,0.99728014,2.300602e-4,71
-0.03129830,0.99753157,2.292556e-4,66
-0.03128303,0.99739391,2.298689e-4,86
-0.03127402,0.99754791,2.294028e-4,50
-0.03127031,0.99708065,2.415207e-4,44
-0.03125864,0.99747661,2.303040e-4,47
-0.03122919,0.99781620,2.300805e-4,58
-0.03121129,0.99742614,2.350664e-4,91
-0.03117622,0.99739067,2.307577e-4,78
-0.03117481,0.99723808,2.275985e-4,63
-0.03116635,0.99767967,2.280236e-4,73
-0.03112502,0.99769474,2.280719e-4,88
-0.03106555,0.99718179,2.270648e-4,60
-0.03103894,0.99717720,2.319651e-4,49
-0.03103485,0.99753080,2.283127e-4,75
-0.03103243,0.99733711,2.310356e-4,46
-0.03102872,0.99723203,2.285907e-4,65
-0.03102458,0.99698662,2.287989e-4,70
-0.03101892,0.99700021,2.291836e-4,85
-0.03097309,0.99742148,2.329489e-4,57
-0.03095781,0.99699304,2.298507e-4,90
-0.03090245,0.99748848,2.301777e-4,77
-0.03089789,0.99692474,2.358003e-4,82
-0.03089159,0.99723137,2.294556e-4,72
-0.03088787,0.99688912,2.303953e-4,67
-0.03086419,0.99693047,2.280373e-4,87
-0.03083084,0.99663393,2.294548e-4,51
-0.03080928,0.99714611,2.328753e-4,45
-0.03080677,0.99707803,2.309966e-4,48
-0.03080576,0.99700048,2.278953e-4,59
-0.03076817,0.99698804,2.311441e-4,79
-0.03076007,0.99712189,2.268649e-4,74
-0.03075308,0.99724442,2.287623e-4,84
-0.03075116,0.99688604,2.274785e-4,69
-0.03071976,0.99743290,2.314955e-4,56
-0.03064611,0.99728110,2.271114e-4,61
-0.03063381,0.99674510,2.312223e-4,53
-0.03062828,0.99733265,2.295240e-4,76
-0.03061733,0.99699971,2.300219e-4,71
-0.03061712,0.99705267,2.292322e-4,66
-0.03060195,0.99659318,2.297296e-4,86
-0.03059293,0.99691351,2.293421e-4,50
-0.03058932,0.99721971,2.415057e-4,44
-0.03057755,0.99680483,2.302441e-4,47
-0.03054811,0.99676817,2.299755e-4,58
-0.03053011,0.99690063,2.349683e-4,91
-0.03049514,0.99680391,2.307450e-4,78
-0.03049383,0.99699896,2.275675e-4,63
-0.03048566,0.99675060,2.293433e-4,83
-0.03048518,0.99678572,2.279712e-4,73
-0.03044394,0.99646213,2.279200e-4,88
-0.03038447,0.99680219,2.270399e-4,60
-0.03035786,0.99652989,2.318769e-4,49
-0.03035377,0.99661369,2.282520e-4,75
-0.03035124,0.99670679,2.309834e-4,46
-0.03034764,0.99670661,2.284879e-4,65
-0.03034341,0.99674595,2.287541e-4,70
-0.03033784,0.99643153,2.291366e-4,85
-0.03029201,0.99687861,2.328609e-4,57
-0.03027673,0.99704448,2.298904e-4,90
-0.03022848,0.99655510,2.279471e-4,62
-0.03022137,0.99747290,2.301218e-4,77
-0.03021681,0.99610268,2.357745e-4,82
-0.03020669,0.99712800,2.304112e-4,67
-0.03018311,0.99661629,2.279851e-4,87
-0.03014965,0.99647382,2.294406e-4,51
-0.03012819,0.99657399,2.328278e-4,45
-0.03012568,0.99694671,2.309918e-4,48
-0.03012468,0.99654954,2.278432e-4,59
-0.03007890,0.99648373,2.267783e-4,74
-0.03007200,0.99638276,2.286516e-4,84
-0.03007008,0.99626109,2.273963e-4,69
-0.03003867,0.99662597,2.313928e-4,56
-0.02996503,0.99658521,2.270184e-4,61
-0.02995272,0.99670843,2.312144e-4,53
-0.02994710,0.99695628,2.294902e-4,76
-0.02993604,0.99666604,2.292069e-4,66
-0.02992087,0.99660710,2.297188e-4,86
-0.02991184,0.99615186,2.292693e-4,50
-0.02990813,0.99655470,2.414096e-4,44
-0.02989636,0.99649054,2.302064e-4,47
-0.02984903,0.99697151,2.349225e-4,91
-0.02981407,0.99636946,2.307273e-4,78
-0.02981265,0.99652864,2.275201e-4,63
-0.02980458,0.99651670,2.293219e-4,83
-0.02980420,0.99644629,2.279689e-4,73
-0.02976276,0.99655968,2.278904e-4,88
-0.02970339,0.99579493,2.269442e-4,60
-0.02967667,0.99600387,2.317157e-4,49
-0.02967260,0.99603412,2.282268e-4,75
-0.02967015,0.99629939,2.309016e-4,46
-0.02966656,0.99572763,2.283957e-4,65
-0.02966233,0.99605890,2.286767e-4,70
-0.02965666,0.99624701,2.291332e-4,85
-0.02961083,0.99596069,2.327287e-4,57
-0.02959554,0.99625101,2.298509e-4,90
-0.02954740,0.99616144,2.278887e-4,62
-0.02954029,0.99618238,2.299495e-4,77
-0.02953573,0.99615835,2.357558e-4,82
-0.02952954,0.99658469,2.293869e-4,72
-0.02952571,0.99606360,2.302971e-4,67
-0.02950203,0.99584884,2.279013e-4,87
-0.02946856,0.99610352,2.294061e-4,51
-0.02944700,0.99591993,2.327699e-4,45
-0.02944449,0.99571128,2.308786e-4,48
-0.02944359,0.99638866,2.278173e-4,59
-0.02940591,0.99649878,2.310022e-4,79
-0.02939782,0.99589837,2.267117e-4,74
-0.02939082,0.99598543,2.285934e-4,84
-0.02938890,0.99597206,2.273313e-4,69
-0.02935759,0.99616920,2.313187e-4,56
-0.02928395,0.99624983,2.269683e-4,61
-0.02927154,0.99621390,2.311660e-4,53
-0.02926612,0.99619413,2.294533e-4,76
-0.02925517,0.99630333,2.299462e-4,71
-0.02925486,0.99564345,2.291369e-4,66
-0.02923979,0.99569408,2.296000e-4,86
-0.02923065,0.99607549,2.292638e-4,50
-0.02922704,0.99579622,2.413090e-4,44
-0.02921527,0.99599635,2.301573e-4,47
-0.02916784,0.99599281,2.347658e-4,91
-0.02913289,0.99588677,2.306936e-4,78
-0.02913157,0.99551439,2.274188e-4,63
-0.02912340,0.99609488,2.292844e-4,83
-0.02912312,0.99561882,2.279199e-4,73
-0.02908168,0.99600028,2.278022e-4,88
-0.02902231,0.99559273,2.269345e-4,60
-0.02899558,0.99574204,2.317454e-4,49
-0.02899152,0.99565929,2.282166e-4,75
-0.02898906,0.99594641,2.308885e-4,46
-0.02898538,0.99604238,2.284624e-4,65
-0.02898115,0.99585797,2.286388e-4,70
-0.02897558,0.99556764,2.290377e-4,85
-0.02892975,0.99590462,2.326743e-4,57
-0.02891446,0.99570468,2.298393e-4,90
-0.02886632,0.99584621,2.278404e-4,62
-0.02885921,0.99606211,2.298839e-4,77
-0.02885455,0.99551705,2.357003e-4,82
-0.02884846,0.99566714,2.292927e-4,72
-0.02884464,0.99539424,2.302212e-4,67
-0.02882085,0.99561567,2.278583e-4,87
-0.02878748,0.99542725,2.293395e-4,51
-0.02876600,0.99544904,2.327232e-4,45
-0.02876340,0.99574285,2.308943e-4,48
-0.02876251,0.99557106,2.277323e-4,59
-0.02872484,0.99539134,2.308895e-4,79
-0.02871684,0.99572806,2.266895e-4,74
-0.02870974,0.99537028,2.285132e-4,84
-0.02870783,0.99549023,2.272867e-4,69
-0.02867651,0.99562335,2.312390e-4,56
-0.02860286,0.99575798,2.269066e-4,61
-0.02859045,0.99527773,2.310740e-4,53
-0.02858505,0.99551723,2.294132e-4,76
-0.02857400,0.99578716,2.298798e-4,71
-0.02857398,0.99571697,2.291572e-4,66
-0.02855861,0.99535776,2.295292e-4,86
-0.02854957,0.99569121,2.292301e-4,50
-0.02854594,0.99558894,2.412532e-4,44
-0.02853418,0.99573095,2.301267e-4,47
-0.02850476,0.99579613,2.298773e-4,58
-0.02848676,0.99529062,2.346399e-4,91
-0.02845181,0.99515984,2.306534e-4,78
-0.02845049,0.99555309,2.274189e-4,63
-0.02844232,0.99517195,2.291937e-4,83
-0.02844204,0.99531243,2.279210e-4,73
-0.02840059,0.99545089,2.277112e-4,88
-0.02834113,0.99541138,2.269221e-4,60
-0.02831449,0.99513861,2.316663e-4,49
-0.02831034,0.99550379,2.282287e-4,75
-0.02830787,0.99521655,2.307792e-4,46
-0.02830430,0.99536983,2.284281e-4,65
-0.02830007,0.99534556,2.285767e-4,70
-0.02829450,0.99519348,2.288993e-4,85
-0.02824866,0.99516282,2.325479e-4,57
-0.02823338,0.99527755,2.298433e-4,90
-0.02818524,0.99505879,2.277460e-4,62
-0.02817814,0.99556358,2.297834e-4,77
-0.02817347,0.99540722,2.356723e-4,82
-0.02816728,0.99507406,2.292263e-4,72
-0.02816346,0.99540734,2.302047e-4,67
-0.02813977,0.99530689,2.278130e-4,87
-0.02810639,0.99504657,2.293060e-4,51
-0.02808491,0.99525450,2.327150e-4,45
-0.02808221,0.99508196,2.308334e-4,48
-0.02808143,0.99482421,2.276546e-4,59
-0.02804376,0.99510576,2.308525e-4,79
-0.02803566,0.99541036,2.266525e-4,74
-0.02802866,0.99522411,2.284843e-4,84
-0.02802675,0.99524564,2.272324e-4,69
-0.02799542,0.99566866,2.312117e-4,56
-0.02792168,0.99486788,2.268014e-4,61
-0.02790927,0.99516735,2.310642e-4,53
-0.02790387,0.99495366,2.293653e-4,76
-0.02789292,0.99512089,2.297976e-4,71
-0.02789280,0.99479313,2.290836e-4,66
-0.02787753,0.99539325,2.294709e-4,86
-0.02786838,0.99524415,2.291847e-4,50
-0.02786475,0.99485698,2.411424e-4,44
-0.02785309,0.99526191,2.300791e-4,47
-0.02782358,0.99489310,2.297825e-4,58
-0.02780558,0.99505598,2.345486e-4,91
-0.02777073,0.99495361,2.306101e-4,78
-0.02776931,0.99487091,2.273505e-4,63
-0.02776124,0.99459106,2.291301e-4,83
-0.02776087,0.99482030,2.278966e-4,73
-0.02771951,0.99450284,2.275915e-4,88
-0.02766005,0.99513911,2.269046e-4,60
-0.02763330,0.99487072,2.316023e-4,49
-0.02762927,0.99552478,2.282514e-4,75
-0.02762688,0.99482883,2.307175e-4,46
-0.02761900,0.99511386,2.285440e-4,70
-0.02761342,0.99479752,2.288351e-4,85
-0.02756748,0.99500862,2.324716e-4,57
-0.02755230,0.99515011,2.298785e-4,90
-0.02750416,0.99433162,2.276542e-4,62
-0.02749696,0.99500929,2.296417e-4,77
-0.02749239,0.99472697,2.356276e-4,82
-0.02748621,0.99439354,2.291559e-4,72
-0.02748238,0.99461368,2.301072e-4,67
-0.02745879,0.99504601,2.277763e-4,87
-0.02742520,0.99501097,2.293049e-4,51
-0.02740372,0.99450351,2.326482e-4,45
-0.02740112,0.99492858,2.308254e-4,48
-0.02740035,0.99487723,2.276519e-4,59
-0.02736278,0.99439376,2.306131e-4,79
-0.02735459,0.99481673,2.265932e-4,74
-0.02734748,0.99478411,2.284281e-4,84
-0.02734557,0.99430960,2.270852e-4,69
-0.02731434,0.99493384,2.310157e-4,56
-0.02724060,0.99496155,2.267901e-4,61
-0.02722818,0.99459304,2.310056e-4,53
-0.02722279,0.99440203,2.293437e-4,76
-0.02721174,0.99451402,2.297133e-4,71
-0.02721173,0.99450303,2.290776e-4,66
-0.02719655,0.99473221,2.294078e-4,86
-0.02718729,0.99481400,2.291501e-4,50
-0.02718366,0.99431767,2.410523e-4,44
-0.02717190,0.99449926,2.300022e-4,47
-0.02714250,0.99483901,2.297764e-4,58
-0.02712469,0.99463495,2.344347e-4,91
-0.02708956,0.99471584,2.306175e-4,78
-0.02708823,0.99452924,2.273157e-4,63
-0.02708006,0.99451236,2.291176e-4,83
-0.02707979,0.99434039,2.278707e-4,73
-0.02703843,0.99387085,2.274914e-4,88
-0.02697897,0.99436007,2.268359e-4,60
-0.02695221,0.99443640,2.315223e-4,49
-0.02694829,0.99413953,2.281072e-4,75
-0.02694579,0.99445786,2.307157e-4,46
-0.02694215,0.99478320,2.283202e-4,65
-0.02693782,0.99419647,2.284497e-4,70
-0.02693234,0.99428715,2.287556e-4,85
-0.02688640,0.99410029,2.323181e-4,57
-0.02687121,0.99432475,2.298535e-4,90
-0.02682308,0.99447070,2.276464e-4,62
-0.02681588,0.99473784,2.296042e-4,77
-0.02681122,0.99439248,2.355858e-4,82
-0.02680503,0.99412198,2.291259e-4,72
-0.02680130,0.99447852,2.300825e-4,67
-0.02677761,0.99474026,2.277393e-4,87
-0.02674412,0.99416792,2.292208e-4,51
-0.02672263,0.99400418,2.326166e-4,45
-0.02672013,0.99414839,2.307594e-4,48
-0.02671917,0.99407036,2.275771e-4,59
-0.02668160,0.99428481,2.307519e-4,79
-0.02667351,0.99438894,2.265467e-4,74
-0.02666650,0.99439947,2.283754e-4,84
-0.02666449,0.99438673,2.270608e-4,69
-0.02663316,0.99425395,2.309172e-4,56
-0.02655962,0.99396906,2.266807e-4,61
-0.02654171,0.99393632,2.293224e-4,76
-0.02653066,0.99393298,2.296299e-4,71
-0.02653055,0.99392874,2.290397e-4,66
-0.02651537,0.99441222,2.293291e-4,86
-0.02650620,0.99398495,2.290650e-4,50
-0.02650257,0.99438946,2.410150e-4,44
-0.02649091,0.99396902,2.299493e-4,47
-0.02646151,0.99382377,2.296791e-4,58
-0.02644351,0.99426471,2.343256e-4,91
-0.02640848,0.99478651,2.306823e-4,78
-0.02640715,0.99418947,2.272881e-4,63
-0.02639898,0.99402524,2.290643e-4,83
-0.02639861,0.99407738,2.278706e-4,73
-0.02635735,0.99374512,2.274500e-4,88
-0.02629779,0.99393817,2.267980e-4,60
-0.02626721,0.99373234,2.281251e-4,75
-0.02626460,0.99377212,2.306059e-4,46
-0.02626107,0.99400742,2.282446e-4,65
-0.02625674,0.99415333,2.284418e-4,70
-0.02625126,0.99375377,2.287144e-4,85
-0.02620532,0.99370052,2.322146e-4,57
-0.02619013,0.99392602,2.298711e-4,90
-0.02614200,0.99369180,2.275521e-4,62
-0.02613480,0.99409345,2.294909e-4,77
-0.02613024,0.99375422,2.355179e-4,82
-0.02612395,0.99372628,2.290787e-4,72
-0.02612012,0.99358863,2.299777e-4,67
-0.02609653,0.99372225,2.276187e-4,87
-0.02606303,0.99365958,2.291711e-4,51
-0.02604154,0.99385422,2.326046e-4,45
-0.02603905,0.99354577,2.306963e-4,48
-0.02603809,0.99346736,2.275142e-4,59
-0.02600053,0.99318209,2.306305e-4,79
-0.02599233,0.99374030,2.264824e-4,74
-0.02598332,0.99400161,2.270215e-4,69
-0.02595207,0.99391684,2.309339e-4,56
-0.02587844,0.99324237,2.265952e-4,61
-0.02586611,0.99333189,2.308892e-4,53
-0.02586054,0.99362079,2.292856e-4,76
-0.02584959,0.99348428,2.295592e-4,71
-0.02584947,0.99367690,2.290311e-4,66
-0.02583429,0.99342966,2.291959e-4,86
-0.02582522,0.99341779,2.290111e-4,50
-0.02582137,0.99386292,2.409161e-4,44
-0.02580982,0.99345031,2.298951e-4,47
-0.02578043,0.99382050,2.296701e-4,58
-0.02576243,0.99390305,2.342160e-4,91
-0.02572750,0.99334851,2.305420e-4,78
-0.02572607,0.99377453,2.272552e-4,63
-0.02571801,0.99354860,2.290048e-4,83
-0.02571754,0.99350388,2.278292e-4,73
-0.02567617,0.99315595,2.273688e-4,88
-0.02559004,0.99315613,2.313281e-4,49
-0.02558603,0.99363853,2.281352e-4,75
-0.02558351,0.99345220,2.305597e-4,46
-0.02557999,0.99306998,2.281577e-4,65
-0.02557576,0.99317250,2.283374e-4,70
-0.02557018,0.99335045,2.286122e-4,85
-0.02552423,0.99363700,2.321398e-4,57
-0.02550905,0.99357839,2.298948e-4,90
-0.02546082,0.99332004,2.274944e-4,62
-0.02545363,0.99323361,2.293617e-4,77
-0.02544916,0.99324898,2.354544e-4,82
-0.02544288,0.99333210,2.290332e-4,72
-0.02543905,0.99343094,2.299408e-4,67
-0.02541545,0.99311546,2.275512e-4,87
-0.02538194,0.99284305,2.290926e-4,51
-0.02536035,0.99346966,2.325777e-4,45
-0.02535786,0.99355097,2.306949e-4,48
-0.02535700,0.99310816,2.274710e-4,59
-0.02531935,0.99334193,2.305026e-4,79
-0.02531126,0.99376744,2.264851e-4,74
-0.02530424,0.99315679,2.282286e-4,84
-0.02530234,0.99294887,2.268608e-4,69
-0.02527099,0.99322211,2.307434e-4,56
-0.02519736,0.99267117,2.265223e-4,61
-0.02518493,0.99268963,2.308374e-4,53
-0.02517946,0.99320264,2.292863e-4,76
-0.02516861,0.99317498,2.294908e-4,71
-0.02516839,0.99370181,2.290418e-4,66
-0.02515321,0.99297506,2.291257e-4,86
-0.02514403,0.99340105,2.289324e-4,50
-0.02514038,0.99330293,2.408239e-4,44
-0.02509925,0.99263767,2.295541e-4,58
-0.02508124,0.99323199,2.340768e-4,91
-0.02504633,0.99327446,2.305783e-4,78
-0.02504499,0.99303537,2.271914e-4,63
-0.02503683,0.99299429,2.289402e-4,83
-0.02503646,0.99335757,2.278320e-4,73
-0.02499509,0.99346434,2.273624e-4,88
-0.02493573,0.99286070,2.267058e-4,60
-0.02490895,0.99285987,2.312614e-4,49
-0.02490496,0.99255702,2.280492e-4,75
-0.02490242,0.99246897,2.304494e-4,46
-0.02489881,0.99302200,2.281292e-4,65
-0.02488900,0.99335513,2.285886e-4,85
-0.02484315,0.99282574,2.319900e-4,57
-0.02482787,0.99295211,2.298964e-4,90
-0.02477974,0.99277469,2.274248e-4,62
-0.02476798,0.99281101,2.354033e-4,82
-0.02476190,0.99325616,2.290213e-4,72
-0.02475797,0.99282017,2.298607e-4,67
-0.02473427,0.99309853,2.275391e-4,87
-0.02470086,0.99247713,2.290494e-4,51
-0.02467925,0.99280284,2.325247e-4,45
-0.02467677,0.99255808,2.306016e-4,48
-0.02467582,0.99288125,2.274511e-4,59
-0.02463827,0.99259521,2.305146e-4,79
-0.02463018,0.99260210,2.263722e-4,74
-0.02462317,0.99250680,2.281516e-4,84
-0.02462126,0.99250768,2.267893e-4,69
-0.02458981,0.99277896,2.307540e-4,56
-0.02451628,0.99258333,2.264997e-4,61
-0.02450384,0.99275504,2.308461e-4,53
-0.02449838,0.99269871,2.292339e-4,76
-0.02448743,0.99254243,2.293975e-4,71
-0.02448721,0.99267010,2.289598e-4,66
-0.02447203,0.99269128,2.290732e-4,86
-0.02446294,0.99269111,2.289497e-4,50
-0.02445929,0.99276062,2.407283e-4,44
-0.02444754,0.99218295,2.297641e-4,47
-0.02441817,0.99231140,2.295203e-4,58
-0.02440016,0.99264483,2.339419e-4,91
-0.02436525,0.99237576,2.305157e-4,78
-0.02436391,0.99279374,2.271772e-4,63
-0.02435575,0.99288894,2.289172e-4,83
-0.02431401,0.99263836,2.272544e-4,88
-0.02425464,0.99249738,2.266761e-4,60
-0.02422786,0.99235122,2.310080e-4,49
-0.02422388,0.99231172,2.280453e-4,75
-0.02422123,0.99233976,2.304306e-4,46
-0.02421773,0.99200583,2.280554e-4,65
-0.02420792,0.99235272,2.284633e-4,85
-0.02416207,0.99274206,2.318989e-4,57
-0.02414678,0.99227769,2.298925e-4,90
-0.02409866,0.99239860,2.273712e-4,62
-0.02409157,0.99262339,2.292140e-4,77
-0.02408690,0.99252131,2.353565e-4,82
-0.02408072,0.99238556,2.289255e-4,72
-0.02407689,0.99247154,2.298049e-4,67
-0.02405318,0.99238476,2.274610e-4,87
-0.02401977,0.99253199,2.290497e-4,51
-0.02399806,0.99242973,2.324967e-4,45
-0.02399558,0.99178981,2.305182e-4,48
-0.02399474,0.99222773,2.273868e-4,59
-0.02395719,0.99204221,2.302972e-4,79
-0.02394900,0.99258192,2.263719e-4,74
-0.02394209,0.99229502,2.281236e-4,84
-0.02394018,0.99220293,2.267247e-4,69
-0.02390882,0.99225661,2.305755e-4,56
-0.02383510,0.99228545,2.264600e-4,61
-0.02382276,0.99247603,2.308231e-4,53
-0.02381731,0.99216971,2.292126e-4,76
-0.02380635,0.99239609,2.293472e-4,71
-0.02380613,0.99214875,2.289225e-4,66
-0.02379095,0.99260127,2.290538e-4,86
-0.02378175,0.99198009,2.288831e-4,50
-0.02377810,0.99214367,2.406281e-4,44
-0.02373699,0.99191614,2.294776e-4,58
-0.02371908,0.99253638,2.338447e-4,91
-0.02368417,0.99172731,2.304282e-4,78
-0.02368283,0.99190045,2.270963e-4,63
-0.02367467,0.99218558,2.288382e-4,83
-0.02367431,0.99265127,2.277707e-4,73
-0.02363283,0.99179592,2.271482e-4,88
-0.02357346,0.99167786,2.266015e-4,60
-0.02354677,0.99162865,2.310686e-4,49
-0.02354270,0.99174955,2.279640e-4,75
-0.02354013,0.99209732,2.303891e-4,46
-0.02353665,0.99228383,2.280737e-4,65
-0.02353243,0.99185059,2.282010e-4,70
-0.02352684,0.99195091,2.283974e-4,85
-0.02348089,0.99184172,2.317408e-4,57
-0.02346570,0.99183986,2.299130e-4,90
-0.02341050,0.99192195,2.291023e-4,77
-0.02340582,0.99182566,2.352660e-4,82
-0.02339965,0.99159967,2.288395e-4,72
-0.02339581,0.99221488,2.297545e-4,67
-0.02337200,0.99177508,2.273910e-4,87
-0.02333858,0.99174774,2.289708e-4,51
-0.02331707,0.99192771,2.324643e-4,45
-0.02331449,0.99206160,2.305424e-4,48
-0.02331376,0.99167219,2.273314e-4,59
-0.02327602,0.99167337,2.303983e-4,79
-0.02326803,0.99171485,2.262942e-4,74
-0.02326091,0.99237935,2.281200e-4,84
-0.02322774,0.99168071,2.305711e-4,56
-0.02315402,0.99195182,2.264147e-4,61
-0.02314157,0.99151657,2.307393e-4,53
-0.02313623,0.99159225,2.291666e-4,76
-0.02312528,0.99187476,2.292603e-4,71
-0.02312516,0.99150043,2.288720e-4,66
-0.02310987,0.99156343,2.289214e-4,86
-0.02310066,0.99178031,2.288680e-4,50
-0.02309700,0.99159868,2.405333e-4,44
-0.02308526,0.99161463,2.297029e-4,47
-0.02305590,0.99145461,2.294251e-4,58
-0.02303789,0.99195234,2.337098e-4,91
-0.02300299,0.99177663,2.304965e-4,78
-0.02300165,0.99167114,2.270855e-4,63
-0.02299323,0.99162414,2.276775e-4,73
-0.02295174,0.99163731,2.271125e-4,88
-0.02289238,0.99154549,2.266004e-4,60
-0.02286558,0.99142732,2.308370e-4,49
-0.02286163,0.99159899,2.279558e-4,75
-0.02285904,0.99166925,2.303344e-4,46
-0.02285125,0.99144515,2.281675e-4,70
-0.02284566,0.99156125,2.283333e-4,85
-0.02279980,0.99169086,2.316472e-4,57
-0.02278452,0.99155867,2.299521e-4,90
-0.02273650,0.99118397,2.272118e-4,62
-0.02272932,0.99175389,2.290531e-4,77
-0.02272464,0.99130812,2.351936e-4,82
-0.02271847,0.99123352,2.287951e-4,72
-0.02271473,0.99153070,2.296668e-4,67
-0.02269092,0.99185116,2.273893e-4,87
-0.02265750,0.99132094,2.289277e-4,51
-0.02263598,0.99123637,2.324032e-4,45
-0.02263340,0.99134975,2.303861e-4,48
-0.02263258,0.99130790,2.272924e-4,59
-0.02259494,0.99137579,2.301774e-4,79
-0.02258695,0.99139601,2.262671e-4,74
-0.02257983,0.99107991,2.279885e-4,84
-0.02257793,0.99114689,2.265593e-4,69
-0.02254656,0.99102424,2.303854e-4,56
-0.02247294,0.99140824,2.263478e-4,61
-0.02246049,0.99116354,2.307146e-4,53
-0.02245515,0.99131258,2.291733e-4,76
-0.02244410,0.99092003,2.291197e-4,71
-0.02244398,0.99085455,2.288210e-4,66
-0.02242869,0.99089776,2.288370e-4,86
-0.02241958,0.99126955,2.288171e-4,50
-0.02241591,0.99168169,2.405009e-4,44
-0.02240417,0.99138429,2.296760e-4,47
-0.02237482,0.99108917,2.293888e-4,58
-0.02235681,0.99154307,2.335913e-4,91
-0.02232192,0.99110098,2.304023e-4,78
-0.02232057,0.99136796,2.270694e-4,63
-0.02231241,0.99152652,2.287423e-4,83
-0.02231205,0.99137815,2.276515e-4,73
-0.02221120,0.99127734,2.265778e-4,60
-0.02218055,0.99081688,2.279235e-4,75
-0.02217805,0.99063114,2.302210e-4,46
-0.02217018,0.99101388,2.281238e-4,70
-0.02216458,0.99099136,2.282212e-4,85
-0.02210354,0.99066998,2.299330e-4,90
-0.02205542,0.99120537,2.271995e-4,62
-0.02204824,0.99142835,2.289929e-4,77
-0.02204357,0.99096406,2.350997e-4,82
-0.02203739,0.99116905,2.287817e-4,72
-0.02203356,0.99099790,2.295881e-4,67
-0.02200994,0.99087483,2.272918e-4,87
-0.02197641,0.99114739,2.289025e-4,51
-0.02195489,0.99103883,2.324049e-4,45
-0.02195221,0.99068986,2.303920e-4,48
-0.02195150,0.99098202,2.272613e-4,59
-0.02191396,0.99077622,2.300973e-4,79
-0.02190577,0.99101890,2.262419e-4,74
-0.02189875,0.99085234,2.279540e-4,84
-0.02189685,0.99098032,2.265118e-4,69
-0.02179176,0.99072080,2.262694e-4,61
-0.02177940,0.99052297,2.306595e-4,53
-0.02177407,0.99092945,2.290978e-4,76
-0.02176302,0.99111684,2.290996e-4,71
-0.02176290,0.99083884,2.288223e-4,66
-0.02174771,0.99089597,2.288248e-4,86
-0.02173839,0.99043920,2.287381e-4,50
-0.02173472,0.99030665,2.403381e-4,44
-0.02172298,0.99060020,2.295927e-4,47
-0.02169364,0.99026296,2.293009e-4,58
-0.02167583,0.99084787,2.334453e-4,91
-0.02164074,0.99049446,2.304051e-4,78
-0.02163950,0.99032450,2.269797e-4,63
-0.02163123,0.99059076,2.286407e-4,83
-0.02163097,0.99062361,2.275690e-4,73
-0.02158968,0.99077655,2.269896e-4,88
-0.02153012,0.99043363,2.264990e-4,60
-0.02150331,0.99034153,2.306510e-4,49
-0.02149947,0.99050944,2.278622e-4,75
-0.02149686,0.99093939,2.302404e-4,46
-0.02148900,0.99023505,2.280516e-4,70
-0.02148360,0.99064149,2.281887e-4,85
-0.02143764,0.99060247,2.313890e-4,57
-0.02142245,0.99081003,2.300137e-4,90
-0.02137424,0.99059786,2.271271e-4,62
-0.02136716,0.99057421,2.288796e-4,77
-0.02136249,0.99047954,2.350247e-4,82
-0.02135631,0.99034480,2.286942e-4,72
-0.02135248,0.99037952,2.295099e-4,67
-0.02132886,0.99033888,2.272362e-4,87
-0.02129532,0.99056281,2.288381e-4,51
-0.02127370,0.99032957,2.323459e-4,45
-0.02127122,0.99034130,2.301896e-4,48
-0.02127042,0.99034044,2.272023e-4,59
-0.02123278,0.99070967,2.300584e-4,79
-0.02122469,0.99045785,2.262010e-4,74
-0.02121757,0.99045615,2.279124e-4,84
-0.02121567,0.98994278,2.263843e-4,69
-0.02118439,0.99089485,2.303023e-4,56
-0.02111078,0.99055764,2.262431e-4,61
-0.02109821,0.99011415,2.306426e-4,53
-0.02109290,0.99014603,2.290777e-4,76
-0.02108185,0.99063539,2.290168e-4,71
-0.02108182,0.98998963,2.287424e-4,66
-0.02106663,0.98991325,2.287164e-4,86
-0.02105730,0.99047018,2.287511e-4,50
-0.02105363,0.98995924,2.402640e-4,44
-0.02104199,0.99034464,2.295623e-4,47
-0.02101266,0.99026950,2.292994e-4,58
-0.02099464,0.99038219,2.333243e-4,91
-0.02095966,0.99029734,2.303745e-4,78
-0.02095832,0.99010226,2.269736e-4,63
-0.02095015,0.99043878,2.286071e-4,83
-0.02094990,0.99043566,2.275432e-4,73
-0.02090850,0.99023757,2.269172e-4,88
-0.02084904,0.99005693,2.264682e-4,60
-0.02082232,0.99001306,2.305726e-4,49
-0.02081840,0.99052427,2.278971e-4,75
-0.02081577,0.98985116,2.301231e-4,46
-0.02081224,0.99012738,2.278101e-4,65
-0.02080792,0.99011708,2.280432e-4,70
-0.02080242,0.99019808,2.281234e-4,85
-0.02075645,0.99018323,2.312748e-4,57
-0.02074127,0.99058510,2.300587e-4,90
-0.02069316,0.98989413,2.270379e-4,62
-0.02068599,0.98963224,2.287681e-4,77
-0.02068131,0.99013594,2.349623e-4,82
-0.02067514,0.99019228,2.286736e-4,72
-0.02067140,0.99030597,2.294809e-4,67
-0.02064768,0.99001483,2.271998e-4,87
-0.02061414,0.99060330,2.288350e-4,51
-0.02059260,0.99030675,2.323620e-4,45
-0.02059013,0.98983777,2.302949e-4,48
-0.02058923,0.98990555,2.271617e-4,59
-0.02055171,0.99008860,2.301271e-4,79
-0.02053659,0.99024400,2.278770e-4,84
-0.02053460,0.99011252,2.263709e-4,69
-0.02050321,0.99000469,2.301841e-4,56
-0.02042970,0.98959810,2.261396e-4,61
-0.02041723,0.99019877,2.306589e-4,53
-0.02041182,0.98996573,2.290803e-4,76
-0.02040077,0.98982234,2.288861e-4,71
-0.02040064,0.99013587,2.287634e-4,66
-0.02038545,0.99005996,2.287264e-4,86
-0.02037631,0.98995819,2.286925e-4,50
-0.02037253,0.98969208,2.402049e-4,44
-0.02036090,0.98976196,2.295031e-4,47
-0.02033158,0.98999960,2.292619e-4,58
-0.02031356,0.99032180,2.332453e-4,91
-0.02027868,0.98976542,2.303160e-4,78
-0.02027724,0.99028147,2.270102e-4,63
-0.02026918,0.98966793,2.285234e-4,83
-0.02026872,0.99005444,2.274978e-4,73
-0.02022742,0.98995323,2.268824e-4,88
-0.02016786,0.98956695,2.264203e-4,60
-0.02014123,0.98979382,2.305124e-4,49
-0.02013732,0.98990975,2.278040e-4,75
-0.02013468,0.98972687,2.301017e-4,46
-0.02013116,0.99034688,2.278226e-4,65
-0.02012685,0.98943739,2.279741e-4,70
-0.02012134,0.98982505,2.280629e-4,85
-0.02006019,0.98974174,2.300444e-4,90
-0.02000491,0.99017261,2.288046e-4,77
-0.02000033,0.99003088,2.349169e-4,82
-0.01999022,0.99025456,2.294569e-4,67
-0.01996660,0.98986314,2.271846e-4,87
-0.01993315,0.98978654,2.287514e-4,51
-0.01991141,0.98976669,2.323240e-4,45
-0.01990904,0.98940073,2.302478e-4,48
-0.01990815,0.98942236,2.271141e-4,59
-0.01987063,0.99001764,2.299888e-4,79
-0.01986244,0.98948323,2.261288e-4,74
-0.01985551,0.98964608,2.278170e-4,84
-0.01985352,0.98959362,2.262985e-4,69
-0.01974862,0.98975444,2.261453e-4,61
-0.01973614,0.98937235,2.305897e-4,53
-0.01973074,0.98967543,2.290786e-4,76
-0.01971979,0.98910235,2.287735e-4,71
-0.01971956,0.98947439,2.286937e-4,66
-0.01970437,0.98960559,2.286724e-4,86
-0.01969513,0.98941984,2.286512e-4,50
-0.01969144,0.98942561,2.401472e-4,44
-0.01967981,0.98929515,2.294530e-4,47
-0.01963248,0.98906354,2.330520e-4,91
-0.01959761,0.98962482,2.303129e-4,78
-0.01959626,0.98929256,2.269326e-4,63
-0.01958810,0.98931475,2.284661e-4,83
-0.01958764,0.98971918,2.274493e-4,73
-0.01948688,0.98950533,2.264303e-4,60
-0.01946014,0.98946150,2.304443e-4,49
-0.01945614,0.98941208,2.277467e-4,75
-0.01945349,0.98892805,2.300127e-4,46
-0.01945008,0.98950325,2.277326e-4,65
-0.01944587,0.98921367,2.279582e-4,70
-0.01944026,0.98980596,2.280291e-4,85
-0.01939439,0.98948639,2.310577e-4,57
-0.01937911,0.98971824,2.301027e-4,90
-0.01933090,0.98929379,2.269470e-4,62
-0.01932393,0.98935759,2.287146e-4,77
-0.01931925,0.98883673,2.347828e-4,82
-0.01931308,0.98964475,2.286059e-4,72
-0.01930914,0.98936673,2.293481e-4,67
-0.01928552,0.98915946,2.271230e-4,87
-0.01925206,0.98898107,2.285768e-4,51
-0.01923032,0.98940542,2.322980e-4,45
-0.01922697,0.98914661,2.270914e-4,59
-0.01918136,0.98915337,2.261144e-4,74
-0.01917443,0.98937683,2.277926e-4,84
-0.01917244,0.98875170,2.261946e-4,69
-0.01914094,0.98901865,2.300243e-4,56
-0.01906744,0.98895457,2.260572e-4,61
-0.01905506,0.98920372,2.305906e-4,53
-0.01904957,0.98908862,2.289945e-4,76
-0.01903871,0.98917967,2.287397e-4,71
-0.01903849,0.98889401,2.286440e-4,66
-0.01902329,0.98956735,2.286682e-4,86
-0.01901404,0.98894619,2.286082e-4,50
-0.01901035,0.98889169,2.400680e-4,44
-0.01899862,0.98940799,2.294535e-4,47
-0.01896931,0.98916799,2.291719e-4,58
-0.01895129,0.98933745,2.330070e-4,91
-0.01891643,0.98913628,2.301753e-4,78
-0.01891508,0.98903647,2.269290e-4,63
-0.01890692,0.98932404,2.284536e-4,83
-0.01890667,0.98930780,2.273878e-4,73
-0.01886516,0.98915708,2.267822e-4,88
-0.01880580,0.98903178,2.263831e-4,60
-0.01877895,0.98870318,2.303275e-4,49
-0.01877506,0.98904485,2.277384e-4,75
-0.01877240,0.98896633,2.300057e-4,46
-0.01876469,0.98909037,2.279486e-4,70
-0.01875918,0.98936270,2.279658e-4,85
-0.01871321,0.98844836,2.308846e-4,57
-0.01869792,0.98898885,2.300972e-4,90
-0.01864982,0.98902565,2.269059e-4,62
-0.01864276,0.98905567,2.286730e-4,77
-0.01863807,0.98882331,2.347319e-4,82
-0.01863201,0.98884032,2.285201e-4,72
-0.01862817,0.98831033,2.292195e-4,67
-0.01860434,0.98927396,2.271264e-4,87
-0.01857088,0.98902848,2.286604e-4,51
-0.01854923,0.98899318,2.322750e-4,45
-0.01854676,0.98924425,2.300430e-4,48
-0.01854589,0.98943713,2.271260e-4,59
-0.01850029,0.98876410,2.260947e-4,74
-0.01849325,0.98891406,2.277386e-4,84
-0.01849136,0.98876510,2.261694e-4,69
-0.01838636,0.98865312,2.260208e-4,61
-0.01836849,0.98885378,2.290157e-4,76
-0.01835754,0.98890379,2.286719e-4,71
-0.01835741,0.98882048,2.286250e-4,66
-0.01834211,0.98931295,2.286025e-4,86
-0.01832926,0.98864567,2.400216e-4,44
-0.01831753,0.98851050,2.293701e-4,47
-0.01828823,0.98860446,2.291204e-4,58
-0.01827021,0.98883419,2.328963e-4,91
-0.01823535,0.98880842,2.302549e-4,78
-0.01823400,0.98852309,2.269050e-4,63
-0.01822584,0.98898719,2.284055e-4,83
-0.01822549,0.98899693,2.273444e-4,73
-0.01818407,0.98860329,2.267311e-4,88
-0.01812462,0.98883567,2.263675e-4,60
-0.01809786,0.98891994,2.303049e-4,49
-0.01809399,0.98837852,2.276259e-4,75
-0.01809131,0.98927435,2.300262e-4,46
-0.01808782,0.98882381,2.276738e-4,65
-0.01808361,0.98845528,2.278900e-4,70
-0.01807800,0.98883244,2.278967e-4,85
-0.01803212,0.98879610,2.308559e-4,57
-0.01801684,0.98846226,2.301071e-4,90
-0.01796874,0.98827080,2.268226e-4,62
-0.01796168,0.98918321,2.286916e-4,77
-0.01795700,0.98849360,2.346660e-4,82
-0.01795083,0.98799798,2.284355e-4,72
-0.01794699,0.98863723,2.292323e-4,67
-0.01792326,0.98900534,2.271062e-4,87
-0.01788979,0.98868707,2.286186e-4,51
-0.01786824,0.98881663,2.322402e-4,45
-0.01786567,0.98880137,2.301576e-4,48
-0.01786491,0.98839413,2.270220e-4,59
-0.01782730,0.98869537,2.296891e-4,79
-0.01781921,0.98831444,2.260728e-4,74
-0.01781217,0.98852235,2.276999e-4,84
-0.01781029,0.98844933,2.261233e-4,69
-0.01777888,0.98843761,2.299134e-4,56
-0.01770518,0.98841831,2.259943e-4,61
-0.01769279,0.98809314,2.305232e-4,53
-0.01768751,0.98861346,2.290019e-4,76
-0.01767646,0.98855142,2.285906e-4,71
-0.01767633,0.98866655,2.286100e-4,66
-0.01766103,0.98849696,2.285617e-4,86
-0.01765176,0.98875403,2.285928e-4,50
-0.01764816,0.98814380,2.399582e-4,44
-0.01763634,0.98878040,2.293897e-4,47
-0.01760705,0.98803354,2.290545e-4,58
-0.01758913,0.98836829,2.327857e-4,91
-0.01755417,0.98858637,2.302353e-4,78
-0.01755292,0.98869485,2.269509e-4,63
-0.01754476,0.98875625,2.283651e-4,83
-0.01754441,0.98832139,2.272549e-4,73
-0.01750289,0.98867191,2.267317e-4,88
-0.01744354,0.98884708,2.263806e-4,60
-0.01741678,0.98814602,2.301960e-4,49
-0.01741281,0.98849651,2.276305e-4,75
-0.01741022,0.98827422,2.299212e-4,46
-0.01740674,0.98821965,2.275632e-4,65
-0.01740254,0.98819411,2.278722e-4,70
-0.01739692,0.98839435,2.278325e-4,85
-0.01735104,0.98845224,2.307626e-4,57
-0.01733566,0.98836337,2.301507e-4,90
-0.01728776,0.98787204,2.267643e-4,62
-0.01728060,0.98860644,2.286425e-4,77
-0.01727592,0.98827671,2.346050e-4,82
-0.01726975,0.98828010,2.284592e-4,72
-0.01726591,0.98804654,2.291623e-4,67
-0.01724218,0.98856710,2.270704e-4,87
-0.01720870,0.98839985,2.285812e-4,51
-0.01718705,0.98846750,2.322551e-4,45
-0.01718449,0.98823104,2.300936e-4,48
-0.01718383,0.98829091,2.270148e-4,59
-0.01714612,0.98841731,2.297860e-4,79
-0.01713813,0.98808798,2.260763e-4,74
-0.01713109,0.98861844,2.277096e-4,84
-0.01712911,0.98860092,2.261180e-4,69
-0.01709779,0.98794128,2.298427e-4,56
-0.01702410,0.98794760,2.259398e-4,61
-0.01701170,0.98813895,2.305474e-4,53
-0.01700633,0.98798495,2.289447e-4,76
-0.01699538,0.98806884,2.285050e-4,71
-0.01699525,0.98785735,2.285163e-4,66
-0.01697985,0.98824607,2.285672e-4,86
-0.01696697,0.98824804,2.399496e-4,44
-0.01695525,0.98796355,2.293049e-4,47
-0.01692597,0.98779765,2.290234e-4,58
-0.01690804,0.98842110,2.327362e-4,91
-0.01687310,0.98807383,2.301863e-4,78
-0.01687184,0.98785580,2.268927e-4,63
-0.01686358,0.98785731,2.282656e-4,83
-0.01686333,0.98812418,2.272170e-4,73
-0.01682191,0.98783425,2.266457e-4,88
-0.01676245,0.98832979,2.263390e-4,60
-0.01673559,0.98764759,2.301151e-4,49
-0.01673173,0.98790410,2.275514e-4,75
-0.01672913,0.98819558,2.299016e-4,46
-0.01672577,0.98803786,2.275297e-4,65
-0.01672136,0.98798466,2.278514e-4,70
-0.01671575,0.98772811,2.277500e-4,85
-0.01666986,0.98781086,2.306328e-4,57
-0.01665477,0.98778075,2.301573e-4,90
-0.01660658,0.98789153,2.267533e-4,62
-0.01659942,0.98810525,2.286107e-4,77
-0.01659474,0.98789249,2.345298e-4,82
-0.01658867,0.98792763,2.284279e-4,72
-0.01658483,0.98763470,2.291085e-4,67
-0.01656110,0.98779062,2.269994e-4,87
-0.01652751,0.98803830,2.285364e-4,51
-0.01650595,0.98771121,2.322053e-4,45
-0.01650340,0.98783536,2.298733e-4,48
-0.01650265,0.98776215,2.269644e-4,59
-0.01646514,0.98811836,2.295564e-4,79
-0.01645705,0.98806908,2.260913e-4,74
-0.01644991,0.98789890,2.276454e-4,84
-0.01644803,0.98778931,2.260292e-4,69
-0.01641661,0.98759101,2.297912e-4,56
-0.01634302,0.98783435,2.259242e-4,61
-0.01633052,0.98800821,2.305581e-4,53
-0.01632526,0.98790538,2.289376e-4,76
-0.01631421,0.98787213,2.284440e-4,71
-0.01631417,0.98772145,2.284987e-4,66
-0.01629887,0.98783793,2.285082e-4,86
-0.01628959,0.98787420,2.285197e-4,50
-0.01628588,0.98786626,2.399070e-4,44
-0.01627416,0.98790088,2.292949e-4,47
-0.01624488,0.98772781,2.290152e-4,58
-0.01622696,0.98774458,2.326190e-4,91
-0.01619202,0.98744003,2.300860e-4,78
-0.01619066,0.98786651,2.269272e-4,63
-0.01618250,0.98778923,2.282494e-4,83
-0.01618226,0.98788920,2.271718e-4,73
-0.01614083,0.98782930,2.266520e-4,88
-0.01608127,0.98784902,2.262931e-4,60
-0.01605450,0.98740121,2.300523e-4,49
-0.01605076,0.98774511,2.275204e-4,75
-0.01604803,0.98781893,2.298564e-4,46
-0.01604459,0.98776531,2.274813e-4,65
-0.01604028,0.98789510,2.278488e-4,70
-0.01603467,0.98741969,2.276994e-4,85
-0.01598878,0.98775161,2.305662e-4,57
-0.01597359,0.98764222,2.301987e-4,90
-0.01592550,0.98751225,2.267069e-4,62
-0.01591835,0.98802372,2.286210e-4,77
-0.01591366,0.98742923,2.344436e-4,82
-0.01590750,0.98787122,2.284188e-4,72
-0.01590375,0.98797551,2.291237e-4,67
-0.01588002,0.98752374,2.269774e-4,87
-0.01584643,0.98757300,2.284818e-4,51
-0.01582486,0.98789947,2.322157e-4,45
-0.01582241,0.98752747,2.298233e-4,48
-0.01582156,0.98758758,2.269531e-4,59
-0.01578406,0.98786553,2.294911e-4,79
-0.01577598,0.98800597,2.261072e-4,74
-0.01576884,0.98764559,2.276234e-4,84
-0.01576695,0.98777680,2.260156e-4,69
-0.01573553,0.98710243,2.297234e-4,56
-0.01566204,0.98787491,2.259245e-4,61
-0.01564943,0.98744566,2.305295e-4,53
-0.01564418,0.98765778,2.289081e-4,76
-0.01563313,0.98790333,2.284095e-4,71
-0.01563299,0.98770718,2.284801e-4,66
-0.01561779,0.98718874,2.284719e-4,86
-0.01560850,0.98766304,2.284150e-4,50
-0.01560478,0.98756135,2.398670e-4,44
-0.01559317,0.98768453,2.292666e-4,47
-0.01556390,0.98733064,2.289730e-4,58
-0.01554588,0.98793854,2.325910e-4,91
-0.01551084,0.98752567,2.301343e-4,78
-0.01550142,0.98757135,2.282097e-4,83
-0.01550108,0.98774866,2.271315e-4,73
-0.01545965,0.98798265,2.266769e-4,88
-0.01540019,0.98763176,2.262836e-4,60
-0.01537351,0.98759768,2.300465e-4,49
-0.01536968,0.98716311,2.274438e-4,75
-0.01536684,0.98713888,2.296157e-4,46
-0.01536351,0.98723556,2.274050e-4,65
-0.01535920,0.98729533,2.277902e-4,70
-0.01535369,0.98727374,2.276509e-4,85
-0.01530769,0.98797648,2.305405e-4,57
-0.01529251,0.98756891,2.302369e-4,90
-0.01524432,0.98739618,2.266826e-4,62
-0.01523717,0.98800935,2.286459e-4,77
-0.01523258,0.98756097,2.344161e-4,82
-0.01522258,0.98710252,2.290299e-4,67
-0.01519894,0.98754964,2.269903e-4,87
-0.01516534,0.98722898,2.283554e-4,51
-0.01514367,0.98739069,2.321627e-4,45
-0.01514122,0.98691686,2.297636e-4,48
-0.01514038,0.98756895,2.269542e-4,59
-0.01510289,0.98738813,2.294076e-4,79
-0.01509480,0.98711132,2.260481e-4,74
-0.01508786,0.98699954,2.275643e-4,84
-0.01508588,0.98715754,2.259413e-4,69
-0.01505444,0.98709015,2.297120e-4,56
-0.01498086,0.98754455,2.258859e-4,61
-0.01496845,0.98743421,2.305574e-4,53
-0.01496310,0.98711867,2.289066e-4,76
-0.01495205,0.98747954,2.283319e-4,71
-0.01493671,0.98718178,2.284602e-4,86
-0.01492741,0.98695595,2.284419e-4,50
-0.01492359,0.98718680,2.398305e-4,44
-0.01488272,0.98732281,2.289680e-4,58
-0.01486479,0.98722869,2.324787e-4,91
-0.01482986,0.98721155,2.299844e-4,78
-0.01482840,0.98784379,2.269923e-4,63
-0.01482034,0.98750404,2.281969e-4,83
-0.01477857,0.98708212,2.265963e-4,88
-0.01471901,0.98707293,2.262335e-4,60
-0.01469232,0.98703914,2.299527e-4,49
-0.01468850,0.98731005,2.274399e-4,75
-0.01468575,0.98698061,2.297552e-4,46
-0.01468243,0.98743574,2.274047e-4,65
-0.01467813,0.98693821,2.277617e-4,70
-0.01467261,0.98768466,2.277095e-4,85
-0.01462661,0.98720403,2.304156e-4,57
-0.01461133,0.98751968,2.302730e-4,90
-0.01456324,0.98738791,2.266745e-4,62
-0.01455609,0.98742901,2.286169e-4,77
-0.01455150,0.98686243,2.343088e-4,82
-0.01454534,0.98654786,2.282943e-4,72
-0.01454150,0.98732436,2.290382e-4,67
-0.01451775,0.98673094,2.269187e-4,87
-0.01448425,0.98709117,2.284158e-4,51
-0.01446258,0.98739893,2.322127e-4,45
-0.01446013,0.98683596,2.297411e-4,48
-0.01442181,0.98776137,2.294394e-4,79
-0.01440668,0.98733334,2.276045e-4,84
-0.01440470,0.98734179,2.259584e-4,69
-0.01437326,0.98719373,2.297054e-4,56
-0.01429978,0.98715182,2.258504e-4,61
-0.01428726,0.98698941,2.305318e-4,53
-0.01428193,0.98698525,2.288598e-4,76
-0.01427097,0.98731953,2.282810e-4,71
-0.01427084,0.98698450,2.283701e-4,66
-0.01425553,0.98680705,2.284361e-4,86
-0.01424633,0.98660702,2.284104e-4,50
-0.01424260,0.98677150,2.398034e-4,44
-0.01423089,0.98718318,2.292163e-4,47
-0.01420164,0.98718831,2.289439e-4,58
-0.01418361,0.98714947,2.324384e-4,91
-0.01414879,0.98707566,2.300550e-4,78
-0.01413927,0.98695512,2.281319e-4,83
-0.01413893,0.98699115,2.270107e-4,73
-0.01409749,0.98717276,2.266100e-4,88
-0.01403803,0.98714581,2.262426e-4,60
-0.01401123,0.98738442,2.299593e-4,49
-0.01400742,0.98692079,2.273788e-4,75
-0.01400466,0.98716810,2.297723e-4,46
-0.01400135,0.98711861,2.273497e-4,65
-0.01399705,0.98752423,2.278198e-4,70
-0.01399143,0.98683591,2.276142e-4,85
-0.01394553,0.98736006,2.303867e-4,57
-0.01393024,0.98668573,2.302360e-4,90
-0.01388216,0.98700262,2.266313e-4,62
-0.01387511,0.98708417,2.286144e-4,77
-0.01387042,0.98685600,2.342611e-4,82
-0.01386042,0.98668644,2.289676e-4,67
-0.01383667,0.98693655,2.269452e-4,87
-0.01380317,0.98682985,2.282984e-4,51
-0.01378139,0.98663978,2.321623e-4,45
-0.01377904,0.98686446,2.297332e-4,48
-0.01377822,0.98679197,2.268882e-4,59
-0.01374073,0.98656727,2.293874e-4,79
-0.01373265,0.98715049,2.261066e-4,74
-0.01372560,0.98662974,2.275448e-4,84
-0.01372372,0.98706485,2.259269e-4,69
-0.01369218,0.98672950,2.296536e-4,56
-0.01361860,0.98682808,2.258136e-4,61
-0.01360085,0.98638811,2.288211e-4,76
-0.01358990,0.98690501,2.282077e-4,71
-0.01358976,0.98677435,2.283306e-4,66
-0.01357445,0.98701571,2.284828e-4,86
-0.01356151,0.98714103,2.398440e-4,44
-0.01354980,0.98662241,2.291567e-4,47
-0.01352056,0.98684196,2.289071e-4,58
-0.01350253,0.98661106,2.323584e-4,91
-0.01346771,0.98702866,2.300612e-4,78
-0.01346634,0.98718030,2.270085e-4,63
-0.01345819,0.98693883,2.281245e-4,83
-0.01345775,0.98705239,2.269892e-4,73
-0.01341631,0.98689928,2.266011e-4,88
-0.01335695,0.98670847,2.262065e-4,60
-0.01333014,0.98660865,2.298575e-4,49
-0.01332635,0.98685022,2.273480e-4,75
-0.01332357,0.98672680,2.297273e-4,46
-0.01332017,0.98680514,2.273021e-4,65
-0.01331597,0.98677116,2.277419e-4,70
-0.01331035,0.98673809,2.276013e-4,85
-0.01324916,0.98639262,2.302396e-4,90
-0.01320098,0.98654270,2.265749e-4,62
-0.01319404,0.98678840,2.286104e-4,77
-0.01318935,0.98660730,2.341985e-4,82
-0.01318319,0.98658326,2.283070e-4,72
-0.01317934,0.98681113,2.289733e-4,67
-0.01315559,0.98704285,2.269690e-4,87
-0.01312208,0.98672685,2.283587e-4,51
-0.01310030,0.98641811,2.321602e-4,45
-0.01309795,0.98685198,2.297199e-4,48
-0.01309714,0.98688623,2.269007e-4,59
-0.01305955,0.98697013,2.292352e-4,79
-0.01305147,0.98659955,2.260787e-4,74
-0.01304452,0.98670844,2.275607e-4,84
-0.01304264,0.98657390,2.258755e-4,69
-0.01301119,0.98659832,2.296349e-4,56
-0.01293752,0.98689192,2.258176e-4,61
-0.01292509,0.98650979,2.305459e-4,53
-0.01291967,0.98663840,2.288729e-4,76
-0.01290882,0.98701172,2.281858e-4,71
-0.01289327,0.98651435,2.284485e-4,86
-0.01288405,0.98662263,2.283344e-4,50
-0.01288031,0.98632582,2.397777e-4,44
-0.01286861,0.98656812,2.291494e-4,47
-0.01283937,0.98686075,2.289017e-4,58
-0.01282144,0.98688254,2.323637e-4,91
-0.01278653,0.98702989,2.300348e-4,78
-0.01278526,0.98685263,2.270183e-4,63
-0.01277711,0.98650828,2.280772e-4,83
-0.01277677,0.98694999,2.269580e-4,73
-0.01273522,0.98652550,2.265790e-4,88
-0.01267587,0.98653389,2.261940e-4,60
-0.01264896,0.98630747,2.298099e-4,49
-0.01264517,0.98630735,2.272744e-4,75
-0.01264238,0.98660404,2.295366e-4,46
-0.01263909,0.98676980,2.272725e-4,65
-0.01263489,0.98685526,2.277526e-4,70
-0.01262927,0.98654196,2.275796e-4,85
-0.01256798,0.98650397,2.302828e-4,90
-0.01251990,0.98666200,2.265793e-4,62
-0.01251286,0.98732611,2.286902e-4,77
-0.01250817,0.98717469,2.342129e-4,82
-0.01250211,0.98626748,2.282858e-4,72
-0.01249826,0.98644471,2.289273e-4,67
-0.01247441,0.98665624,2.269381e-4,87
-0.01244089,0.98639251,2.283188e-4,51
-0.01241930,0.98640352,2.321361e-4,45
-0.01241676,0.98633869,2.298286e-4,48
-0.01241606,0.98671630,2.268902e-4,59
-0.01237847,0.98670264,2.291709e-4,79
-0.01237049,0.98664910,2.261098e-4,74
-0.01236344,0.98661389,2.275648e-4,84
-0.01236147,0.98628783,2.258453e-4,69
-0.01233001,0.98638862,2.296127e-4,56
-0.01224390,0.98611949,2.305309e-4,53
-0.01223869,0.98627160,2.288191e-4,76
-0.01221219,0.98683826,2.284861e-4,86
-0.01220296,0.98643138,2.283243e-4,50
-0.01219922,0.98624586,2.397911e-4,44
-0.01218752,0.98610968,2.289283e-4,47
-0.01215829,0.98681160,2.288880e-4,58
-0.01214026,0.98661510,2.323210e-4,91
-0.01210545,0.98604337,2.299405e-4,78
-0.01210408,0.98620301,2.269957e-4,63
-0.01209593,0.98698544,2.281223e-4,83
-0.01209570,0.98652630,2.268895e-4,73
-0.01205414,0.98624830,2.265675e-4,88
-0.01196787,0.98644820,2.298017e-4,49
-0.01196409,0.98631321,2.272458e-4,75
-0.01196129,0.98662841,2.297039e-4,46
-0.01195802,0.98621030,2.271938e-4,65
-0.01195372,0.98656119,2.277187e-4,70
-0.01194809,0.98662733,2.275838e-4,85
-0.01190218,0.98723926,2.302709e-4,57
-0.01188690,0.98671319,2.303307e-4,90
-0.01183892,0.98659530,2.265688e-4,62
-0.01183178,0.98623114,2.286280e-4,77
-0.01182709,0.98631542,2.340876e-4,82
-0.01182103,0.98630467,2.282966e-4,72
-0.01181719,0.98664624,2.289468e-4,67
-0.01179333,0.98675366,2.269650e-4,87
-0.01175981,0.98639680,2.283058e-4,51
-0.01173821,0.98659562,2.322130e-4,45
-0.01173567,0.98673670,2.296939e-4,48
-0.01173498,0.98591665,2.268111e-4,59
-0.01169740,0.98669549,2.291267e-4,79
-0.01168942,0.98614223,2.260855e-4,74
-0.01168226,0.98640963,2.275573e-4,84
-0.01168039,0.98636413,2.258600e-4,69
-0.01164893,0.98656774,2.296380e-4,56
-0.01157525,0.98658501,2.257835e-4,61
-0.01156282,0.98653377,2.306061e-4,53
-0.01155762,0.98671280,2.288477e-4,76
-0.01154656,0.98638728,2.280725e-4,71
-0.01154652,0.98651042,2.282424e-4,66
-0.01153111,0.98658455,2.284778e-4,86
-0.01152188,0.98635724,2.284094e-4,50
-0.01151813,0.98604658,2.397901e-4,44
-0.01150633,0.98658746,2.291400e-4,47
-0.01147721,0.98622494,2.288262e-4,58
-0.01145918,0.98624820,2.322749e-4,91
-0.01142438,0.98662394,2.299809e-4,78
-0.01142300,0.98702877,2.270662e-4,63
-0.01141485,0.98638405,2.280616e-4,83
-0.01141452,0.98662734,2.268743e-4,73
-0.01137306,0.98630804,2.265895e-4,88
-0.01128668,0.98620290,2.297558e-4,49
-0.01128302,0.98629005,2.272178e-4,75
-0.01128030,0.98625914,2.296679e-4,46
-0.01127694,0.98651287,2.272013e-4,65
-0.01127264,0.98635775,2.276934e-4,70
-0.01126701,0.98633371,2.275626e-4,85
-0.01122110,0.98629374,2.301560e-4,57
-0.01120591,0.98649676,2.303369e-4,90
-0.01115774,0.98620263,2.265297e-4,62
-0.01115061,0.98628263,2.287075e-4,77
-0.01114601,0.98609678,2.340346e-4,82
-0.01113986,0.98635818,2.283110e-4,72
-0.01113611,0.98692262,2.289696e-4,67
-0.01111235,0.98661951,2.269617e-4,87
-0.01107872,0.98654566,2.282307e-4,51
-0.01105702,0.98623074,2.321899e-4,45
-0.01105389,0.98629176,2.268536e-4,59
-0.01101632,0.98635339,2.292136e-4,79
-0.01100824,0.98606688,2.261080e-4,74
-0.01100118,0.98590510,2.275204e-4,84
-0.01099931,0.98605976,2.258377e-4,69
-0.01096784,0.98662012,2.296479e-4,56
-0.01089417,0.98636990,2.257703e-4,61
-0.01088173,0.98638173,2.305369e-4,53
-0.01087654,0.98635656,2.288091e-4,76
-0.01086549,0.98681238,2.280902e-4,71
-0.01086535,0.98612280,2.281758e-4,66
-0.01085013,0.98681545,2.285256e-4,86
-0.01084079,0.98605626,2.283857e-4,50
-0.01083694,0.98589005,2.398025e-4,44
-0.01082524,0.98618875,2.290992e-4,47
-0.01079613,0.98646730,2.288516e-4,58
-0.01077819,0.98603399,2.322507e-4,91
-0.01074320,0.98635921,2.297696e-4,78
-0.01074182,0.98636645,2.271074e-4,63
-0.01073377,0.98644103,2.280641e-4,83
-0.01069198,0.98627242,2.266059e-4,88
-0.01063253,0.98609837,2.261693e-4,60
-0.01060559,0.98616084,2.297341e-4,49
-0.01060184,0.98652178,2.272142e-4,75
-0.01059911,0.98614845,2.296499e-4,46
-0.01059586,0.98590720,2.271148e-4,65
-0.01059156,0.98595793,2.276501e-4,70
-0.01058583,0.98592432,2.275292e-4,85
-0.01053991,0.98631573,2.301347e-4,57
-0.01052473,0.98624541,2.303278e-4,90
-0.01047666,0.98601194,2.265031e-4,62
-0.01046953,0.98629311,2.287828e-4,77
-0.01046483,0.98599795,2.339790e-4,82
-0.01045878,0.98622018,2.283076e-4,72
-0.01045493,0.98641516,2.289228e-4,67
-0.01043117,0.98571205,2.268831e-4,87
-0.01039753,0.98631162,2.282772e-4,51
-0.01037593,0.98655245,2.322001e-4,45
-0.01037349,0.98581105,2.297524e-4,48
-0.01037271,0.98649259,2.268747e-4,59
-0.01033524,0.98633645,2.290124e-4,79
-0.01032716,0.98606067,2.261301e-4,74
-0.01032000,0.98634595,2.275840e-4,84
-0.01031813,0.98627911,2.258640e-4,69
-0.01028666,0.98615026,2.296106e-4,56
-0.01021319,0.98657036,2.257836e-4,61
-0.01020055,0.98650425,2.306528e-4,53
-0.01019536,0.98621204,2.287884e-4,76
-0.01018441,0.98599940,2.279955e-4,71
-0.01018427,0.98553222,2.280958e-4,66
-0.01016895,0.98611267,2.284781e-4,86
-0.01015960,0.98604190,2.283048e-4,50
-0.01015584,0.98567702,2.398083e-4,44
-0.01014425,0.98599300,2.290825e-4,47
-0.01011505,0.98609942,2.288100e-4,58
-0.01006212,0.98602321,2.297420e-4,78
-0.01006074,0.98630404,2.271493e-4,63
-0.01005259,0.98651236,2.280781e-4,83
-0.01005236,0.98577373,2.267423e-4,73
-0.01001090,0.98626489,2.266285e-4,88
-0.00995135,0.98623567,2.261896e-4,60
-0.00992460,0.98643479,2.297509e-4,49
-0.00992086,0.98624176,2.271619e-4,75
-0.00991802,0.98610602,2.296425e-4,46
-0.00991478,0.98604538,2.271033e-4,65
-0.00991039,0.98610334,2.276544e-4,70
-0.00990485,0.98642779,2.275902e-4,85
-0.00985883,0.98610128,2.301024e-4,57
-0.00984365,0.98603339,2.303255e-4,90
-0.00979558,0.98596121,2.265010e-4,62
-0.00978845,0.98627866,2.288321e-4,77
-0.00978375,0.98594604,2.339391e-4,82
-0.00977770,0.98624506,2.283241e-4,72
-0.00977385,0.98583878,2.288634e-4,67
-0.00975009,0.98667980,2.269869e-4,87
-0.00971645,0.98602440,2.282437e-4,51
-0.00969484,0.98644677,2.322435e-4,45
-0.00969240,0.98627717,2.296248e-4,48
-0.00969163,0.98603831,2.268363e-4,59
-0.00964608,0.98582153,2.261389e-4,74
-0.00963706,0.98630254,2.258818e-4,69
-0.00960558,0.98612999,2.296166e-4,56
-0.00953201,0.98617017,2.257514e-4,61
-0.00951956,0.98665121,2.306941e-4,53
-0.00951429,0.98627538,2.288117e-4,76
-0.00950323,0.98583232,2.279591e-4,71
-0.00950319,0.98608575,2.281300e-4,66
-0.00948787,0.98583034,2.284298e-4,86
-0.00947861,0.98611683,2.283198e-4,50
-0.00947475,0.98610751,2.398792e-4,44
-0.00946316,0.98592833,2.289047e-4,47
-0.00943396,0.98637115,2.288281e-4,58
-0.00941593,0.98589438,2.322446e-4,91
-0.00938115,0.98634868,2.298948e-4,78
-0.00937966,0.98610151,2.271204e-4,63
-0.00937129,0.98628829,2.267732e-4,73
-0.00932972,0.98580593,2.266084e-4,88
-0.00927026,0.98569321,2.261413e-4,60
-0.00924351,0.98571267,2.296759e-4,49
-0.00923979,0.98626138,2.271341e-4,75
-0.00923693,0.98593692,2.296290e-4,46
-0.00923360,0.98568808,2.270493e-4,65
-0.00922931,0.98576733,2.276141e-4,70
-0.00922377,0.98620007,2.275820e-4,85
-0.00917785,0.98637226,2.301172e-4,57
-0.00916257,0.98627875,2.303596e-4,90
-0.00911440,0.98635164,2.265381e-4,62
-0.00910727,0.98598009,2.288223e-4,77
-0.00909653,0.98572043,2.282895e-4,72
-0.00909277,0.98589798,2.288716e-4,67
-0.00906901,0.98630823,2.269657e-4,87
-0.00903546,0.98601586,2.282335e-4,51
-0.00901364,0.98595920,2.321809e-4,45
-0.00901132,0.98583645,2.295773e-4,48
-0.00901055,0.98595524,2.268277e-4,59
-0.00897309,0.98617219,2.289120e-4,79
-0.00896491,0.98595906,2.261738e-4,74
-0.00895794,0.98613764,2.275998e-4,84
-0.00895598,0.98610133,2.258789e-4,69
-0.00892449,0.98603282,2.296205e-4,56
-0.00885093,0.98582985,2.257201e-4,61
-0.00883848,0.98636728,2.306937e-4,53
-0.00883311,0.98593828,2.287476e-4,76
-0.00882201,0.98605246,2.281048e-4,66
-0.00880669,0.98633221,2.284726e-4,86
-0.00879752,0.98594732,2.283963e-4,50
-0.00879376,0.98550018,2.398524e-4,44
-0.00878197,0.98598736,2.290761e-4,47
-0.00875288,0.98602738,2.287879e-4,58
-0.00873484,0.98587264,2.322573e-4,91
-0.00869997,0.98587298,2.296576e-4,78
-0.00869849,0.98628019,2.272420e-4,63
-0.00869054,0.98605534,2.280494e-4,83
-0.00869011,0.98628549,2.267474e-4,73
-0.00864864,0.98564329,2.266118e-4,88
-0.00858928,0.98578844,2.261580e-4,60
-0.00856233,0.98610000,2.297052e-4,49
-0.00855861,0.98585533,2.270689e-4,75
-0.00855574,0.98649207,2.296851e-4,46
-0.00855252,0.98616647,2.270766e-4,65
-0.00854269,0.98611933,2.275964e-4,85
-0.00849677,0.98618854,2.300884e-4,57
-0.00848138,0.98590523,2.303367e-4,90
-0.00843332,0.98574429,2.264767e-4,62
-0.00842630,0.98618360,2.289398e-4,77
-0.00842160,0.98593006,2.338613e-4,82
-0.00841555,0.98609569,2.283486e-4,72
-0.00841160,0.98592576,2.288768e-4,67
-0.00838793,0.98616367,2.269618e-4,87
-0.00835427,0.98593230,2.282129e-4,51
-0.00833255,0.98594276,2.321870e-4,45
-0.00833013,0.98595557,2.297436e-4,48
-0.00832947,0.98618438,2.268520e-4,59
-0.00829191,0.98638209,2.288893e-4,79
-0.00828383,0.98592565,2.261977e-4,74
-0.00827686,0.98593179,2.276017e-4,84
-0.00827500,0.98609058,2.258942e-4,69
-0.00816985,0.98553676,2.256976e-4,61
-0.00815729,0.98594078,2.306895e-4,53
-0.00815203,0.98617247,2.288053e-4,76
-0.00814118,0.98581358,2.279469e-4,71
-0.00814093,0.98554800,2.280279e-4,66
-0.00812561,0.98637930,2.285785e-4,86
-0.00811634,0.98559439,2.282816e-4,50
-0.00811257,0.98605230,2.399492e-4,44
-0.00810088,0.98616892,2.289220e-4,47
-0.00807170,0.98569814,2.287513e-4,58
-0.00805376,0.98582736,2.322683e-4,91
-0.00801889,0.98605487,2.296532e-4,78
-0.00801751,0.98585712,2.272528e-4,63
-0.00800936,0.98555395,2.280055e-4,83
-0.00800903,0.98589796,2.266843e-4,73
-0.00796755,0.98608082,2.266786e-4,88
-0.00790810,0.98576851,2.261643e-4,60
-0.00788124,0.98583687,2.296806e-4,49
-0.00787753,0.98637765,2.270866e-4,75
-0.00787464,0.98614324,2.294781e-4,46
-0.00787144,0.98633987,2.270671e-4,65
-0.00786715,0.98589322,2.275974e-4,70
-0.00786151,0.98609022,2.276146e-4,85
-0.00781558,0.98614762,2.300831e-4,57
-0.00780030,0.98624124,2.303738e-4,90
-0.00775224,0.98624533,2.265283e-4,62
-0.00774522,0.98604175,2.289713e-4,77
-0.00774052,0.98589281,2.338229e-4,82
-0.00773447,0.98592798,2.283470e-4,72
-0.00773062,0.98545907,2.288351e-4,67
-0.00770675,0.98601798,2.269576e-4,87
-0.00767319,0.98607616,2.282219e-4,51
-0.00765146,0.98558834,2.321720e-4,45
-0.00764904,0.98563223,2.295405e-4,48
-0.00764829,0.98583202,2.268224e-4,59
-0.00761083,0.98578299,2.289573e-4,79
-0.00760275,0.98630911,2.262541e-4,74
-0.00759568,0.98643832,2.276734e-4,84
-0.00759382,0.98588815,2.258939e-4,69
-0.00756233,0.98580179,2.296262e-4,56
-0.00748867,0.98613478,2.257610e-4,61
-0.00747621,0.98585100,2.307074e-4,53
-0.00747095,0.98590860,2.287897e-4,76
-0.00746000,0.98586780,2.279459e-4,71
-0.00745975,0.98622643,2.280716e-4,66
-0.00744453,0.98593207,2.284885e-4,86
-0.00743525,0.98577460,2.283096e-4,50
-0.00743147,0.98580874,2.399571e-4,44
-0.00741979,0.98593435,2.288942e-4,47
-0.00739062,0.98627636,2.288066e-4,58
-0.00737258,0.98564967,2.322746e-4,91
-0.00733781,0.98618054,2.298019e-4,78
-0.00732828,0.98569529,2.280393e-4,83
-0.00732806,0.98581037,2.266630e-4,73
-0.00728637,0.98599251,2.266987e-4,88
-0.00722702,0.98545426,2.261422e-4,60
-0.00719645,0.98573623,2.269991e-4,75
-0.00719355,0.98622234,2.296530e-4,46
-0.00719026,0.98591586,2.270016e-4,65
-0.00718608,0.98604181,2.276018e-4,70
-0.00718043,0.98546650,2.275667e-4,85
-0.00711922,0.98571875,2.303287e-4,90
-0.00707106,0.98575802,2.264835e-4,62
-0.00706404,0.98597488,2.290391e-4,77
-0.00705944,0.98600785,2.337960e-4,82
-0.00705329,0.98584027,2.283609e-4,72
-0.00704954,0.98592852,2.288873e-4,67
-0.00702567,0.98578854,2.269495e-4,87
-0.00697037,0.98580742,2.321989e-4,45
-0.00696795,0.98592370,2.295721e-4,48
-0.00692975,0.98562315,2.287394e-4,79
-0.00692158,0.98588512,2.262338e-4,74
-0.00691460,0.98591928,2.276475e-4,84
-0.00691275,0.98568884,2.258976e-4,69
-0.00688124,0.98623111,2.296912e-4,56
-0.00680759,0.98585714,2.257394e-4,61
-0.00679512,0.98614130,2.307613e-4,53
-0.00678998,0.98610033,2.287478e-4,76
-0.00677892,0.98576423,2.279425e-4,71
-0.00677878,0.98550349,2.279745e-4,66
-0.00676344,0.98559583,2.285605e-4,86
-0.00675416,0.98565297,2.283940e-4,50
-0.00675028,0.98589645,2.400092e-4,44
-0.00673860,0.98577620,2.288773e-4,47
-0.00670954,0.98573207,2.287467e-4,58
-0.00669149,0.98607300,2.323425e-4,91
-0.00665664,0.98587258,2.296049e-4,78
-0.00665535,0.98586864,2.273540e-4,63
-0.00664720,0.98551765,2.280419e-4,83
-0.00664688,0.98587039,2.266490e-4,73
-0.00660529,0.98575623,2.266995e-4,88
-0.00654594,0.98548362,2.261471e-4,60
-0.00651896,0.98610543,2.297146e-4,49
-0.00651528,0.98589488,2.269865e-4,75
-0.00651236,0.98574699,2.294448e-4,46
-0.00650919,0.98581852,2.269745e-4,65
-0.00650500,0.98581292,2.275689e-4,70
-0.00649925,0.98583195,2.276503e-4,85
-0.00645332,0.98576002,2.300506e-4,57
-0.00643804,0.98614277,2.303728e-4,90
-0.00639008,0.98543146,2.264661e-4,62
-0.00638296,0.98560816,2.290495e-4,77
-0.00637826,0.98546016,2.337127e-4,82
-0.00637222,0.98583620,2.283878e-4,72
-0.00636836,0.98546443,2.288450e-4,67
-0.00634459,0.98600933,2.269860e-4,87
-0.00631091,0.98582982,2.280901e-4,51
-0.00628928,0.98571850,2.322396e-4,45
-0.00628676,0.98557891,2.295326e-4,48
-0.00628622,0.98581043,2.268292e-4,59
-0.00624858,0.98555933,2.286997e-4,79
-0.00624060,0.98582429,2.262454e-4,74
-0.00623343,0.98584158,2.276647e-4,84
-0.00623167,0.98588442,2.259391e-4,69
-0.00620006,0.98615136,2.297064e-4,56
-0.00612651,0.98557158,2.257151e-4,61
-0.00611394,0.98523426,2.307031e-4,53
-0.00610880,0.98571407,2.286720e-4,76
-0.00609770,0.98570390,2.279743e-4,66
-0.00608226,0.98584542,2.285414e-4,86
-0.00607297,0.98559043,2.283044e-4,50
-0.00606919,0.98548292,2.400101e-4,44
-0.00605751,0.98548128,2.290173e-4,47
-0.00602835,0.98600995,2.287673e-4,58
-0.00601031,0.98595066,2.323544e-4,91
-0.00597556,0.98579761,2.295830e-4,78
-0.00597417,0.98588383,2.273723e-4,63
-0.00596602,0.98588228,2.281008e-4,83
-0.00596580,0.98565836,2.266074e-4,73
-0.00592431,0.98583966,2.267325e-4,88
-0.00586486,0.98580152,2.261870e-4,60
-0.00583420,0.98563583,2.269280e-4,75
-0.00583137,0.98609967,2.296423e-4,46
-0.00582821,0.98598302,2.269736e-4,65
-0.00582392,0.98562521,2.275341e-4,70
-0.00577224,0.98590388,2.300704e-4,57
-0.00575705,0.98589438,2.303468e-4,90
-0.00570900,0.98573334,2.264943e-4,62
-0.00570189,0.98619639,2.291870e-4,77
-0.00569718,0.98558227,2.336946e-4,82
-0.00569114,0.98568270,2.283950e-4,72
-0.00568728,0.98596826,2.289078e-4,67
-0.00562983,0.98533078,2.281194e-4,51
-0.00560819,0.98602921,2.322785e-4,45
-0.00560567,0.98574861,2.297160e-4,48
-0.00560504,0.98575080,2.268260e-4,59
-0.00556750,0.98551602,2.286570e-4,79
-0.00555235,0.98623066,2.277293e-4,84
-0.00555049,0.98595153,2.259708e-4,69
-0.00551898,0.98564330,2.296781e-4,56
-0.00544533,0.98570511,2.257372e-4,61
-0.00543285,0.98521182,2.307326e-4,53
-0.00542772,0.98586173,2.287071e-4,76
-0.00541667,0.98581629,2.279560e-4,71
-0.00541662,0.98601308,2.279819e-4,66
-0.00540118,0.98576686,2.286405e-4,86
-0.00538810,0.98592948,2.400947e-4,44
-0.00537642,0.98598304,2.290597e-4,47
-0.00534727,0.98610451,2.287792e-4,58
-0.00532923,0.98569620,2.323659e-4,91
-0.00529448,0.98577879,2.295134e-4,78
-0.00529309,0.98547795,2.274037e-4,63
-0.00528494,0.98548074,2.280823e-4,83
-0.00528472,0.98590010,2.266176e-4,73
-0.00524313,0.98557673,2.267364e-4,88
-0.00518368,0.98588625,2.262029e-4,60
-0.00515302,0.98556124,2.268962e-4,75
-0.00515028,0.98555636,2.295937e-4,46
-0.00514703,0.98563166,2.269181e-4,65
-0.00514274,0.98575299,2.275283e-4,70
-0.00513709,0.98565635,2.277134e-4,85
-0.00509115,0.98591066,2.300778e-4,57
-0.00507597,0.98562389,2.303152e-4,90
-0.00502782,0.98554964,2.264796e-4,62
-0.00502071,0.98603843,2.292154e-4,77
-0.00501610,0.98590442,2.336944e-4,82
-0.00500996,0.98563001,2.284206e-4,72
-0.00500621,0.98575330,2.288933e-4,67
-0.00498242,0.98570466,2.269694e-4,87
-0.00494864,0.98544628,2.281298e-4,51
-0.00492448,0.98582354,2.295568e-4,48
-0.00492396,0.98609587,2.268591e-4,59
-0.00487845,0.98585503,2.262752e-4,74
-0.00487127,0.98571519,2.277051e-4,84
-0.00486941,0.98561533,2.259713e-4,69
-0.00476435,0.98552605,2.257243e-4,61
-0.00475167,0.98576975,2.308069e-4,53
-0.00474655,0.98614766,2.286768e-4,76
-0.00473559,0.98567124,2.279525e-4,71
-0.00473544,0.98573287,2.279396e-4,66
-0.00472020,0.98575444,2.286696e-4,86
-0.00471080,0.98550246,2.283154e-4,50
-0.00470690,0.98551826,2.401018e-4,44
-0.00469533,0.98553206,2.288425e-4,47
-0.00466629,0.98590429,2.287530e-4,58
-0.00464824,0.98594734,2.324256e-4,91
-0.00460386,0.98601218,2.281650e-4,83
-0.00460355,0.98578972,2.265950e-4,73
-0.00456205,0.98576447,2.267804e-4,88
-0.00450260,0.98556721,2.261788e-4,60
-0.00447570,0.98590645,2.297266e-4,49
-0.00447215,0.98547935,2.268634e-4,75
-0.00446909,0.98591827,2.294672e-4,46
-0.00446595,0.98594078,2.269338e-4,65
-0.00445611,0.98596045,2.277627e-4,85
-0.00439479,0.98563099,2.303134e-4,90
-0.00434674,0.98563790,2.265037e-4,62
-0.00433963,0.98567035,2.292224e-4,77
-0.00433503,0.98575746,2.336524e-4,82
-0.00432889,0.98586373,2.284709e-4,72
-0.00432503,0.98578473,2.289052e-4,67
-0.00430134,0.98524455,2.269474e-4,87
-0.00424590,0.98594015,2.322517e-4,45
-0.00424359,0.98588417,2.295629e-4,48
-0.00424288,0.98576177,2.268290e-4,59
-0.00420534,0.98581678,2.287189e-4,79
-0.00419727,0.98573683,2.262737e-4,74
-0.00419029,0.98580058,2.277444e-4,84
-0.00415671,0.98584415,2.297516e-4,56
-0.00408327,0.98522422,2.257044e-4,61
-0.00407078,0.98562679,2.308177e-4,53
-0.00406547,0.98592976,2.286275e-4,76
-0.00405452,0.98617497,2.280186e-4,71
-0.00405436,0.98537484,2.278810e-4,66
-0.00403902,0.98533150,2.286702e-4,86
-0.00402971,0.98572101,2.283463e-4,50
-0.00402581,0.98566385,2.401626e-4,44
-0.00401424,0.98529702,2.288177e-4,47
-0.00398511,0.98564085,2.287281e-4,58
-0.00396716,0.98543497,2.324165e-4,91
-0.00393233,0.98572504,2.295888e-4,78
-0.00393083,0.98518510,2.274559e-4,63
-0.00392288,0.98534968,2.281341e-4,83
-0.00392247,0.98563907,2.265635e-4,73
-0.00388097,0.98583302,2.268174e-4,88
-0.00382152,0.98581185,2.262087e-4,60
-0.00379461,0.98595579,2.297495e-4,49
-0.00379097,0.98547443,2.268362e-4,75
-0.00378800,0.98577791,2.296263e-4,46
-0.00378487,0.98592369,2.269197e-4,65
-0.00378049,0.98562416,2.274909e-4,70
-0.00377493,0.98595837,2.278284e-4,85
-0.00372889,0.98547118,2.300590e-4,57
-0.00371371,0.98607551,2.303529e-4,90
-0.00366566,0.98619371,2.265655e-4,62
-0.00365856,0.98593426,2.293393e-4,77
-0.00365395,0.98578147,2.336461e-4,82
-0.00364781,0.98559095,2.284781e-4,72
-0.00364395,0.98549377,2.288872e-4,67
-0.00362016,0.98573519,2.270026e-4,87
-0.00356240,0.98553984,2.295217e-4,48
-0.00356170,0.98553250,2.268131e-4,59
-0.00352427,0.98522254,2.285361e-4,79
-0.00351619,0.98566726,2.262763e-4,74
-0.00350911,0.98559260,2.277498e-4,84
-0.00347563,0.98600204,2.297905e-4,56
-0.00340209,0.98540597,2.257366e-4,61
-0.00338960,0.98563839,2.308499e-4,53
-0.00338439,0.98516244,2.285214e-4,76
-0.00337354,0.98595152,2.280118e-4,71
-0.00337318,0.98557639,2.278881e-4,66
-0.00335794,0.98534124,2.286385e-4,86
-0.00334482,0.98595290,2.402299e-4,44
-0.00333315,0.98552172,2.288408e-4,47
-0.00330402,0.98614155,2.287685e-4,58
-0.00328598,0.98579490,2.324918e-4,91
-0.00325125,0.98544822,2.294007e-4,78
-0.00324975,0.98520189,2.274591e-4,63
-0.00324170,0.98568918,2.281936e-4,83
-0.00324139,0.98536467,2.265208e-4,73
-0.00319989,0.98528355,2.267845e-4,88
-0.00314044,0.98583543,2.262165e-4,60
-0.00311352,0.98532407,2.297096e-4,49
-0.00310989,0.98558962,2.268219e-4,75
-0.00310691,0.98586116,2.296339e-4,46
-0.00310369,0.98532867,2.268467e-4,65
-0.00309385,0.98554085,2.278444e-4,85
-0.00304791,0.98566761,2.300902e-4,57
-0.00303262,0.98546274,2.302878e-4,90
-0.00298448,0.98600864,2.265639e-4,62
-0.00297758,0.98606636,2.294157e-4,77
-0.00297287,0.98572478,2.336184e-4,82
-0.00296683,0.98538412,2.284936e-4,72
-0.00296277,0.98566152,2.289150e-4,67
-0.00293908,0.98577696,2.270160e-4,87
-0.00290548,0.98580839,2.281404e-4,51
-0.00288372,0.98597807,2.322632e-4,45
-0.00288131,0.98547586,2.295196e-4,48
-0.00288062,0.98552566,2.268133e-4,59
-0.00284319,0.98530656,2.285147e-4,79
-0.00283501,0.98589102,2.263002e-4,74
-0.00282803,0.98562552,2.277798e-4,84
-0.00282618,0.98490595,2.260002e-4,69
-0.00279454,0.98591734,2.298092e-4,56
-0.00272101,0.98597828,2.258010e-4,61
-0.00270851,0.98561725,2.308663e-4,53
-0.00270321,0.98619689,2.286280e-4,76
-0.00269236,0.98552637,2.279875e-4,71
-0.00269211,0.98554820,2.278675e-4,66
-0.00267686,0.98507637,2.286320e-4,86
-0.00266373,0.98618705,2.403007e-4,44
-0.00265196,0.98568568,2.290225e-4,47
-0.00262294,0.98555892,2.287126e-4,58
-0.00260490,0.98566701,2.325196e-4,91
-0.00257017,0.98550826,2.294836e-4,78
-0.00256877,0.98607071,2.276051e-4,63
-0.00256063,0.98568982,2.282242e-4,83
-0.00256022,0.98555483,2.265293e-4,73
-0.00251870,0.98551989,2.268369e-4,88
-0.00245936,0.98557557,2.261958e-4,60
-0.00243233,0.98533943,2.297399e-4,49
-0.00242871,0.98589230,2.268276e-4,75
-0.00242572,0.98516935,2.293985e-4,46
-0.00242261,0.98559709,2.268634e-4,65
-0.00241843,0.98547534,2.274438e-4,70
-0.00241267,0.98580282,2.279500e-4,85
-0.00236672,0.98564053,2.301061e-4,57
-0.00235144,0.98552019,2.302818e-4,90
-0.00230340,0.98593365,2.265697e-4,62
-0.00229640,0.98617232,2.294784e-4,77
-0.00229179,0.98569466,2.335806e-4,82
-0.00228566,0.98568849,2.285531e-4,72
-0.00228179,0.98535984,2.288948e-4,67
-0.00225800,0.98554068,2.270106e-4,87
-0.00222429,0.98532342,2.280008e-4,51
-0.00220253,0.98570704,2.322414e-4,45
-0.00220012,0.98560028,2.295347e-4,48
-0.00219954,0.98502291,2.267642e-4,59
-0.00216201,0.98575538,2.285382e-4,79
-0.00215394,0.98567216,2.262808e-4,74
-0.00214695,0.98570316,2.278173e-4,84
-0.00214510,0.98549231,2.260873e-4,69
-0.00211346,0.98600289,2.298498e-4,56
-0.00203993,0.98583467,2.258047e-4,61
-0.00202732,0.98591532,2.309144e-4,53
-0.00202214,0.98601485,2.285946e-4,76
-0.00201128,0.98545471,2.280102e-4,71
-0.00201103,0.98585480,2.278883e-4,66
-0.00199578,0.98545578,2.287852e-4,86
-0.00198635,0.98545501,2.283424e-4,50
-0.00198253,0.98537677,2.402707e-4,44
-0.00197087,0.98570404,2.288508e-4,47
-0.00194176,0.98563347,2.287220e-4,58
-0.00192371,0.98594829,2.326017e-4,91
-0.00188899,0.98570572,2.293465e-4,78
-0.00188759,0.98592067,2.276136e-4,63
-0.00187955,0.98548925,2.282447e-4,83
-0.00187924,0.98577888,2.265420e-4,73
-0.00183762,0.98584149,2.268916e-4,88
-0.00177827,0.98574642,2.262224e-4,60
-0.00175124,0.98564613,2.297882e-4,49
-0.00174764,0.98564040,2.267832e-4,75
-0.00174463,0.98550004,2.294422e-4,46
-0.00174144,0.98549320,2.268446e-4,65
-0.00173736,0.98592819,2.274743e-4,70
-0.00173159,0.98572056,2.280057e-4,85
-0.00168564,0.98556225,2.301184e-4,57
-0.00167036,0.98561506,2.302891e-4,90
-0.00162232,0.98611434,2.266083e-4,62
-0.00161532,0.98590657,2.294631e-4,77
-0.00160458,0.98518742,2.285396e-4,72
-0.00160072,0.98540938,2.289169e-4,67
-0.00157682,0.98539316,2.270035e-4,87
-0.00154320,0.98581190,2.281250e-4,51
-0.00152154,0.98559560,2.322294e-4,45
-0.00151903,0.98553853,2.296989e-4,48
-0.00151835,0.98582578,2.268435e-4,59
-0.00148093,0.98555718,2.285290e-4,79
-0.00147286,0.98584047,2.262957e-4,74
-0.00146577,0.98536421,2.278151e-4,84
-0.00146393,0.98541470,2.261184e-4,69
-0.00143238,0.98587239,2.298704e-4,56
-0.00135885,0.98545319,2.257727e-4,61
-0.00134624,0.98593015,2.309349e-4,53
-0.00133021,0.98583643,2.280690e-4,71
-0.00133005,0.98510851,2.277988e-4,66
-0.00131460,0.98525461,2.287711e-4,86
-0.00130526,0.98512314,2.283168e-4,50
-0.00130144,0.98604389,2.403853e-4,44
-0.00128978,0.98578113,2.290290e-4,47
-0.00126068,0.98532279,2.286919e-4,58
-0.00124263,0.98559369,2.326084e-4,91
-0.00120792,0.98607130,2.293460e-4,78
-0.00120651,0.98562099,2.275702e-4,63
-0.00119837,0.98566726,2.282966e-4,83
-0.00119816,0.98551647,2.265100e-4,73
-0.00115654,0.98535405,2.268684e-4,88
-0.00109709,0.98555350,2.262054e-4,60
-0.00107015,0.98584413,2.298379e-4,49
-0.00106344,0.98522063,2.295874e-4,46
-0.00106036,0.98574724,2.268653e-4,65
-0.00105051,0.98576236,2.280723e-4,85
-0.00100456,0.98610839,2.301905e-4,57
-0.00098928,0.98576673,2.302865e-4,90
-0.00094124,0.98572517,2.265885e-4,62
-0.00093425,0.98574512,2.295111e-4,77
-0.00092953,0.98600438,2.335700e-4,82
-0.00092340,0.98539683,2.285924e-4,72
-0.00091964,0.98570919,2.289622e-4,67
-0.00089574,0.98543964,2.270227e-4,87
-0.00086212,0.98561506,2.280263e-4,51
-0.00084044,0.98554280,2.322623e-4,45
-0.00083784,0.98579887,2.295540e-4,48
-0.00083737,0.98530607,2.267921e-4,59
-0.00079986,0.98551212,2.284620e-4,79
-0.00079188,0.98544307,2.262467e-4,74
-0.00078469,0.98572732,2.278801e-4,84
-0.00078285,0.98527016,2.261529e-4,69
-0.00075129,0.98562367,2.298767e-4,56
-0.00067767,0.98602443,2.258400e-4,61
-0.00066505,0.98513018,2.308785e-4,53
-0.00066008,0.98573440,2.284386e-4,76
-0.00064903,0.98575276,2.280914e-4,71
-0.00064887,0.98574214,2.278557e-4,66
-0.00063352,0.98591752,2.289099e-4,86
-0.00062417,0.98560242,2.283737e-4,50
-0.00062025,0.98555594,2.403818e-4,44
-0.00060869,0.98532269,2.289851e-4,47
-0.00056155,0.98600214,2.326984e-4,91
-0.00052684,0.98585055,2.294150e-4,78
-0.00052533,0.98526259,2.275784e-4,63
-0.00051729,0.98553351,2.283280e-4,83
-0.00051699,0.98573231,2.265210e-4,73
-0.00047546,0.98557012,2.269081e-4,88
-0.00041601,0.98572542,2.262307e-4,60
-0.00038907,0.98587071,2.298776e-4,49
-0.00038538,0.98587358,2.267650e-4,75
-0.00038244,0.98598263,2.296697e-4,46
-0.00037938,0.98584966,2.268746e-4,65
-0.00037510,0.98590267,2.274528e-4,70
-0.00036943,0.98552917,2.281365e-4,85
-0.00032338,0.98538516,2.301387e-4,57
-0.00030819,0.98522488,2.302253e-4,90
-0.00026016,0.98577228,2.266084e-4,62
-0.00025307,0.98576114,2.295732e-4,77
-0.00024846,0.98572934,2.335251e-4,82
-0.00024232,0.98599279,2.286836e-4,72
-0.00021476,0.98518939,2.270050e-4,87
-0.00018093,0.98590303,2.280859e-4,51
-0.00015676,0.98541180,2.295179e-4,48
-0.00015629,0.98555581,2.268221e-4,59
-0.00011868,0.98583218,2.284814e-4,79
-0.00011071,0.98512483,2.262111e-4,74
-0.00010351,0.98539658,2.278784e-4,84
-0.00010177,0.98561608,2.262171e-4,69
-0.00007021,0.98568967,2.299184e-4,56
0.00000341,0.98572305,2.258260e-4,61
0.00001603,0.98551694,2.309294e-4,53
0.00002109,0.98567542,2.284285e-4,76
0.00003205,0.98550424,2.280941e-4,71
0.00003221,0.98559566,2.278333e-4,66
0.00004756,0.98584997,2.288654e-4,86
0.00005701,0.98576026,2.284451e-4,50
0.00006084,0.98553072,2.404289e-4,44
0.00007250,0.98570983,2.288521e-4,47
0.00010159,0.98564868,2.287272e-4,58
0.00011964,0.98575983,2.327245e-4,91
0.00015434,0.98572120,2.293351e-4,78
0.00016379,0.98584363,2.283933e-4,83
0.00016409,0.98557802,2.265008e-4,73
0.00020562,0.98534781,2.269055e-4,88
0.00026507,0.98604970,2.262686e-4,60
0.00029212,0.98578522,2.298994e-4,49
0.00029569,0.98526544,2.266802e-4,75
0.00029865,0.98548645,2.296213e-4,46
0.00030170,0.98562094,2.268495e-4,65
0.00030607,0.98558581,2.274201e-4,70
0.00031175,0.98577148,2.282283e-4,85
0.00035771,0.98544442,2.301672e-4,57
0.00037289,0.98587121,2.302715e-4,90
0.00042092,0.98543423,2.265950e-4,62
0.00042801,0.98554355,2.295858e-4,77
0.00043272,0.98532879,2.334757e-4,82
0.00043875,0.98576590,2.287003e-4,72
0.00044262,0.98583664,2.290006e-4,67
0.00046632,0.98602375,2.271005e-4,87
0.00050016,0.98574354,2.281110e-4,51
0.00052184,0.98577220,2.322740e-4,45
0.00052479,0.98536618,2.267979e-4,59
0.00056230,0.98552184,2.284336e-4,79
0.00057037,0.98525583,2.262070e-4,74
0.00057757,0.98573327,2.279408e-4,84
0.00057941,0.98570674,2.262652e-4,69
0.00068439,0.98544564,2.258120e-4,61
0.00069712,0.98539573,2.309322e-4,53
0.00070217,0.98572219,2.283523e-4,76
0.00071322,0.98582982,2.281557e-4,71
0.00071339,0.98561547,2.278256e-4,66
0.00072864,0.98601900,2.290001e-4,86
0.00073810,0.98593701,2.285170e-4,50
0.00074194,0.98517223,2.404399e-4,44
0.00075349,0.98530205,2.288128e-4,47
0.00078257,0.98528597,2.286960e-4,58
0.00080062,0.98588394,2.327880e-4,91
0.00083542,0.98570488,2.293316e-4,78
0.00083683,0.98577719,2.276454e-4,63
0.00084517,0.98603006,2.265407e-4,73
0.00088670,0.98521508,2.269102e-4,88
0.00094625,0.98602543,2.262769e-4,60
0.00097311,0.98549941,2.299027e-4,49
0.00097667,0.98575206,2.267500e-4,75
0.00097974,0.98523632,2.294418e-4,46
0.00098288,0.98557874,2.268503e-4,65
0.00098715,0.98563755,2.274172e-4,70
0.00099273,0.98543041,2.282918e-4,85
0.00103879,0.98568467,2.302071e-4,57
0.00105397,0.98559890,2.302333e-4,90
0.00110200,0.98548233,2.266207e-4,62
0.00110908,0.98547159,2.295922e-4,77
0.00111380,0.98563645,2.334946e-4,82
0.00111993,0.98612056,2.287689e-4,72
0.00114750,0.98620150,2.271248e-4,87
0.00118124,0.98599170,2.280458e-4,51
0.00120293,0.98551194,2.322200e-4,45
0.00120532,0.98575736,2.297179e-4,48
0.00120597,0.98558922,2.268220e-4,59
0.00124338,0.98578438,2.284492e-4,79
0.00125155,0.98546539,2.262138e-4,74
0.00125855,0.98542818,2.279405e-4,84
0.00126049,0.98530869,2.262661e-4,69
0.00129206,0.98555062,2.299655e-4,56
0.00136557,0.98564710,2.258426e-4,61
0.00137810,0.98573999,2.309783e-4,53
0.00138335,0.98591977,2.283527e-4,76
0.00139430,0.98552265,2.281515e-4,71
0.00139446,0.98555374,2.278156e-4,66
0.00140972,0.98617239,2.289735e-4,86
0.00142313,0.98535734,2.405018e-4,44
0.00146365,0.98568390,2.287426e-4,58
0.00148170,0.98578415,2.328299e-4,91
0.00151639,0.98593774,2.291878e-4,78
0.00151791,0.98541939,2.275751e-4,63
0.00152595,0.98590041,2.284856e-4,83
0.00152635,0.98585601,2.265185e-4,73
0.00156788,0.98559203,2.269572e-4,88
0.00162733,0.98591247,2.262664e-4,60
0.00165430,0.98557035,2.299543e-4,49
0.00165785,0.98575967,2.266938e-4,75
0.00166093,0.98569792,2.296563e-4,46
0.00166396,0.98553526,2.268477e-4,65
0.00166823,0.98575902,2.274275e-4,70
0.00167381,0.98591551,2.284229e-4,85
0.00171997,0.98549593,2.302134e-4,57
0.00173505,0.98535514,2.302002e-4,90
0.00178318,0.98560095,2.266543e-4,62
0.00179478,0.98548941,2.334715e-4,82
0.00182858,0.98568513,2.270854e-4,87
0.00186233,0.98546023,2.280732e-4,51
0.00188412,0.98559466,2.321995e-4,45
0.00188651,0.98584274,2.295606e-4,48
0.00188705,0.98579044,2.268468e-4,59
0.00192445,0.98586605,2.284450e-4,79
0.00193262,0.98593386,2.262436e-4,74
0.00193963,0.98574065,2.279951e-4,84
0.00194166,0.98581125,2.263503e-4,69
0.00197314,0.98561327,2.300079e-4,56
0.00204665,0.98574388,2.258696e-4,61
0.00205929,0.98595044,2.310065e-4,53
0.00206443,0.98581293,2.282938e-4,76
0.00207528,0.98553706,2.281883e-4,71
0.00207554,0.98565114,2.278278e-4,66
0.00209080,0.98549617,2.290304e-4,86
0.00210028,0.98584904,2.285245e-4,50
0.00210412,0.98553107,2.405561e-4,44
0.00211577,0.98569640,2.288444e-4,47
0.00214473,0.98542624,2.287221e-4,58
0.00216279,0.98567767,2.328703e-4,91
0.00219909,0.98565230,2.276181e-4,63
0.00220703,0.98533061,2.284733e-4,83
0.00220742,0.98556595,2.264892e-4,73
0.00224896,0.98585221,2.269954e-4,88
0.00230831,0.98586089,2.262647e-4,60
0.00233539,0.98548740,2.299769e-4,49
0.00233892,0.98619493,2.267217e-4,75
0.00234202,0.98599180,2.297003e-4,46
0.00234514,0.98570364,2.268759e-4,65
0.00234921,0.98591096,2.274336e-4,70
0.00235499,0.98519727,2.284421e-4,85
0.00240096,0.98578463,2.302572e-4,57
0.00241624,0.98544660,2.302005e-4,90
0.00246426,0.98563870,2.266838e-4,62
0.00247124,0.98611040,2.297012e-4,77
0.00247596,0.98564279,2.335206e-4,82
0.00248198,0.98576106,2.288053e-4,72
0.00250976,0.98580343,2.271100e-4,87
0.00254342,0.98580607,2.280247e-4,51
0.00256521,0.98524200,2.321841e-4,45
0.00256760,0.98544814,2.295226e-4,48
0.00256824,0.98530283,2.268031e-4,59
0.00260563,0.98551036,2.284047e-4,79
0.00261370,0.98529760,2.261640e-4,74
0.00262080,0.98577198,2.280257e-4,84
0.00262264,0.98607467,2.264168e-4,69
0.00265432,0.98604906,2.300852e-4,56
0.00272773,0.98556718,2.258666e-4,61
0.00274037,0.98592261,2.310092e-4,53
0.00274550,0.98614580,2.282563e-4,76
0.00275636,0.98566117,2.282339e-4,71
0.00275672,0.98578248,2.278464e-4,66
0.00277198,0.98561646,2.290806e-4,86
0.00278136,0.98557703,2.284673e-4,50
0.00278521,0.98559664,2.406024e-4,44
0.00279686,0.98544576,2.288205e-4,47
0.00282591,0.98546640,2.287248e-4,58
0.00284397,0.98600678,2.329593e-4,91
0.00287865,0.98569331,2.292187e-4,78
0.00288007,0.98566742,2.275752e-4,63
0.00288820,0.98601778,2.285809e-4,83
0.00288860,0.98600059,2.265285e-4,73
0.00293005,0.98585994,2.270028e-4,88
0.00298939,0.98577142,2.262704e-4,60
0.00301648,0.98567986,2.300351e-4,49
0.00302000,0.98554682,2.266433e-4,75
0.00302321,0.98548208,2.294840e-4,46
0.00302622,0.98560591,2.268720e-4,65
0.00303038,0.98579709,2.274263e-4,70
0.00303607,0.98509914,2.285109e-4,85
0.00308204,0.98611472,2.303071e-4,57
0.00309732,0.98573288,2.302126e-4,90
0.00314534,0.98576705,2.267207e-4,62
0.00315232,0.98539467,2.296306e-4,77
0.00316316,0.98604751,2.288647e-4,72
0.00319084,0.98599879,2.271366e-4,87
0.00322450,0.98590174,2.281154e-4,51
0.00324631,0.98541074,2.321475e-4,45
0.00324869,0.98520190,2.295009e-4,48
0.00324932,0.98529820,2.267977e-4,59
0.00328671,0.98600385,2.284466e-4,79
0.00329488,0.98590549,2.261994e-4,74
0.00330372,0.98569448,2.264320e-4,69
0.00333531,0.98587170,2.300975e-4,56
0.00340891,0.98612716,2.259322e-4,61
0.00342146,0.98554099,2.309763e-4,53
0.00342658,0.98530639,2.281037e-4,76
0.00343753,0.98567702,2.282709e-4,71
0.00343780,0.98565319,2.278312e-4,66
0.00345306,0.98582086,2.290644e-4,86
0.00346245,0.98588456,2.285550e-4,50
0.00346641,0.98548124,2.406354e-4,44
0.00347795,0.98544936,2.289905e-4,47
0.00350700,0.98570953,2.287634e-4,58
0.00352505,0.98565233,2.329686e-4,91
0.00355973,0.98565170,2.290514e-4,78
0.00356115,0.98584481,2.276125e-4,63
0.00356928,0.98536317,2.285612e-4,83
0.00356958,0.98619471,2.265469e-4,73
0.00361113,0.98565653,2.269930e-4,88
0.00367057,0.98615177,2.263021e-4,60
0.00369757,0.98562505,2.300741e-4,49
0.00370118,0.98583151,2.266589e-4,75
0.00370430,0.98569940,2.296815e-4,46
0.00370729,0.98562139,2.268877e-4,65
0.00371146,0.98553037,2.273947e-4,70
0.00371715,0.98575749,2.286801e-4,85
0.00376322,0.98587798,2.303040e-4,57
0.00377840,0.98582867,2.302051e-4,90
0.00382652,0.98579955,2.267497e-4,62
0.00383339,0.98603592,2.297308e-4,77
0.00383812,0.98584152,2.334991e-4,82
0.00384424,0.98569952,2.288618e-4,72
0.00387193,0.98585226,2.271296e-4,87
0.00390559,0.98592855,2.280342e-4,51
0.00392730,0.98580439,2.322030e-4,45
0.00392988,0.98580554,2.295591e-4,48
0.00393040,0.98566525,2.268342e-4,59
0.00396789,0.98570149,2.284216e-4,79
0.00397596,0.98536405,2.261264e-4,74
0.00398306,0.98565394,2.280701e-4,84
0.00401639,0.98574903,2.301223e-4,56
0.00408999,0.98597899,2.259336e-4,61
0.00410264,0.98591607,2.310179e-4,53
0.00410766,0.98566282,2.280927e-4,76
0.00411861,0.98539401,2.282779e-4,71
0.00411878,0.98561968,2.278373e-4,66
0.00413414,0.98572963,2.291779e-4,86
0.00414364,0.98567364,2.284620e-4,50
0.00414750,0.98572692,2.407021e-4,44
0.00418818,0.98566449,2.287657e-4,58
0.00420624,0.98592563,2.330470e-4,91
0.00424090,0.98569456,2.291797e-4,78
0.00424232,0.98599534,2.276078e-4,63
0.00425036,0.98613766,2.286771e-4,83
0.00425065,0.98541569,2.264730e-4,73
0.00429231,0.98551432,2.269827e-4,88
0.00435165,0.98550935,2.262438e-4,60
0.00437875,0.98568876,2.301146e-4,49
0.00438226,0.98596181,2.266590e-4,75
0.00438539,0.98552991,2.296687e-4,46
0.00438837,0.98577067,2.269228e-4,65
0.00439264,0.98536142,2.273856e-4,70
0.00439823,0.98553676,2.287505e-4,85
0.00444430,0.98558753,2.302935e-4,57
0.00445958,0.98559014,2.301782e-4,90
0.00450750,0.98583837,2.267741e-4,62
0.00451457,0.98600203,2.297265e-4,77
0.00451919,0.98561597,2.334804e-4,82
0.00452532,0.98552353,2.288764e-4,72
0.00455311,0.98577528,2.271309e-4,87
0.00458678,0.98544473,2.280660e-4,51
0.00460849,0.98549155,2.321077e-4,45
0.00461097,0.98558021,2.295329e-4,48
0.00461138,0.98599769,2.268653e-4,59
0.00464897,0.98552592,2.285323e-4,79
0.00465693,0.98571111,2.261428e-4,74
0.00466414,0.98620526,2.281443e-4,84
0.00466597,0.98582650,2.265069e-4,69
0.00469757,0.98566456,2.301425e-4,56
0.00477107,0.98584216,2.259395e-4,61
0.00478373,0.98568288,2.309972e-4,53
0.00478873,0.98527626,2.279845e-4,76
0.00479979,0.98585755,2.283534e-4,71
0.00479985,0.98535727,2.278299e-4,66
0.00481532,0.98517990,2.290883e-4,86
0.00482473,0.98553241,2.284594e-4,50
0.00482859,0.98572707,2.407326e-4,44
0.00484023,0.98552628,2.290005e-4,47
0.00486926,0.98596794,2.288088e-4,58
0.00488732,0.98607245,2.331025e-4,91
0.00492198,0.98620274,2.291934e-4,78
0.00492340,0.98589847,2.275772e-4,63
0.00493154,0.98610907,2.287093e-4,83
0.00493173,0.98582868,2.265198e-4,73
0.00497329,0.98548849,2.269803e-4,88
0.00503273,0.98585920,2.262851e-4,60
0.00505984,0.98553209,2.301324e-4,49
0.00506333,0.98576384,2.266262e-4,75
0.00506638,0.98564990,2.295225e-4,46
0.00506945,0.98575670,2.269714e-4,65
0.00507372,0.98572212,2.274332e-4,70
0.00507941,0.98566753,2.288548e-4,85
0.00512539,0.98578845,2.303367e-4,57
0.00514067,0.98549057,2.301538e-4,90
0.00518858,0.98582713,2.267996e-4,62
0.00519565,0.98566539,2.296603e-4,77
0.00520037,0.98581460,2.335049e-4,82
0.00520649,0.98635256,2.289864e-4,72
0.00523409,0.98586738,2.271472e-4,87
0.00526786,0.98620875,2.280565e-4,51
0.00528958,0.98586768,2.321393e-4,45
0.00529216,0.98559625,2.295334e-4,48
0.00529256,0.98581193,2.268512e-4,59
0.00533004,0.98592855,2.284554e-4,79
0.00533811,0.98558426,2.261033e-4,74
0.00534522,0.98620296,2.281720e-4,84
0.00534705,0.98568128,2.265282e-4,69
0.00545226,0.98552717,2.259218e-4,61
0.00546481,0.98545406,2.309692e-4,53
0.00546981,0.98592297,2.279881e-4,76
0.00548087,0.98590524,2.283923e-4,71
0.00548103,0.98619264,2.279217e-4,66
0.00549640,0.98583195,2.292731e-4,86
0.00550581,0.98560811,2.284786e-4,50
0.00550978,0.98575488,2.407691e-4,44
0.00552132,0.98548060,2.288300e-4,47
0.00555044,0.98519064,2.287397e-4,58
0.00556840,0.98555947,2.331075e-4,91
0.00560306,0.98564719,2.289604e-4,78
0.00560448,0.98577795,2.275396e-4,63
0.00561262,0.98601495,2.287434e-4,83
0.00561291,0.98539405,2.264771e-4,73
0.00571392,0.98553665,2.262575e-4,60
0.00574093,0.98564092,2.301844e-4,49
0.00574451,0.98588139,2.266258e-4,75
0.00574757,0.98606023,2.295717e-4,46
0.00575053,0.98515575,2.268962e-4,65
0.00575479,0.98595823,2.274595e-4,70
0.00576049,0.98577781,2.289579e-4,85
0.00580647,0.98576958,2.303515e-4,57
0.00582165,0.98553336,2.301507e-4,90
0.00586966,0.98619861,2.268553e-4,62
0.00587673,0.98606589,2.297212e-4,77
0.00588757,0.98576997,2.289555e-4,72
0.00591517,0.98592601,2.271598e-4,87
0.00594895,0.98610967,2.281354e-4,51
0.00597077,0.98639647,2.321335e-4,45
0.00597325,0.98522917,2.295035e-4,48
0.00597364,0.98548316,2.268220e-4,59
0.00601919,0.98589744,2.261132e-4,74
0.00602640,0.98586583,2.281600e-4,84
0.00602823,0.98582846,2.265774e-4,69
0.00605974,0.98595395,2.302332e-4,56
0.00615099,0.98576386,2.279218e-4,76
0.00616211,0.98585918,2.279088e-4,66
0.00617738,0.98586401,2.293154e-4,86
0.00618700,0.98574329,2.285415e-4,50
0.00619088,0.98553708,2.407849e-4,44
0.00620231,0.98578063,2.289391e-4,47
0.00623132,0.98584112,2.288188e-4,58
0.00624939,0.98617846,2.332115e-4,91
0.00628423,0.98628953,2.291259e-4,78
0.00628566,0.98584890,2.275187e-4,63
0.00629380,0.98611452,2.287903e-4,83
0.00629398,0.98571185,2.265202e-4,73
0.00633555,0.98584440,2.270110e-4,88
0.00639500,0.98602571,2.263089e-4,60
0.00642212,0.98603440,2.302570e-4,49
0.00642549,0.98559863,2.265900e-4,75
0.00642866,0.98557504,2.296169e-4,46
0.00643171,0.98550206,2.269670e-4,65
0.00643597,0.98591493,2.274641e-4,70
0.00644156,0.98558251,2.290318e-4,85
0.00648765,0.98571230,2.303587e-4,57
0.00650273,0.98591478,2.301807e-4,90
0.00655084,0.98602693,2.268700e-4,62
0.00655790,0.98624350,2.296991e-4,77
0.00656263,0.98582398,2.335248e-4,82
0.00656865,0.98584355,2.289881e-4,72
0.00659635,0.98566088,2.271458e-4,87
0.00663014,0.98584911,2.281091e-4,51
0.00665186,0.98568768,2.320449e-4,45
0.00665424,0.98590284,2.295640e-4,48
0.00665482,0.98589197,2.268583e-4,59
0.00669220,0.98596045,2.284852e-4,79
0.00670026,0.98583091,2.260821e-4,74
0.00670738,0.98581212,2.281782e-4,84
0.00670931,0.98596713,2.266231e-4,69
0.00674092,0.98595080,2.302628e-4,56
0.00681432,0.98626996,2.260275e-4,61
0.00682698,0.98578533,2.309998e-4,53
0.00683207,0.98576126,2.278612e-4,76
0.00684312,0.98629210,2.285015e-4,71
0.00684329,0.98556863,2.278951e-4,66
0.00685846,0.98607943,2.293772e-4,86
0.00686799,0.98595369,2.285765e-4,50
0.00687197,0.98581783,2.408362e-4,44
0.00688350,0.98593660,2.288668e-4,47
0.00691251,0.98563436,2.288104e-4,58
0.00693057,0.98577018,2.332107e-4,91
0.00696521,0.98592148,2.290544e-4,78
0.00696674,0.98598901,2.275056e-4,63
0.00697478,0.98589156,2.288034e-4,83
0.00697516,0.98536648,2.264925e-4,73
0.00701663,0.98591940,2.270168e-4,88
0.00707618,0.98581111,2.262873e-4,60
0.00710311,0.98559708,2.302562e-4,49
0.00710975,0.98609514,2.297624e-4,46
0.00711279,0.98543203,2.269894e-4,65
0.00711705,0.98560688,2.274514e-4,70
0.00712264,0.98577812,2.291418e-4,85
0.00716873,0.98583942,2.303777e-4,57
0.00718392,0.98613478,2.301930e-4,90
0.00723192,0.98568881,2.268573e-4,62
0.00723898,0.98630647,2.296849e-4,77
0.00724361,0.98592399,2.335562e-4,82
0.00724982,0.98605714,2.290339e-4,72
0.00727743,0.98613041,2.271912e-4,87
0.00731112,0.98575772,2.280123e-4,51
0.00733296,0.98621516,2.320890e-4,45
0.00733533,0.98583448,2.295531e-4,48
0.00733591,0.98623506,2.268944e-4,59
0.00737328,0.98593393,2.286491e-4,79
0.00738144,0.98552096,2.260299e-4,74
0.00738846,0.98599742,2.282185e-4,84
0.00739038,0.98567628,2.266476e-4,69
0.00742201,0.98572376,2.302693e-4,56
0.00750807,0.98579801,2.310042e-4,53
0.00751314,0.98642323,2.278883e-4,76
0.00752420,0.98585844,2.284880e-4,71
0.00752437,0.98569517,2.279314e-4,66
0.00753964,0.98544839,2.293648e-4,86
0.00754908,0.98576659,2.285264e-4,50
0.00755306,0.98561240,2.408492e-4,44
0.00756459,0.98585794,2.290317e-4,47
0.00759359,0.98615735,2.288789e-4,58
0.00761165,0.98594440,2.332630e-4,91
0.00764629,0.98592370,2.289849e-4,78
0.00764782,0.98601151,2.274408e-4,63
0.00765586,0.98582212,2.288282e-4,83
0.00765624,0.98582118,2.265412e-4,73
0.00769772,0.98592030,2.270050e-4,88
0.00775716,0.98614544,2.263254e-4,60
0.00778420,0.98582614,2.303075e-4,49
0.00778774,0.98579110,2.265895e-4,75
0.00779095,0.98601789,2.297592e-4,46
0.00779387,0.98607937,2.270620e-4,65
0.00779803,0.98614755,2.275238e-4,70
0.00780372,0.98648962,2.292882e-4,85
0.00784972,0.98572083,2.303767e-4,57
0.00786500,0.98586574,2.301617e-4,90
0.00791300,0.98593986,2.269034e-4,62
0.00793080,0.98604912,2.290527e-4,72
0.00795851,0.98623945,2.272091e-4,87
0.00799221,0.98628333,2.281519e-4,51
0.00801415,0.98600364,2.320366e-4,45
0.00801652,0.98597213,2.295718e-4,48
0.00801699,0.98618866,2.268951e-4,59
0.00805445,0.98602889,2.285402e-4,79
0.00806252,0.98589789,2.260398e-4,74
0.00806954,0.98584806,2.282168e-4,84
0.00807136,0.98617854,2.266934e-4,69
0.00810309,0.98600338,2.303221e-4,56
0.00817658,0.98580155,2.260138e-4,61
0.00818916,0.98620837,2.310334e-4,53
0.00819432,0.98567817,2.277701e-4,76
0.00820517,0.98608040,2.285442e-4,71
0.00820545,0.98613930,2.279950e-4,66
0.00822072,0.98582218,2.294376e-4,86
0.00823027,0.98636705,2.286856e-4,50
0.00823416,0.98579413,2.408898e-4,44
0.00824578,0.98586284,2.289432e-4,47
0.00827477,0.98600984,2.288782e-4,58
0.00829284,0.98594741,2.332983e-4,91
0.00832747,0.98629551,2.288568e-4,78
0.00832890,0.98616470,2.274549e-4,63
0.00833694,0.98626731,2.289040e-4,83
0.00833732,0.98549549,2.265162e-4,73
0.00837890,0.98614039,2.270237e-4,88
0.00843824,0.98564230,2.262773e-4,60
0.00846538,0.98608548,2.303675e-4,49
0.00846882,0.98650844,2.266520e-4,75
0.00847204,0.98568790,2.297416e-4,46
0.00847494,0.98659526,2.271373e-4,65
0.00847920,0.98582469,2.275183e-4,70
0.00848480,0.98555455,2.292838e-4,85
0.00853090,0.98607282,2.304162e-4,57
0.00854608,0.98619477,2.301866e-4,90
0.00859418,0.98607156,2.269440e-4,62
0.00860113,0.98627742,2.296133e-4,77
0.00860576,0.98607466,2.336106e-4,82
0.00861188,0.98610385,2.290738e-4,72
0.00863969,0.98620711,2.272112e-4,87
0.00867340,0.98608049,2.281268e-4,51
0.00869524,0.98594746,2.319487e-4,45
0.00869760,0.98570851,2.295382e-4,48
0.00869817,0.98591763,2.268628e-4,59
0.00874360,0.98595542,2.260230e-4,74
0.00875072,0.98597717,2.282505e-4,84
0.00875254,0.98620751,2.267155e-4,69
0.00878407,0.98562564,2.303143e-4,56
0.00885766,0.98579594,2.260314e-4,61
0.00887034,0.98569893,2.309842e-4,53
0.00887540,0.98596843,2.277511e-4,76
0.00888635,0.98562949,2.285298e-4,71
0.00888652,0.98613683,2.280241e-4,66
0.00890190,0.98607578,2.295062e-4,86
0.00891135,0.98573180,2.286335e-4,50
0.00891525,0.98574530,2.409047e-4,44
0.00892687,0.98607831,2.289702e-4,47
0.00895585,0.98602080,2.288988e-4,58
0.00897392,0.98588140,2.333238e-4,91
0.00900854,0.98611358,2.289688e-4,78
0.00900998,0.98588495,2.273910e-4,63
0.00901811,0.98630067,2.289343e-4,83
0.00901829,0.98605731,2.265892e-4,73
0.00905998,0.98641143,2.270372e-4,88
0.00911932,0.98633051,2.263412e-4,60
0.00914647,0.98591974,2.303820e-4,49
0.00914990,0.98635674,2.266346e-4,75
0.00915313,0.98559820,2.297435e-4,46
0.00915612,0.98627897,2.271412e-4,65
0.00916028,0.98586974,2.275472e-4,70
0.00916598,0.98601345,2.294000e-4,85
0.00921198,0.98623790,2.304391e-4,57
0.00922726,0.98644135,2.302049e-4,90
0.00927526,0.98617146,2.269722e-4,62
0.00928221,0.98612623,2.295652e-4,77
0.00928694,0.98608592,2.336383e-4,82
0.00929306,0.98560027,2.290428e-4,72
0.00932077,0.98581572,2.271767e-4,87
0.00935448,0.98658635,2.280942e-4,51
0.00937633,0.98611274,2.319593e-4,45
0.00937869,0.98571633,2.296136e-4,48
0.00942477,0.98628585,2.260357e-4,74
0.00943180,0.98615913,2.282787e-4,84
0.00946526,0.98604462,2.303834e-4,56
0.00953884,0.98646972,2.261202e-4,61
0.00955143,0.98626017,2.310262e-4,53
0.00955637,0.98612095,2.276714e-4,76
0.00956743,0.98591899,2.285887e-4,71
0.00956760,0.98581691,2.280168e-4,66
0.00958298,0.98625491,2.295263e-4,86
0.00959244,0.98594943,2.286202e-4,50
0.00960796,0.98647375,2.289236e-4,47
0.00963693,0.98588919,2.288990e-4,58
0.00965500,0.98582906,2.333498e-4,91
0.00968962,0.98588949,2.287505e-4,78
0.00969106,0.98612738,2.273837e-4,63
0.00969919,0.98619813,2.289485e-4,83
0.00969947,0.98644827,2.266384e-4,73
0.00974116,0.98654808,2.270456e-4,88
0.00980050,0.98573799,2.262844e-4,60
0.00982756,0.98559619,2.303797e-4,49
0.00983107,0.98604573,2.265949e-4,75
0.00983422,0.98595910,2.297808e-4,46
0.00983720,0.98630190,2.271723e-4,65
0.00984136,0.98595323,2.275934e-4,70
0.00984706,0.98606580,2.294944e-4,85
0.00989306,0.98650926,2.304598e-4,57
0.00995624,0.98612021,2.269910e-4,62
0.00996329,0.98585653,2.295442e-4,77
0.00996802,0.98594799,2.336576e-4,82
0.00997413,0.98606654,2.290951e-4,72
0.00997801,0.98661863,2.293216e-4,67
0.01000185,0.98610242,2.272036e-4,87
0.01003557,0.98621059,2.280549e-4,51
0.01005732,0.98663353,2.319407e-4,45
0.01005988,0.98613902,2.295724e-4,48
0.01006023,0.98574055,2.268499e-4,59
0.01009779,0.98608228,2.286289e-4,79
0.01010575,0.98654958,2.260362e-4,74
0.01011288,0.98647403,2.283253e-4,84
0.01011479,0.98611497,2.267515e-4,69
0.01014634,0.98571351,2.303696e-4,56
0.01021992,0.98625773,2.261130e-4,61
0.01023251,0.98623565,2.310244e-4,53
0.01023755,0.98624286,2.276357e-4,76
0.01024851,0.98610175,2.286277e-4,71
0.01024868,0.98591743,2.280546e-4,66
0.01026406,0.98596666,2.295781e-4,86
0.01027363,0.98611381,2.286975e-4,50
0.01027753,0.98646507,2.410206e-4,44
0.01028915,0.98678448,2.289552e-4,47
0.01031812,0.98602566,2.289403e-4,58
0.01033609,0.98611117,2.334042e-4,91
0.01037080,0.98634274,2.287623e-4,78
0.01037214,0.98616585,2.273511e-4,63
0.01038037,0.98620674,2.289665e-4,83
0.01038055,0.98621717,2.266256e-4,73
0.01042224,0.98580789,2.269588e-4,88
0.01048158,0.98630845,2.263410e-4,60
0.01050875,0.98609890,2.304549e-4,49
0.01051215,0.98638291,2.266277e-4,75
0.01051531,0.98633884,2.298285e-4,46
0.01051818,0.98694491,2.272675e-4,65
0.01052254,0.98657390,2.276897e-4,70
0.01052814,0.98614283,2.295666e-4,85
0.01057425,0.98621060,2.304335e-4,57
0.01058953,0.98608571,2.301551e-4,90
0.01063742,0.98608965,2.270097e-4,62
0.01064447,0.98625103,2.295101e-4,77
0.01064920,0.98643011,2.337396e-4,82
0.01065521,0.98616998,2.291153e-4,72
0.01065909,0.98632242,2.293064e-4,67
0.01068303,0.98609734,2.272089e-4,87
0.01071676,0.98618721,2.281433e-4,51
0.01073851,0.98604719,2.318348e-4,45
0.01074097,0.98581191,2.295279e-4,48
0.01074141,0.98609710,2.268819e-4,59
0.01077886,0.98607955,2.287033e-4,79
0.01078683,0.98597227,2.259646e-4,74
0.01079406,0.98624555,2.283110e-4,84
0.01079587,0.98613247,2.267482e-4,69
0.01082752,0.98624234,2.304461e-4,56
0.01090100,0.98603783,2.261096e-4,61
0.01091370,0.98614234,2.310002e-4,53
0.01091863,0.98633142,2.276112e-4,76
0.01092968,0.98641031,2.286870e-4,71
0.01092976,0.98634164,2.281278e-4,66
0.01094524,0.98616066,2.296393e-4,86
0.01095472,0.98646184,2.287376e-4,50
0.01095863,0.98617785,2.410126e-4,44
0.01097024,0.98612008,2.290601e-4,47
0.01099920,0.98584202,2.289413e-4,58
0.01101727,0.98657117,2.334678e-4,91
0.01105188,0.98604739,2.288282e-4,78
0.01105332,0.98622144,2.273144e-4,63
0.01106145,0.98623692,2.289891e-4,83
0.01110322,0.98604826,2.269747e-4,88
0.01116276,0.98600652,2.263073e-4,60
0.01118984,0.98613532,2.304825e-4,49
0.01119323,0.98659640,2.266404e-4,75
0.01119640,0.98617419,2.296582e-4,46
0.01119936,0.98654456,2.272593e-4,65
0.01120361,0.98648707,2.277159e-4,70
0.01120932,0.98645323,2.296955e-4,85
0.01125533,0.98652798,2.304622e-4,57
0.01127051,0.98662484,2.301946e-4,90
0.01131850,0.98641868,2.270556e-4,62
0.01133028,0.98623410,2.337615e-4,82
0.01133639,0.98650960,2.291514e-4,72
0.01134017,0.98623214,2.293139e-4,67
0.01136401,0.98628655,2.272279e-4,87
0.01139785,0.98679836,2.281640e-4,51
0.01141961,0.98641502,2.318487e-4,45
0.01142206,0.98580527,2.296921e-4,48
0.01142249,0.98639835,2.269114e-4,59
0.01145984,0.98612444,2.287097e-4,79
0.01147514,0.98654337,2.283513e-4,84
0.01147695,0.98652427,2.268057e-4,69
0.01150861,0.98625532,2.304727e-4,56
0.01158198,0.98609376,2.261267e-4,61
0.01159478,0.98652618,2.310340e-4,53
0.01161094,0.98591849,2.281144e-4,66
0.01162622,0.98637259,2.296988e-4,86
0.01163580,0.98655237,2.286802e-4,50
0.01163972,0.98664540,2.410732e-4,44
0.01165123,0.98597630,2.288790e-4,47
0.01168018,0.98623850,2.290000e-4,58
0.01169825,0.98654297,2.334882e-4,91
0.01173295,0.98642422,2.287580e-4,78
0.01173440,0.98689301,2.273429e-4,63
0.01174253,0.98640088,2.290102e-4,83
0.01174280,0.98629953,2.266622e-4,73
0.01178430,0.98641966,2.269977e-4,88
0.01184384,0.98645663,2.263483e-4,60
0.01187093,0.98646769,2.305381e-4,49
0.01187420,0.98613018,2.265912e-4,75
0.01187749,0.98616797,2.298368e-4,46
0.01188044,0.98649476,2.272884e-4,65
0.01188469,0.98649930,2.277615e-4,70
0.01189030,0.98615035,2.297016e-4,85
0.01193641,0.98625937,2.304228e-4,57
0.01195159,0.98633354,2.301642e-4,90
0.01199958,0.98654619,2.270882e-4,62
0.01200662,0.98617116,2.294581e-4,77
0.01201136,0.98626100,2.338057e-4,82
0.01201746,0.98635845,2.291334e-4,72
0.01202134,0.98638186,2.293401e-4,67
0.01204509,0.98644820,2.272402e-4,87
0.01207893,0.98648885,2.280927e-4,51
0.01210080,0.98625223,2.317482e-4,45
0.01210315,0.98594854,2.295198e-4,48
0.01210358,0.98641829,2.269129e-4,59
0.01214102,0.98608691,2.287434e-4,79
0.01214908,0.98620107,2.259510e-4,74
0.01215611,0.98646302,2.283512e-4,84
0.01215803,0.98638407,2.267800e-4,69
0.01218969,0.98618925,2.304843e-4,56
0.01226316,0.98669641,2.262084e-4,61
0.01227587,0.98604341,2.309743e-4,53
0.01228078,0.98647002,2.275557e-4,76
0.01229184,0.98637775,2.287226e-4,71
0.01229202,0.98637830,2.281917e-4,66
0.01230730,0.98664244,2.297640e-4,86
0.01231689,0.98635497,2.287545e-4,50
0.01232091,0.98668567,2.410947e-4,44
0.01233242,0.98674552,2.291208e-4,47
0.01236136,0.98591862,2.290008e-4,58
0.01237934,0.98666260,2.335216e-4,91
0.01241413,0.98653591,2.287036e-4,78
0.01241548,0.98681402,2.273038e-4,63
0.01242351,0.98657873,2.290431e-4,83
0.01246548,0.98668956,2.270157e-4,88
0.01252492,0.98650105,2.263454e-4,60
0.01255191,0.98616628,2.305262e-4,49
0.01255538,0.98635104,2.266153e-4,75
0.01255868,0.98644347,2.298940e-4,46
0.01256152,0.98675443,2.273419e-4,65
0.01256577,0.98699598,2.278613e-4,70
0.01257138,0.98682480,2.298472e-4,85
0.01261750,0.98667861,2.304643e-4,57
0.01263268,0.98649470,2.301727e-4,90
0.01268076,0.98618380,2.270663e-4,62
0.01268780,0.98648239,2.294526e-4,77
0.01269234,0.98682231,2.339063e-4,82
0.01269854,0.98675171,2.291679e-4,72
0.01270242,0.98643200,2.293576e-4,67
0.01272628,0.98702213,2.272972e-4,87
0.01275992,0.98645179,2.281740e-4,51
0.01278189,0.98628283,2.317198e-4,45
0.01278424,0.98672314,2.297566e-4,48
0.01278476,0.98644705,2.269226e-4,59
0.01282210,0.98691048,2.288601e-4,79
0.01283729,0.98620842,2.283316e-4,84
0.01283920,0.98656726,2.267952e-4,69
0.01287087,0.98673444,2.305594e-4,56
0.01294424,0.98679874,2.262304e-4,61
0.01295695,0.98690909,2.310537e-4,53
0.01296196,0.98677015,2.275092e-4,76
0.01297301,0.98671837,2.287748e-4,71
0.01297309,0.98659947,2.282456e-4,66
0.01298848,0.98686780,2.298244e-4,86
0.01299798,0.98636850,2.286818e-4,50
0.01300190,0.98630044,2.410742e-4,44
0.01304244,0.98705170,2.291292e-4,58
0.01306052,0.98699596,2.335616e-4,91
0.01309511,0.98672038,2.288458e-4,78
0.01309666,0.98673914,2.272521e-4,63
0.01310469,0.98692446,2.290728e-4,83
0.01310496,0.98689608,2.267540e-4,73
0.01314657,0.98677307,2.270110e-4,88
0.01320591,0.98629953,2.263236e-4,60
0.01323310,0.98642939,2.305603e-4,49
0.01323977,0.98678501,2.299133e-4,46
0.01324260,0.98652677,2.273536e-4,65
0.01324684,0.98644727,2.278569e-4,70
0.01325256,0.98680047,2.298944e-4,85
0.01329858,0.98674403,2.304596e-4,57
0.01331386,0.98689298,2.302016e-4,90
0.01336184,0.98695786,2.271515e-4,62
0.01336888,0.98596419,2.293584e-4,77
0.01337962,0.98642576,2.291268e-4,72
0.01338350,0.98648360,2.293756e-4,67
0.01340736,0.98659316,2.272549e-4,87
0.01344111,0.98678972,2.282115e-4,51
0.01346298,0.98690894,2.317156e-4,45
0.01346533,0.98648612,2.295451e-4,48
0.01346584,0.98715924,2.269864e-4,59
0.01350317,0.98630652,2.290108e-4,79
0.01351123,0.98647713,2.259423e-4,74
0.01351837,0.98640184,2.283501e-4,84
0.01352018,0.98710674,2.268433e-4,69
0.01355196,0.98656202,2.305576e-4,56
0.01362532,0.98664867,2.262346e-4,61
0.01363804,0.98672363,2.310216e-4,53
0.01364304,0.98677666,2.274679e-4,76
0.01365399,0.98647372,2.287640e-4,71
0.01365417,0.98618857,2.282319e-4,66
0.01366956,0.98687011,2.298668e-4,86
0.01367907,0.98697350,2.287511e-4,50
0.01368300,0.98727813,2.411739e-4,44
0.01369460,0.98706038,2.291529e-4,47
0.01372353,0.98664517,2.291140e-4,58
0.01374160,0.98711521,2.335880e-4,91
0.01377619,0.98669541,2.287009e-4,78
0.01377764,0.98720203,2.272682e-4,63
0.01378577,0.98713169,2.290952e-4,83
0.01378613,0.98657821,2.267350e-4,73
0.01382775,0.98717910,2.270410e-4,88
0.01391419,0.98648564,2.305820e-4,49
0.01391753,0.98748161,2.267225e-4,75
0.01392086,0.98675050,2.299251e-4,46
0.01392792,0.98674279,2.279450e-4,70
0.01393364,0.98653418,2.299077e-4,85
0.01397966,0.98679250,2.304535e-4,57
0.01399494,0.98723637,2.302319e-4,90
0.01404292,0.98695795,2.271632e-4,62
0.01404985,0.98736506,2.294365e-4,77
0.01405459,0.98670596,2.339910e-4,82
0.01406070,0.98738910,2.292063e-4,72
0.01406458,0.98693319,2.294317e-4,67
0.01408844,0.98718227,2.273090e-4,87
0.01412219,0.98723347,2.282512e-4,51
0.01414417,0.98700703,2.317151e-4,45
0.01414642,0.98652069,2.295482e-4,48
0.01414692,0.98703487,2.269813e-4,59
0.01418435,0.98721769,2.289837e-4,79
0.01419241,0.98661952,2.259437e-4,74
0.01419945,0.98686563,2.283959e-4,84
0.01423314,0.98673156,2.305922e-4,56
0.01430650,0.98707507,2.262918e-4,61
0.01431912,0.98697411,2.310380e-4,53
0.01432411,0.98738303,2.274937e-4,76
0.01433507,0.98726105,2.288591e-4,71
0.01433535,0.98679383,2.283301e-4,66
0.01435064,0.98693717,2.299125e-4,86
0.01436025,0.98700824,2.288560e-4,50
0.01436419,0.98731325,2.411952e-4,44
0.01437579,0.98720528,2.290028e-4,47
0.01440471,0.98743106,2.292192e-4,58
0.01445736,0.98685922,2.288086e-4,78
0.01445872,0.98721525,2.272288e-4,63
0.01446685,0.98750453,2.291174e-4,83
0.01446711,0.98723910,2.268148e-4,73
0.01450883,0.98721279,2.270330e-4,88
0.01456817,0.98717122,2.263954e-4,60
0.01459538,0.98737393,2.306666e-4,49
0.01459871,0.98759794,2.267258e-4,75
0.01460205,0.98723970,2.299759e-4,46
0.01460485,0.98674463,2.274410e-4,65
0.01460900,0.98716791,2.280487e-4,70
0.01461472,0.98761381,2.300388e-4,85
0.01466074,0.98727769,2.304922e-4,57
0.01467612,0.98709799,2.302075e-4,90
0.01472410,0.98727496,2.272008e-4,62
0.01473093,0.98744824,2.294058e-4,77
0.01473567,0.98691310,2.340670e-4,82
0.01474177,0.98732061,2.291804e-4,72
0.01474566,0.98749560,2.294957e-4,67
0.01476962,0.98752577,2.273366e-4,87
0.01480328,0.98771612,2.282175e-4,51
0.01482761,0.98720735,2.297682e-4,48
0.01482810,0.98762245,2.270380e-4,59
0.01486543,0.98729251,2.290298e-4,79
0.01487349,0.98699181,2.259699e-4,74
0.01488053,0.98694790,2.284031e-4,84
0.01488244,0.98692622,2.268122e-4,69
0.01491402,0.98722700,2.306573e-4,56
0.01498758,0.98723400,2.263213e-4,61
0.01500031,0.98729016,2.310586e-4,53
0.01500519,0.98740200,2.274841e-4,76
0.01501615,0.98771327,2.289111e-4,71
0.01501633,0.98729114,2.284101e-4,66
0.01503182,0.98732106,2.299820e-4,86
0.01504134,0.98748936,2.289057e-4,50
0.01504528,0.98643932,2.411239e-4,44
0.01505688,0.98756090,2.292040e-4,47
0.01508579,0.98686874,2.291956e-4,58
0.01510387,0.98736517,2.336317e-4,91
0.01513990,0.98767738,2.272472e-4,63
0.01514802,0.98746956,2.290977e-4,83
0.01514819,0.98752188,2.268554e-4,73
0.01518991,0.98755254,2.270565e-4,88
0.01524935,0.98723040,2.263919e-4,60
0.01527647,0.98707421,2.306429e-4,49
0.01527979,0.98735956,2.267103e-4,75
0.01528593,0.98768303,2.276034e-4,65
0.01529018,0.98740820,2.281351e-4,70
0.01529590,0.98748980,2.300581e-4,85
0.01534193,0.98737895,2.304920e-4,57
0.01535721,0.98780302,2.302596e-4,90
0.01540508,0.98737950,2.272159e-4,62
0.01541211,0.98748636,2.293438e-4,77
0.01541685,0.98733615,2.341660e-4,82
0.01542285,0.98737800,2.291610e-4,72
0.01542673,0.98761367,2.295175e-4,67
0.01545070,0.98749654,2.273340e-4,87
0.01548447,0.98752327,2.282855e-4,51
0.01550626,0.98760271,2.316733e-4,45
0.01550870,0.98761159,2.297940e-4,48
0.01550908,0.98740307,2.270115e-4,59
0.01554651,0.98761279,2.291007e-4,79
0.01555447,0.98787511,2.260552e-4,74
0.01556171,0.98755974,2.284546e-4,84
0.01556351,0.98745150,2.268510e-4,69
0.01559521,0.98778466,2.307247e-4,56
0.01566876,0.98744595,2.263682e-4,61
0.01568139,0.98781558,2.311000e-4,53
0.01568627,0.98801102,2.274988e-4,76
0.01569732,0.98733576,2.288838e-4,71
0.01569741,0.98738124,2.284535e-4,66
0.01571290,0.98747589,2.300352e-4,86
0.01572243,0.98723264,2.288049e-4,50
0.01572637,0.98754255,2.412390e-4,44
0.01573807,0.98736561,2.291922e-4,47
0.01576687,0.98757917,2.292830e-4,58
0.01578495,0.98778615,2.336732e-4,91
0.01581952,0.98748676,2.286994e-4,78
0.01582098,0.98739375,2.271783e-4,63
0.01582910,0.98752965,2.290914e-4,83
0.01582936,0.98755782,2.268788e-4,73
0.01587109,0.98782312,2.270698e-4,88
0.01593043,0.98761524,2.264199e-4,60
0.01595756,0.98792506,2.307205e-4,49
0.01596087,0.98750225,2.267244e-4,75
0.01596424,0.98791846,2.300615e-4,46
0.01596701,0.98780934,2.276139e-4,65
0.01597125,0.98750947,2.282085e-4,70
0.01597698,0.98787149,2.301035e-4,85
0.01602301,0.98807258,2.305440e-4,57
0.01603829,0.98768066,2.302378e-4,90
0.01608616,0.98778361,2.272602e-4,62
0.01609318,0.98822995,2.294160e-4,77
0.01609793,0.98763865,2.342508e-4,82
0.01610403,0.98788180,2.291889e-4,72
0.01610781,0.98742937,2.295046e-4,67
0.01613178,0.98743634,2.273224e-4,87
0.01616555,0.98783660,2.282347e-4,51
0.01618745,0.98795332,2.316352e-4,45
0.01618979,0.98736850,2.295911e-4,48
0.01619016,0.98755468,2.270268e-4,59
0.01622758,0.98830555,2.292251e-4,79
0.01624279,0.98767306,2.284614e-4,84
0.01624459,0.98784292,2.268802e-4,69
0.01627629,0.98800410,2.307660e-4,56
0.01634984,0.98775390,2.263994e-4,61
0.01636248,0.98770275,2.310778e-4,53
0.01636734,0.98793594,2.275055e-4,76
0.01637840,0.98819769,2.289729e-4,71
0.01637859,0.98791978,2.285376e-4,66
0.01639398,0.98785257,2.301047e-4,86
0.01640352,0.98781858,2.289602e-4,50
0.01640747,0.98790132,2.412812e-4,44
0.01641916,0.98763943,2.292151e-4,47
0.01646604,0.98781186,2.336761e-4,91
0.01650070,0.98794465,2.288503e-4,78
0.01650205,0.98806950,2.272145e-4,63
0.01651018,0.98838029,2.291517e-4,83
0.01651044,0.98780496,2.269175e-4,73
0.01655207,0.98826795,2.271054e-4,88
0.01661151,0.98805250,2.264549e-4,60
0.01663874,0.98780798,2.307035e-4,49
0.01664204,0.98793074,2.267638e-4,75
0.01664523,0.98794667,2.300756e-4,46
0.01664809,0.98791329,2.276777e-4,65
0.01665233,0.98813819,2.283376e-4,70
0.01665806,0.98783464,2.300736e-4,85
0.01670409,0.98810743,2.305353e-4,57
0.01671927,0.98801463,2.302609e-4,90
0.01676734,0.98789272,2.272640e-4,62
0.01677436,0.98764618,2.293166e-4,77
0.01677911,0.98777510,2.343215e-4,82
0.01678510,0.98816103,2.291790e-4,72
0.01678899,0.98811075,2.295698e-4,67
0.01681286,0.98764871,2.273396e-4,87
0.01684674,0.98793697,2.283312e-4,51
0.01686854,0.98768091,2.315857e-4,45
0.01687097,0.98820867,2.296538e-4,48
0.01687135,0.98812576,2.270849e-4,59
0.01690866,0.98774315,2.292286e-4,79
0.01692387,0.98798037,2.284779e-4,84
0.01695747,0.98826538,2.307976e-4,56
0.01703092,0.98844031,2.264837e-4,61
0.01704367,0.98830210,2.311241e-4,53
0.01704852,0.98800847,2.274561e-4,76
0.01705948,0.98818870,2.289822e-4,71
0.01705966,0.98798410,2.285738e-4,66
0.01707506,0.98797126,2.301746e-4,86
0.01708470,0.98811359,2.290011e-4,50
0.01708866,0.98831067,2.413264e-4,44
0.01710015,0.98797207,2.292516e-4,47
0.01712904,0.98831911,2.294051e-4,58
0.01714702,0.98829623,2.337231e-4,91
0.01718177,0.98821459,2.288240e-4,78
0.01718323,0.98832828,2.272068e-4,63
0.01719136,0.98863946,2.291513e-4,83
0.01719152,0.98820534,2.269717e-4,73
0.01723315,0.98867239,2.271338e-4,88
0.01729269,0.98887741,2.265259e-4,60
0.01731983,0.98805287,2.307187e-4,49
0.01732302,0.98827651,2.268041e-4,75
0.01732642,0.98814100,2.300984e-4,46
0.01732917,0.98830639,2.277610e-4,65
0.01733904,0.98826781,2.301337e-4,85
0.01738527,0.98794007,2.305048e-4,57
0.01740045,0.98853652,2.302969e-4,90
0.01744842,0.98797733,2.272660e-4,62
0.01745544,0.98858599,2.293719e-4,77
0.01746018,0.98824523,2.344328e-4,82
0.01746618,0.98822154,2.291537e-4,72
0.01747007,0.98833015,2.296003e-4,67
0.01749394,0.98820700,2.273889e-4,87
0.01752783,0.98799606,2.283333e-4,51
0.01754963,0.98861564,2.315993e-4,45
0.01755196,0.98855764,2.298383e-4,48
0.01755243,0.98809229,2.270778e-4,59
0.01758974,0.98859414,2.293365e-4,79
0.01759780,0.98844635,2.260940e-4,74
0.01760495,0.98845805,2.285092e-4,84
0.01760685,0.98854895,2.269204e-4,69
0.01763856,0.98839559,2.308289e-4,56
0.01771190,0.98853374,2.265091e-4,61
0.01772475,0.98813501,2.311027e-4,53
0.01772960,0.98875249,2.275306e-4,76
0.01774065,0.98807981,2.289720e-4,71
0.01775614,0.98834755,2.302167e-4,86
0.01776569,0.98878429,2.290272e-4,50
0.01778124,0.98845092,2.293032e-4,47
0.01781012,0.98828845,2.294232e-4,58
0.01782820,0.98883132,2.337732e-4,91
0.01786285,0.98859203,2.289346e-4,78
0.01786431,0.98845531,2.271911e-4,63
0.01787234,0.98848240,2.291098e-4,83
0.01787259,0.98843767,2.270105e-4,73
0.01791434,0.98872810,2.271308e-4,88
0.01797377,0.98893118,2.265191e-4,60
0.01800082,0.98870355,2.307679e-4,49
0.01800410,0.98893011,2.268713e-4,75
0.01800751,0.98855334,2.301455e-4,46
0.01801035,0.98838546,2.277648e-4,65
0.01801459,0.98839405,2.285044e-4,70
0.01802022,0.98842091,2.301275e-4,85
0.01806636,0.98874842,2.305727e-4,57
0.01812950,0.98851829,2.273095e-4,62
0.01813662,0.98857094,2.293351e-4,77
0.01814736,0.98899921,2.291951e-4,72
0.01815115,0.98904066,2.296713e-4,67
0.01817502,0.98856180,2.274149e-4,87
0.01820881,0.98883839,2.284278e-4,51
0.01823082,0.98851250,2.315758e-4,45
0.01823305,0.98844615,2.298134e-4,48
0.01823351,0.98877846,2.271451e-4,59
0.01827082,0.98898697,2.294163e-4,79
0.01827887,0.98896664,2.261461e-4,74
0.01828792,0.98871725,2.269214e-4,69
0.01831964,0.98908159,2.309043e-4,56
0.01839308,0.98863242,2.265269e-4,61
0.01840574,0.98881207,2.311616e-4,53
0.01841068,0.98906250,2.275761e-4,76
0.01842173,0.98847938,2.290214e-4,71
0.01842192,0.98843329,2.286746e-4,66
0.01843722,0.98906087,2.303152e-4,86
0.01844678,0.98865266,2.290714e-4,50
0.01845074,0.98904927,2.414162e-4,44
0.01849120,0.98898466,2.295123e-4,58
0.01850929,0.98884906,2.337670e-4,91
0.01854393,0.98892981,2.289011e-4,78
0.01854549,0.98910078,2.272267e-4,63
0.01855342,0.98894657,2.291290e-4,83
0.01855377,0.98865321,2.270479e-4,73
0.01859542,0.98872422,2.271245e-4,88
0.01865485,0.98890965,2.265022e-4,60
0.01868201,0.98905184,2.307909e-4,49
0.01868517,0.98900648,2.268817e-4,75
0.01868860,0.98903531,2.302001e-4,46
0.01869142,0.98879012,2.278461e-4,65
0.01869556,0.98898972,2.286341e-4,70
0.01870130,0.98874892,2.301349e-4,85
0.01874734,0.98919185,2.306001e-4,57
0.01876272,0.98908457,2.303129e-4,90
0.01881068,0.98905348,2.273544e-4,62
0.01881769,0.98908365,2.293445e-4,77
0.01882224,0.98938995,2.346568e-4,82
0.01883232,0.98927520,2.296876e-4,67
0.01885610,0.98952553,2.275011e-4,87
0.01888990,0.98874169,2.284165e-4,51
0.01891192,0.98909563,2.315956e-4,45
0.01891424,0.98921622,2.297058e-4,48
0.01891459,0.98916499,2.271843e-4,59
0.01895199,0.98912614,2.294742e-4,79
0.01896005,0.98942569,2.261952e-4,74
0.01896711,0.98912438,2.285530e-4,84
0.01896890,0.98925256,2.269843e-4,69
0.01900082,0.98928962,2.309333e-4,56
0.01907416,0.98929555,2.266052e-4,61
0.01908682,0.98920821,2.311898e-4,53
0.01909185,0.98924716,2.275883e-4,76
0.01910271,0.98931100,2.291094e-4,71
0.01910300,0.98909179,2.287640e-4,66
0.01911840,0.98915519,2.303559e-4,86
0.01912797,0.98909767,2.290762e-4,50
0.01913194,0.98901175,2.414195e-4,44
0.01914352,0.98891977,2.293512e-4,47
0.01917238,0.98945226,2.295815e-4,58
0.01919037,0.98945005,2.338110e-4,91
0.01922501,0.98907987,2.289058e-4,78
0.01922647,0.98902042,2.271911e-4,63
0.01923460,0.98941674,2.291380e-4,83
0.01927650,0.98937085,2.271786e-4,88
0.01933583,0.98983201,2.265870e-4,60
0.01936310,0.98938182,2.308060e-4,49
0.01936635,0.98968926,2.269541e-4,75
0.01936979,0.98967187,2.302662e-4,46
0.01937250,0.98924652,2.279055e-4,65
0.01937674,0.98906516,2.287146e-4,70
0.01938248,0.98956906,2.301731e-4,85
0.01942852,0.98887128,2.305552e-4,57
0.01944380,0.98950852,2.303356e-4,90
0.01949176,0.98891786,2.273265e-4,62
0.01949867,0.98965896,2.293740e-4,77
0.01950342,0.98950127,2.347670e-4,82
0.01950941,0.98949393,2.291580e-4,72
0.01951340,0.98912832,2.296700e-4,67
0.01953728,0.98954650,2.274905e-4,87
0.01957109,0.98937582,2.284870e-4,51
0.01959301,0.98963549,2.316120e-4,45
0.01959533,0.98918867,2.296894e-4,48
0.01959577,0.98991681,2.272564e-4,59
0.01964113,0.98959134,2.262146e-4,74
0.01964829,0.98983233,2.285982e-4,84
0.01965008,0.98932947,2.269488e-4,69
0.01975534,0.98985081,2.266725e-4,61
0.01976801,0.98918238,2.311768e-4,53
0.01977293,0.98933937,2.275562e-4,76
0.01978389,0.98946497,2.291264e-4,71
0.01979948,0.98949542,2.304163e-4,86
0.01980905,0.98992912,2.292115e-4,50
0.01981303,0.98964603,2.414800e-4,44
0.01985346,0.99001420,2.296589e-4,58
0.01987155,0.98978659,2.338327e-4,91
0.01990755,0.98914113,2.271766e-4,63
0.01991568,0.99024878,2.291891e-4,83
0.01991583,0.98976994,2.271872e-4,73
0.01995768,0.98980346,2.272133e-4,88
0.02001701,0.98975122,2.265658e-4,60
0.02004419,0.98952256,2.308042e-4,49
0.02004743,0.98989987,2.270193e-4,75
0.02005088,0.99025185,2.303249e-4,46
0.02005368,0.99009881,2.280527e-4,65
0.02005782,0.98980935,2.288571e-4,70
0.02006356,0.98956758,2.301276e-4,85
0.02010960,0.99010169,2.306606e-4,57
0.02012488,0.99021688,2.303788e-4,90
0.02017294,0.98969807,2.273850e-4,62
0.02017975,0.98992537,2.293667e-4,77
0.02018450,0.98982472,2.348194e-4,82
0.02019059,0.98941419,2.291093e-4,72
0.02019438,0.98972055,2.297239e-4,67
0.02021836,0.98970640,2.275003e-4,87
0.02025217,0.98991104,2.285391e-4,51
0.02027410,0.99004037,2.316125e-4,45
0.02027642,0.98994482,2.299126e-4,48
0.02027685,0.98978050,2.272435e-4,59
0.02031415,0.99013134,2.296548e-4,79
0.02032220,0.99005746,2.262692e-4,74
0.02032937,0.99020949,2.286178e-4,84
0.02033116,0.98965715,2.269759e-4,69
0.02036289,0.99014547,2.310307e-4,56
0.02043642,0.98991777,2.266891e-4,61
0.02044909,0.99016773,2.312662e-4,53
0.02045391,0.99023404,2.276670e-4,76
0.02046496,0.99009846,2.291935e-4,71
0.02046516,0.98949611,2.288500e-4,66
0.02048056,0.98999873,2.304975e-4,86
0.02049014,0.99022605,2.292468e-4,50
0.02049412,0.98959767,2.414851e-4,44
0.02050580,0.98978069,2.294424e-4,47
0.02053455,0.99011986,2.296876e-4,58
0.02055264,0.98994221,2.338343e-4,91
0.02058726,0.99029641,2.290561e-4,78
0.02058863,0.99055883,2.272934e-4,63
0.02059675,0.98993083,2.291203e-4,83
0.02059700,0.99003828,2.272274e-4,73
0.02063876,0.99015467,2.272481e-4,88
0.02072537,0.99011667,2.308412e-4,49
0.02072861,0.99016009,2.270109e-4,75
0.02073207,0.98999119,2.303466e-4,46
0.02073476,0.99015992,2.280816e-4,65
0.02074464,0.98990874,2.301060e-4,85
0.02079069,0.99002288,2.306444e-4,57
0.02080607,0.99026286,2.303570e-4,90
0.02086092,0.99018062,2.293680e-4,77
0.02086568,0.99002221,2.348948e-4,82
0.02087167,0.99001918,2.291236e-4,72
0.02087556,0.99026264,2.297662e-4,67
0.02093336,0.99019263,2.285706e-4,51
0.02095519,0.99016352,2.315949e-4,45
0.02095761,0.99002098,2.299047e-4,48
0.02095783,0.99027284,2.272894e-4,59
0.02099523,0.99025570,2.298642e-4,79
0.02100328,0.99006508,2.262796e-4,74
0.02101044,0.99028144,2.286100e-4,84
0.02101223,0.99110924,2.270856e-4,69
0.02104407,0.99051318,2.310664e-4,56
0.02111750,0.99034576,2.267395e-4,61
0.02113028,0.99022069,2.312673e-4,53
0.02113508,0.99060087,2.277341e-4,76
0.02114623,0.98998345,2.289142e-4,66
0.02116174,0.99042210,2.305578e-4,86
0.02117133,0.99037391,2.292680e-4,50
0.02118689,0.99083260,2.293845e-4,47
0.02121573,0.99032928,2.297230e-4,58
0.02123372,0.99016343,2.338316e-4,91
0.02126834,0.99057813,2.290325e-4,78
0.02126981,0.99089704,2.273080e-4,63
0.02127793,0.99058741,2.291449e-4,83
0.02127808,0.99061280,2.272984e-4,73
0.02131984,0.99071247,2.272973e-4,88
0.02137918,0.99045129,2.266054e-4,60
0.02140968,0.99055782,2.270554e-4,75
0.02141316,0.99104523,2.304185e-4,46
0.02141594,0.99103047,2.281671e-4,65
0.02141997,0.99011422,2.290339e-4,70
0.02142582,0.99028831,2.300883e-4,85
0.02147187,0.99057958,2.306872e-4,57
0.02148715,0.99048628,2.303564e-4,90
0.02153500,0.99048438,2.274258e-4,62
0.02154200,0.99074073,2.293967e-4,77
0.02154676,0.99067076,2.350459e-4,82
0.02155274,0.99081737,2.291535e-4,72
0.02155664,0.99098745,2.298244e-4,67
0.02158062,0.99117975,2.276280e-4,87
0.02161445,0.99073937,2.285831e-4,51
0.02163628,0.99037500,2.315869e-4,45
0.02163870,0.99062339,2.297811e-4,48
0.02163902,0.99047588,2.273076e-4,59
0.02167641,0.99045868,2.297552e-4,79
0.02168436,0.99040896,2.263225e-4,74
0.02169162,0.99112394,2.286651e-4,84
0.02169341,0.99098969,2.270612e-4,69
0.02172516,0.99130561,2.311496e-4,56
0.02179858,0.99075063,2.267913e-4,61
0.02181136,0.99077047,2.313151e-4,53
0.02181616,0.99090177,2.277834e-4,76
0.02182722,0.99102167,2.292948e-4,71
0.02182731,0.99060506,2.289915e-4,66
0.02184282,0.99079855,2.306325e-4,86
0.02185242,0.99079417,2.292280e-4,50
0.02185641,0.99098348,2.416248e-4,44
0.02186798,0.99071173,2.295325e-4,47
0.02189681,0.99118371,2.298244e-4,58
0.02191490,0.99088833,2.338807e-4,91
0.02194942,0.99113076,2.289706e-4,78
0.02195089,0.99059203,2.272466e-4,63
0.02195901,0.99081863,2.291324e-4,83
0.02195916,0.99048068,2.273015e-4,73
0.02200092,0.99124264,2.273447e-4,88
0.02206036,0.99110398,2.266556e-4,60
0.02208755,0.99079087,2.308608e-4,49
0.02209076,0.99086157,2.271324e-4,75
0.02209415,0.99107275,2.304196e-4,46
0.02209682,0.99076226,2.281470e-4,65
0.02210115,0.99053395,2.291440e-4,70
0.02210690,0.99074144,2.300654e-4,85
0.02215295,0.99106721,2.307176e-4,57
0.02216813,0.99100756,2.303822e-4,90
0.02221608,0.99132416,2.274887e-4,62
0.02222308,0.99087914,2.293912e-4,77
0.02222783,0.99091874,2.350847e-4,82
0.02223392,0.99090013,2.291199e-4,72
0.02223771,0.99137512,2.298559e-4,67
0.02226161,0.99112312,2.276105e-4,87
0.02231747,0.99062222,2.315402e-4,45
0.02231979,0.99076696,2.299485e-4,48
0.02232010,0.99129616,2.273891e-4,59
0.02236544,0.99111676,2.264098e-4,74
0.02237449,0.99071594,2.270069e-4,69
0.02240624,0.99206708,2.312267e-4,56
0.02247977,0.99116166,2.268407e-4,61
0.02249245,0.99131295,2.313581e-4,53
0.02249724,0.99128144,2.278438e-4,76
0.02250830,0.99143576,2.293484e-4,71
0.02250849,0.99136063,2.290759e-4,66
0.02252380,0.99133178,2.307012e-4,86
0.02253351,0.99103317,2.293447e-4,50
0.02253760,0.99098478,2.416355e-4,44
0.02254907,0.99138547,2.296092e-4,47
0.02257779,0.99156650,2.298745e-4,58
0.02259589,0.99112116,2.338831e-4,91
0.02263049,0.99157573,2.291751e-4,78
0.02263207,0.99161749,2.273308e-4,63
0.02264009,0.99099710,2.291105e-4,83
0.02264033,0.99144175,2.274091e-4,73
0.02274144,0.99144455,2.266745e-4,60
0.02276874,0.99160406,2.309196e-4,49
0.02277524,0.99163975,2.304731e-4,46
0.02277800,0.99157559,2.282553e-4,65
0.02278223,0.99144792,2.293018e-4,70
0.02278788,0.99138499,2.300573e-4,85
0.02283403,0.99135720,2.307416e-4,57
0.02284931,0.99193574,2.304413e-4,90
0.02289726,0.99119082,2.274507e-4,62
0.02290891,0.99151126,2.352084e-4,82
0.02291500,0.99213370,2.291864e-4,72
0.02291889,0.99136099,2.298318e-4,67
0.02294269,0.99152674,2.276438e-4,87
0.02297672,0.99147132,2.287012e-4,51
0.02299857,0.99131359,2.316255e-4,45
0.02300078,0.99117020,2.299728e-4,48
0.02300118,0.99173655,2.274248e-4,59
0.02303856,0.99191172,2.301232e-4,79
0.02304661,0.99198486,2.265051e-4,74
0.02305368,0.99185206,2.287032e-4,84
0.02308742,0.99228706,2.312485e-4,56
0.02316075,0.99147228,2.268726e-4,61
0.02317363,0.99148703,2.313711e-4,53
0.02317842,0.99179049,2.279065e-4,76
0.02318937,0.99165118,2.293768e-4,71
0.02320498,0.99156883,2.307291e-4,86
0.02321459,0.99168458,2.294027e-4,50
0.02321869,0.99122385,2.416613e-4,44
0.02323016,0.99178829,2.294891e-4,47
0.02325897,0.99139770,2.298645e-4,58
0.02327697,0.99182753,2.339291e-4,91
0.02331167,0.99166866,2.291843e-4,78
0.02331315,0.99131348,2.272935e-4,63
0.02332117,0.99205942,2.291750e-4,83
0.02332141,0.99174792,2.274545e-4,73
0.02342252,0.99177431,2.266979e-4,60
0.02344973,0.99157814,2.308900e-4,49
0.02345291,0.99212685,2.272642e-4,75
0.02345644,0.99161923,2.304773e-4,46
0.02345907,0.99191194,2.283219e-4,65
0.02346330,0.99143554,2.293758e-4,70
0.02346906,0.99195011,2.300435e-4,85
0.02351522,0.99229130,2.308232e-4,57
0.02353040,0.99185188,2.303979e-4,90
0.02357834,0.99213276,2.275217e-4,62
0.02358533,0.99253655,2.295205e-4,77
0.02358999,0.99200340,2.352826e-4,82
0.02359607,0.99157102,2.290849e-4,72
0.02359997,0.99253256,2.299255e-4,67
0.02362377,0.99239344,2.277166e-4,87
0.02365771,0.99229936,2.287822e-4,51
0.02367966,0.99192009,2.316626e-4,45
0.02368197,0.99210038,2.300540e-4,48
0.02368236,0.99239024,2.274862e-4,59
0.02371964,0.99185405,2.299790e-4,79
0.02372769,0.99237113,2.265601e-4,74
0.02373476,0.99191634,2.286829e-4,84
0.02373674,0.99211229,2.271135e-4,69
0.02376851,0.99231479,2.312555e-4,56
0.02384193,0.99208390,2.269402e-4,61
0.02385462,0.99211075,2.314238e-4,53
0.02385949,0.99216189,2.280139e-4,76
0.02387065,0.99240219,2.291895e-4,66
0.02388606,0.99218527,2.308022e-4,86
0.02389568,0.99196867,2.294359e-4,50
0.02389968,0.99204456,2.417405e-4,44
0.02391125,0.99255406,2.297330e-4,47
0.02394006,0.99245296,2.299788e-4,58
0.02395815,0.99230515,2.339464e-4,91
0.02399265,0.99251795,2.292737e-4,78
0.02399423,0.99225275,2.273637e-4,63
0.02400225,0.99249937,2.291878e-4,83
0.02400249,0.99233239,2.275255e-4,73
0.02404417,0.99245367,2.274665e-4,88
0.02410370,0.99247812,2.267484e-4,60
0.02413399,0.99236921,2.272778e-4,75
0.02413753,0.99271831,2.305802e-4,46
0.02414025,0.99262014,2.284038e-4,65
0.02414438,0.99236183,2.295226e-4,70
0.02415014,0.99229323,2.299963e-4,85
0.02419620,0.99270369,2.308539e-4,57
0.02421148,0.99238326,2.304132e-4,90
0.02425952,0.99272279,2.275530e-4,62
0.02426641,0.99222665,2.294871e-4,77
0.02427107,0.99207380,2.353471e-4,82
0.02427725,0.99226596,2.291065e-4,72
0.02428105,0.99267832,2.299119e-4,67
0.02430495,0.99285052,2.277540e-4,87
0.02433880,0.99272767,2.288296e-4,51
0.02436075,0.99258386,2.317048e-4,45
0.02436306,0.99246395,2.300751e-4,48
0.02436344,0.99272869,2.275189e-4,59
0.02440072,0.99271446,2.302262e-4,79
0.02440877,0.99292349,2.266285e-4,74
0.02441594,0.99258778,2.287307e-4,84
0.02444959,0.99309262,2.314122e-4,56
0.02452301,0.99256347,2.269954e-4,61
0.02453570,0.99287136,2.314935e-4,53
0.02454067,0.99283040,2.281084e-4,76
0.02455153,0.99227910,2.294604e-4,71
0.02455183,0.99255855,2.292078e-4,66
0.02456714,0.99270650,2.308668e-4,86
0.02457677,0.99280105,2.295224e-4,50
0.02458078,0.99228570,2.417712e-4,44
0.02459234,0.99253251,2.297349e-4,47
0.02462114,0.99302433,2.300437e-4,58
0.02463924,0.99274571,2.339529e-4,91
0.02467372,0.99262714,2.292927e-4,78
0.02467521,0.99271381,2.273898e-4,63
0.02468333,0.99265536,2.291588e-4,83
0.02472535,0.99311367,2.275293e-4,88
0.02478468,0.99278886,2.267674e-4,60
0.02481201,0.99274315,2.311268e-4,49
0.02481507,0.99244338,2.272908e-4,75
0.02481872,0.99248302,2.305537e-4,46
0.02482133,0.99315429,2.284740e-4,65
0.02482546,0.99270141,2.296161e-4,70
0.02483122,0.99276755,2.299679e-4,85
0.02487728,0.99231769,2.308112e-4,57
0.02489256,0.99276932,2.304139e-4,90
0.02494060,0.99363635,2.276167e-4,62
0.02494749,0.99305456,2.295583e-4,77
0.02495215,0.99283623,2.354788e-4,82
0.02495823,0.99302335,2.291350e-4,72
0.02496223,0.99247675,2.298601e-4,67
0.02498603,0.99277596,2.277372e-4,87
0.02501998,0.99334327,2.288974e-4,51
0.02504194,0.99304101,2.317427e-4,45
0.02504424,0.99309434,2.301240e-4,48
0.02504452,0.99302765,2.275421e-4,59
0.02508179,0.99301134,2.302559e-4,79
0.02508994,0.99291599,2.266463e-4,74
0.02509702,0.99319788,2.287693e-4,84
0.02509880,0.99284051,2.271577e-4,69
0.02513067,0.99325052,2.313394e-4,56
0.02520409,0.99347269,2.270881e-4,61
0.02522175,0.99333649,2.281791e-4,76
0.02523260,0.99301105,2.295457e-4,71
0.02523290,0.99276063,2.292189e-4,66
0.02524822,0.99289276,2.308969e-4,86
0.02525786,0.99336509,2.295755e-4,50
0.02526197,0.99280129,2.418262e-4,44
0.02527353,0.99317635,2.298054e-4,47
0.02530222,0.99336452,2.300752e-4,58
0.02535490,0.99327093,2.293629e-4,78
0.02536441,0.99352126,2.292068e-4,83
0.02536464,0.99328054,2.276388e-4,73
0.02540643,0.99324174,2.275480e-4,88
0.02546576,0.99301395,2.267745e-4,60
0.02549309,0.99352643,2.311783e-4,49
0.02549624,0.99334906,2.273835e-4,75
0.02549981,0.99336510,2.306812e-4,46
0.02550241,0.99315918,2.284382e-4,65
0.02550654,0.99280693,2.296819e-4,70
0.02551240,0.99329729,2.299384e-4,85
0.02555847,0.99353105,2.309258e-4,57
0.02557374,0.99376834,2.304659e-4,90
0.02562167,0.99307602,2.275344e-4,62
0.02562857,0.99322115,2.295764e-4,77
0.02563333,0.99315611,2.355225e-4,82
0.02563931,0.99321475,2.291019e-4,72
0.02564321,0.99356358,2.299414e-4,67
0.02566711,0.99339233,2.277887e-4,87
0.02570107,0.99310993,2.288770e-4,51
0.02572303,0.99306208,2.317402e-4,45
0.02572533,0.99320132,2.301297e-4,48
0.02572570,0.99390081,2.276263e-4,59
0.02576297,0.99344078,2.303496e-4,79
0.02577102,0.99349949,2.267213e-4,74
0.02577820,0.99375702,2.288012e-4,84
0.02577998,0.99338144,2.271947e-4,69
0.02581175,0.99368479,2.313758e-4,56
0.02588517,0.99362333,2.271035e-4,61
0.02589797,0.99354074,2.315556e-4,53
0.02590272,0.99370788,2.282647e-4,76
0.02591368,0.99339627,2.296078e-4,71
0.02591388,0.99371672,2.293056e-4,66
0.02592941,0.99391880,2.310286e-4,86
0.02593904,0.99370113,2.296076e-4,50
0.02594306,0.99389576,2.419274e-4,44
0.02595462,0.99342081,2.298314e-4,47
0.02598340,0.99413862,2.301529e-4,58
0.02603598,0.99371682,2.294204e-4,78
0.02603747,0.99363397,2.274554e-4,63
0.02604559,0.99394944,2.292165e-4,83
0.02608751,0.99381587,2.276121e-4,88
0.02614694,0.99388329,2.268505e-4,60
0.02617418,0.99329128,2.309658e-4,49
0.02617732,0.99362577,2.274027e-4,75
0.02618090,0.99368726,2.306694e-4,46
0.02618359,0.99386830,2.285607e-4,65
0.02619348,0.99402739,2.299300e-4,85
0.02623955,0.99395341,2.309626e-4,57
0.02625483,0.99454960,2.304988e-4,90
0.02630275,0.99355103,2.275568e-4,62
0.02630964,0.99427788,2.296766e-4,77
0.02631440,0.99368941,2.356510e-4,82
0.02632038,0.99399964,2.291376e-4,72
0.02632428,0.99336079,2.298893e-4,67
0.02634829,0.99411492,2.278501e-4,87
0.02638216,0.99381461,2.289467e-4,51
0.02640402,0.99424602,2.318519e-4,45
0.02640669,0.99413907,2.276479e-4,59
0.02644405,0.99374890,2.303867e-4,79
0.02645200,0.99378426,2.267737e-4,74
0.02645928,0.99414884,2.288223e-4,84
0.02646105,0.99399894,2.272493e-4,69
0.02649284,0.99425334,2.315097e-4,56
0.02656635,0.99367561,2.271188e-4,61
0.02657906,0.99423909,2.316127e-4,53
0.02658380,0.99375337,2.283121e-4,76
0.02659486,0.99423989,2.296994e-4,71
0.02659506,0.99385323,2.293082e-4,66
0.02661049,0.99397576,2.310127e-4,86
0.02662013,0.99404409,2.296371e-4,50
0.02662425,0.99345917,2.419032e-4,44
0.02663571,0.99390281,2.298832e-4,47
0.02666448,0.99411998,2.301458e-4,58
0.02668259,0.99402123,2.339639e-4,91
0.02671706,0.99414447,2.294789e-4,78
0.02671865,0.99425601,2.275029e-4,63
0.02672666,0.99458179,2.292465e-4,83
0.02672680,0.99410342,2.277444e-4,73
0.02676869,0.99429076,2.276697e-4,88
0.02682802,0.99443822,2.268889e-4,60
0.02685527,0.99416212,2.311950e-4,49
0.02685850,0.99454125,2.275212e-4,75
0.02686209,0.99455066,2.307445e-4,46
0.02686467,0.99460989,2.286312e-4,65
0.02686879,0.99419382,2.299077e-4,70
0.02687456,0.99485823,2.299303e-4,85
0.02692063,0.99432419,2.309999e-4,57
0.02693591,0.99444341,2.304440e-4,90
0.02698383,0.99450993,2.276269e-4,62
0.02699082,0.99448496,2.297053e-4,77
0.02699548,0.99418171,2.356830e-4,82
0.02700156,0.99447571,2.291420e-4,72
0.02700546,0.99438684,2.299543e-4,67
0.02702937,0.99435797,2.278652e-4,87
0.02706334,0.99449670,2.290082e-4,51
0.02708522,0.99414895,2.318454e-4,45
0.02708761,0.99455404,2.302450e-4,48
0.02708777,0.99460159,2.276878e-4,59
0.02712513,0.99495048,2.305060e-4,79
0.02713307,0.99495231,2.269213e-4,74
0.02714213,0.99446291,2.272825e-4,69
0.02717392,0.99474703,2.315087e-4,56
0.02724743,0.99467413,2.272182e-4,61
0.02726025,0.99482192,2.316746e-4,53
0.02726498,0.99428969,2.284277e-4,76
0.02727594,0.99456365,2.297537e-4,71
0.02727614,0.99446168,2.293557e-4,66
0.02729157,0.99475042,2.310978e-4,86
0.02730132,0.99442594,2.296741e-4,50
0.02730535,0.99482761,2.420313e-4,44
0.02731690,0.99439928,2.299400e-4,47
0.02734567,0.99516444,2.302364e-4,58
0.02736367,0.99460871,2.339856e-4,91
0.02739823,0.99488094,2.295692e-4,78
0.02739973,0.99485317,2.275514e-4,63
0.02740774,0.99509820,2.292624e-4,83
0.02740797,0.99482213,2.278224e-4,73
0.02744967,0.99473559,2.277177e-4,88
0.02750910,0.99476707,2.269080e-4,60
0.02753958,0.99483741,2.275744e-4,75
0.02754308,0.99472431,2.307548e-4,46
0.02754565,0.99489520,2.286598e-4,65
0.02754987,0.99458171,2.299828e-4,70
0.02755574,0.99461342,2.298210e-4,85
0.02760181,0.99485031,2.310510e-4,57
0.02761699,0.99486273,2.304385e-4,90
0.02767190,0.99476232,2.297401e-4,77
0.02767666,0.99440206,2.357177e-4,82
0.02768264,0.99481867,2.291304e-4,72
0.02768654,0.99481064,2.299556e-4,67
0.02771035,0.99492757,2.279148e-4,87
0.02774443,0.99469305,2.290356e-4,51
0.02776631,0.99488559,2.319237e-4,45
0.02776870,0.99481553,2.302599e-4,48
0.02776885,0.99535425,2.277551e-4,59
0.02780620,0.99514321,2.305243e-4,79
0.02781425,0.99511363,2.269338e-4,74
0.02782154,0.99508006,2.288737e-4,84
0.02782331,0.99476749,2.273320e-4,69
0.02785510,0.99509535,2.315811e-4,56
0.02792851,0.99503716,2.272542e-4,61
0.02794133,0.99552042,2.317327e-4,53
0.02794606,0.99530068,2.285909e-4,76
0.02795711,0.99519790,2.298406e-4,71
0.02795722,0.99523018,2.294069e-4,66
0.02797265,0.99562591,2.311961e-4,86
0.02798241,0.99511815,2.297386e-4,50
0.02798644,0.99484105,2.420374e-4,44
0.02799789,0.99488328,2.299897e-4,47
0.02802665,0.99497121,2.302065e-4,58
0.02804465,0.99534530,2.340082e-4,91
0.02807931,0.99488894,2.295843e-4,78
0.02808081,0.99547057,2.276046e-4,63
0.02808892,0.99524470,2.292462e-4,83
0.02808905,0.99535273,2.278894e-4,73
0.02813075,0.99541951,2.277929e-4,88
0.02819029,0.99525742,2.269386e-4,60
0.02821755,0.99498767,2.312361e-4,49
0.02822055,0.99551616,2.276472e-4,75
0.02822417,0.99532690,2.308099e-4,46
0.02822683,0.99630031,2.287960e-4,65
0.02823105,0.99558412,2.301118e-4,70
0.02823682,0.99525204,2.298415e-4,85
0.02828290,0.99494441,2.310703e-4,57
0.02829808,0.99549456,2.304495e-4,90
0.02834599,0.99514645,2.276398e-4,62
0.02835774,0.99538064,2.357950e-4,82
0.02836381,0.99527408,2.291354e-4,72
0.02836762,0.99519617,2.299546e-4,67
0.02839153,0.99561569,2.279759e-4,87
0.02842552,0.99534417,2.290999e-4,51
0.02844740,0.99580963,2.320295e-4,45
0.02844969,0.99535929,2.303084e-4,48
0.02845003,0.99553318,2.277695e-4,59
0.02848728,0.99589718,2.305893e-4,79
0.02849533,0.99565785,2.270176e-4,74
0.02850262,0.99537515,2.288836e-4,84
0.02850439,0.99552614,2.273716e-4,69
0.02853619,0.99578044,2.316401e-4,56
0.02860959,0.99561942,2.273143e-4,61
0.02862242,0.99517462,2.317031e-4,53
0.02862723,0.99577045,2.286967e-4,76
0.02863819,0.99548230,2.298931e-4,71
0.02863840,0.99545668,2.294073e-4,66
0.02865373,0.99581012,2.312086e-4,86
0.02866339,0.99495356,2.297158e-4,50
0.02866763,0.99571165,2.421254e-4,44
0.02867898,0.99541096,2.300476e-4,47
0.02870773,0.99552068,2.302502e-4,58
0.02872583,0.99497164,2.339279e-4,91
0.02876188,0.99550455,2.276015e-4,63
0.02877000,0.99557190,2.292518e-4,83
0.02877023,0.99582027,2.279395e-4,73
0.02881184,0.99568948,2.278260e-4,88
0.02887137,0.99592183,2.269942e-4,60
0.02889854,0.99541060,2.312584e-4,49
0.02890163,0.99541924,2.276223e-4,75
0.02890536,0.99587959,2.308571e-4,46
0.02890790,0.99595679,2.288223e-4,65
0.02891212,0.99587994,2.301656e-4,70
0.02891780,0.99589497,2.297865e-4,85
0.02896408,0.99608177,2.311901e-4,57
0.02897916,0.99574820,2.304267e-4,90
0.02902717,0.99590208,2.276962e-4,62
0.02903882,0.99574038,2.359234e-4,82
0.02904489,0.99531377,2.291036e-4,72
0.02904880,0.99603524,2.299948e-4,67
0.02907261,0.99595015,2.280011e-4,87
0.02910660,0.99566265,2.291372e-4,51
0.02912849,0.99553038,2.320133e-4,45
0.02913078,0.99583025,2.303468e-4,48
0.02913111,0.99596717,2.278037e-4,59
0.02916836,0.99621366,2.306118e-4,79
0.02917651,0.99615915,2.271128e-4,74
0.02918360,0.99621013,2.289566e-4,84
0.02918556,0.99606259,2.274218e-4,69
0.02921727,0.99588684,2.315979e-4,56
0.02929067,0.99555851,2.273119e-4,61
0.02930340,0.99587098,2.317638e-4,53
0.02930831,0.99597441,2.287754e-4,76
0.02931927,0.99590710,2.299652e-4,71
0.02931947,0.99611047,2.294487e-4,66
0.02933481,0.99597133,2.312217e-4,86
0.02934448,0.99595591,2.298145e-4,50
0.02934872,0.99621433,2.421767e-4,44
0.02936017,0.99601805,2.301096e-4,47
0.02938881,0.99580906,2.302566e-4,58
0.02940692,0.99633279,2.340077e-4,91
0.02944147,0.99610063,2.297500e-4,78
0.02944306,0.99607014,2.276493e-4,63
0.02945098,0.99593562,2.292637e-4,83
0.02945130,0.99614050,2.279781e-4,73
0.02949302,0.99614168,2.278866e-4,88
0.02955245,0.99635094,2.270229e-4,60
0.02957972,0.99606344,2.313050e-4,49
0.02958281,0.99634133,2.277458e-4,75
0.02958645,0.99644620,2.308989e-4,46
0.02958898,0.99618915,2.288251e-4,65
0.02959310,0.99625614,2.302162e-4,70
0.02959898,0.99624083,2.297416e-4,85
0.02964506,0.99649575,2.312338e-4,57
0.02966034,0.99693977,2.304943e-4,90
0.02970825,0.99600069,2.276815e-4,62
0.02971523,0.99623230,2.299169e-4,77
0.02971990,0.99640274,2.358975e-4,82
0.02972597,0.99645655,2.291812e-4,72
0.02972987,0.99638845,2.299870e-4,67
0.02975369,0.99642689,2.280476e-4,87
0.02978769,0.99657676,2.292231e-4,51
0.02980968,0.99660547,2.321381e-4,45
0.02981197,0.99689834,2.304460e-4,48
0.02981219,0.99619806,2.278257e-4,59
0.02984954,0.99654457,2.306818e-4,79
0.02985758,0.99644446,2.271293e-4,74
0.02986478,0.99650112,2.289708e-4,84
0.02986644,0.99631035,2.274681e-4,69
0.02989845,0.99643804,2.316417e-4,56
0.02997175,0.99661773,2.274167e-4,61
0.02998459,0.99637564,2.318149e-4,53
0.02998939,0.99678506,2.288989e-4,76
0.03000024,0.99644434,2.300526e-4,71
0.03000055,0.99615539,2.294283e-4,66
0.03001599,0.99666612,2.312656e-4,86
0.03002567,0.99654685,2.298601e-4,50
0.03002972,0.99709230,2.422718e-4,44
0.03004126,0.99675829,2.301910e-4,47
0.03006999,0.99654984,2.303104e-4,58
0.03008810,0.99650549,2.339723e-4,91
0.03012254,0.99677131,2.298313e-4,78
0.03012404,0.99692489,2.277333e-4,63
0.03013206,0.99697949,2.293409e-4,83
0.03013238,0.99673432,2.280395e-4,73
0.03017410,0.99668081,2.279494e-4,88
0.03023343,0.99639977,2.270159e-4,60
0.03026081,0.99702376,2.313791e-4,49
0.03027016,0.99668921,2.288851e-4,65
0.03027428,0.99659815,2.302576e-4,70
0.03028005,0.99651510,2.297297e-4,85
0.03034142,0.99662813,2.304128e-4,90
0.03038933,0.99672635,2.277276e-4,62
0.03039621,0.99684369,2.299949e-4,77
0.03040098,0.99688047,2.360077e-4,82
0.03040695,0.99657480,2.291494e-4,72
0.03041105,0.99709523,2.300093e-4,67
0.03043487,0.99674069,2.280708e-4,87
0.03046878,0.99726530,2.292894e-4,51
0.03049077,0.99700251,2.322038e-4,45
0.03049306,0.99666601,2.304251e-4,48
0.03049338,0.99691032,2.278871e-4,59
0.03053061,0.99676942,2.306379e-4,79
0.03053876,0.99675172,2.271751e-4,74
0.03054585,0.99651089,2.289581e-4,84
0.03054762,0.99671476,2.275071e-4,69
0.03057954,0.99688624,2.317184e-4,56
0.03065283,0.99663167,2.274098e-4,61
0.03066567,0.99676985,2.318412e-4,53
0.03067046,0.99667086,2.289673e-4,76
0.03068142,0.99695217,2.301405e-4,71
0.03068173,0.99738374,2.295209e-4,66
0.03069707,0.99702146,2.312944e-4,86
0.03070676,0.99745853,2.299514e-4,50
0.03071081,0.99731784,2.422927e-4,44
0.03072235,0.99734754,2.302532e-4,47
0.03075108,0.99718222,2.303366e-4,58
0.03076918,0.99761282,2.340243e-4,91
0.03080362,0.99689463,2.298705e-4,78
0.03080512,0.99704286,2.277430e-4,63
0.03081336,0.99732380,2.281097e-4,73
0.03085518,0.99686112,2.279820e-4,88
0.03091461,0.99724431,2.270818e-4,60
0.03094190,0.99704804,2.313687e-4,49
0.03094506,0.99730181,2.278500e-4,75
0.03094873,0.99704487,2.309407e-4,46
0.03095124,0.99730962,2.289359e-4,65
0.03095536,0.99695558,2.303117e-4,70
0.03096113,0.99712942,2.297579e-4,85
0.03100723,0.99732053,2.313432e-4,57
0.03102251,0.99699680,2.304020e-4,90
0.03107051,0.99692773,2.277292e-4,62
0.03107728,0.99734979,2.300641e-4,77
0.03108205,0.99716944,2.359333e-4,82
0.03108812,0.99736645,2.291998e-4,72
0.03109203,0.99714057,2.299688e-4,67
0.03111596,0.99739214,2.281297e-4,87
0.03114986,0.99718644,2.292844e-4,51
0.03117197,0.99713650,2.322431e-4,45
0.03117425,0.99718893,2.304728e-4,48
0.03117446,0.99725668,2.279155e-4,59
0.03121984,0.99738050,2.272586e-4,74
0.03122693,0.99768456,2.290625e-4,84
0.03122870,0.99746787,2.275823e-4,69
0.03126052,0.99714989,2.317330e-4,56
0.03133401,0.99724665,2.274711e-4,61
0.03134686,0.99688038,2.318598e-4,53
0.03135164,0.99720688,2.290786e-4,76
0.03136250,0.99691902,2.301757e-4,71
0.03136281,0.99729873,2.294840e-4,66
0.03137815,0.99793103,2.313644e-4,86
0.03138794,0.99754675,2.299425e-4,50
0.03139200,0.99736480,2.422976e-4,44
0.03140354,0.99730501,2.302561e-4,47
0.03143226,0.99732637,2.303170e-4,58
0.03145027,0.99721054,2.339346e-4,91
0.03148470,0.99785127,2.299891e-4,78
0.03149432,0.99765599,2.293748e-4,83
0.03149454,0.99792779,2.281723e-4,73
0.03153636,0.99799693,2.280981e-4,88
0.03159569,0.99767418,2.271163e-4,60
0.03162309,0.99763815,2.314248e-4,49
0.03162614,0.99766300,2.278895e-4,75
0.03163232,0.99755308,2.289580e-4,65
0.03163643,0.99807734,2.303800e-4,70
0.03164221,0.99800665,2.297782e-4,85
0.03168841,0.99748325,2.313707e-4,57
0.03170369,0.99734565,2.303810e-4,90
0.03175846,0.99786714,2.301364e-4,77
0.03176313,0.99736261,2.359924e-4,82
0.03176920,0.99746836,2.291784e-4,72
0.03177311,0.99754642,2.299592e-4,67
0.03179714,0.99757171,2.281507e-4,87
0.03183105,0.99772127,2.293361e-4,51
0.03185296,0.99784701,2.323423e-4,45
0.03185534,0.99730383,2.304952e-4,48
0.03185544,0.99746634,2.279279e-4,59
0.03190081,0.99765122,2.273168e-4,74
0.03190811,0.99778848,2.290604e-4,84
0.03190987,0.99776805,2.276169e-4,69
0.03194170,0.99739459,2.317443e-4,56
0.03201509,0.99815145,2.275578e-4,61
0.03202794,0.99832197,2.319916e-4,53
0.03203262,0.99752464,2.291535e-4,76
0.03204358,0.99826337,2.303501e-4,71
0.03204379,0.99775952,2.294979e-4,66
0.03205923,0.99803340,2.313383e-4,86
0.03206903,0.99783823,2.299636e-4,50
0.03207309,0.99822333,2.423789e-4,44
0.03208463,0.99776227,2.303105e-4,47
0.03211334,0.99781308,2.303267e-4,58
0.03213145,0.99742918,2.339008e-4,91
0.03216588,0.99792339,2.300183e-4,78
0.03216738,0.99786427,2.278255e-4,63
0.03217550,0.99788578,2.293874e-4,83
0.03217561,0.99770360,2.281517e-4,73
0.03221744,0.99795046,2.281084e-4,88
0.03227677,0.99791578,2.271269e-4,60
0.03230721,0.99801537,2.279279e-4,75
0.03231092,0.99810130,2.310526e-4,46
0.03231350,0.99826858,2.290174e-4,65
0.03231761,0.99854591,2.304057e-4,70
0.03232339,0.99772054,2.296850e-4,85
0.03236949,0.99835983,2.314738e-4,57
0.03238477,0.99797384,2.303987e-4,90
0.03243257,0.99783711,2.277795e-4,62
0.03243954,0.99798564,2.301685e-4,77
0.03244431,0.99815025,2.359436e-4,82
0.03245028,0.99801014,2.292061e-4,72
0.03245419,0.99792861,2.299540e-4,67
0.03247822,0.99813546,2.282047e-4,87
0.03251214,0.99836024,2.293983e-4,51
0.03253405,0.99837572,2.324325e-4,45
0.03253643,0.99808857,2.305736e-4,48
0.03257395,0.99808843,2.307474e-4,79
0.03258189,0.99846979,2.274312e-4,74
0.03258919,0.99843881,2.291206e-4,84
0.03259095,0.99792176,2.276361e-4,69
0.03262279,0.99795880,2.317918e-4,56
0.03269617,0.99859861,2.276010e-4,61
0.03270903,0.99826362,2.319910e-4,53
0.03271370,0.99783283,2.292639e-4,76
0.03272475,0.99841976,2.304198e-4,71
0.03272497,0.99792942,2.294872e-4,66
0.03274041,0.99836801,2.313295e-4,86
0.03275429,0.99874922,2.424324e-4,44
0.03276572,0.99837466,2.303771e-4,47
0.03279442,0.99824379,2.303364e-4,58
0.03281253,0.99841465,2.339369e-4,91
0.03284695,0.99820670,2.300757e-4,78
0.03284846,0.99861587,2.278994e-4,63
0.03285657,0.99873277,2.294628e-4,83
0.03285679,0.99839967,2.282248e-4,73
0.03289842,0.99850234,2.281743e-4,88
0.03295795,0.99844074,2.271677e-4,60
0.03298527,0.99807045,2.314529e-4,49
0.03298839,0.99854340,2.279869e-4,75
0.03299201,0.99808670,2.309998e-4,46
0.03299448,0.99822433,2.290068e-4,65
0.03299869,0.99863533,2.303834e-4,70
0.03300447,0.99838755,2.296073e-4,85
0.03305057,0.99826474,2.314846e-4,57
0.03306575,0.99866839,2.304139e-4,90
0.03311365,0.99832596,2.278145e-4,62
0.03312061,0.99854172,2.302419e-4,77
0.03312539,0.99864065,2.360098e-4,82
0.03313145,0.99847876,2.292306e-4,72
0.03313536,0.99857666,2.299695e-4,67
0.03315920,0.99845899,2.282429e-4,87
0.03321514,0.99828548,2.324589e-4,45
0.03321762,0.99868722,2.306402e-4,48
0.03321770,0.99870533,2.280356e-4,59
0.03325492,0.99864268,2.308209e-4,79
0.03326307,0.99850711,2.274511e-4,74
0.03327027,0.99924259,2.291887e-4,84
0.03327213,0.99835610,2.276566e-4,69
0.03330387,0.99851845,2.318319e-4,56
0.03337735,0.99839658,2.275726e-4,61
0.03339021,0.99875276,2.320332e-4,53
0.03339487,0.99855050,2.293929e-4,76
0.03340583,0.99918476,2.305485e-4,71
0.03340604,0.99861668,2.295240e-4,66
0.03342139,0.99886388,2.313495e-4,86
0.03343538,0.99841456,2.424009e-4,44
0.03344671,0.99881593,2.304276e-4,47
0.03347561,0.99872654,2.303363e-4,58
0.03349352,0.99839199,2.338808e-4,91
0.03352813,0.99857533,2.301354e-4,78
0.03352964,0.99855111,2.278986e-4,63
0.03353775,0.99872635,2.294545e-4,83
0.03353787,0.99888682,2.282735e-4,73
0.03357961,0.99844577,2.281759e-4,88
0.03363903,0.99899750,2.272115e-4,60
0.03366645,0.99872498,2.315141e-4,49
0.03366937,0.99890315,2.280154e-4,75
0.03367310,0.99896540,2.310813e-4,46
0.03367555,0.99919339,2.290295e-4,65
0.03367986,0.99853809,2.303397e-4,70
0.03368555,0.99851476,2.296467e-4,85
0.03373176,0.99897662,2.315738e-4,57
0.03374684,0.99884451,2.303851e-4,90
0.03380179,0.99868013,2.302814e-4,77
0.03380647,0.99907563,2.359878e-4,82
0.03381253,0.99889412,2.292543e-4,72
0.03381644,0.99872386,2.299370e-4,67
0.03384028,0.99860006,2.282574e-4,87
0.03387441,0.99873919,2.294365e-4,51
0.03389860,0.99882894,2.306573e-4,48
0.03389878,0.99901328,2.280578e-4,59
0.03393610,0.99866812,2.307415e-4,79
0.03394415,0.99927501,2.274974e-4,74
0.03395321,0.99850511,2.276954e-4,69
0.03405833,0.99879605,2.276062e-4,61
0.03407130,0.99896581,2.320537e-4,53
0.03407595,0.99908697,2.295053e-4,76
0.03408701,0.99913528,2.306035e-4,71
0.03408712,0.99905352,2.295281e-4,66
0.03410247,0.99899024,2.313541e-4,86
0.03411229,0.99911547,2.300538e-4,50
0.03411647,0.99911211,2.424651e-4,44
0.03412790,0.99882337,2.304328e-4,47
0.03415659,0.99905038,2.303264e-4,58
0.03417470,0.99901538,2.338882e-4,91
0.03420921,0.99916541,2.302198e-4,78
0.03421072,0.99934606,2.279844e-4,63
0.03421883,0.99954487,2.295384e-4,83
0.03421894,0.99861127,2.282783e-4,73
0.03426069,0.99891346,2.282390e-4,88
0.03432011,0.99915436,2.272198e-4,60
0.03434744,0.99881675,2.315248e-4,49
0.03435045,0.99924398,2.280550e-4,75
0.03435419,0.99884372,2.310615e-4,46
0.03435673,0.99903929,2.290674e-4,65
0.03436094,0.99918215,2.303559e-4,70
0.03436663,0.99873573,2.296170e-4,85
0.03441284,0.99921465,2.316162e-4,57
0.03442802,0.99889003,2.303448e-4,90
0.03447591,0.99959563,2.279134e-4,62
0.03448287,0.99901484,2.303391e-4,77
0.03448765,0.99948882,2.359505e-4,82
0.03449371,0.99907337,2.292636e-4,72
0.03449752,0.99917375,2.299342e-4,67
0.03452146,0.99909009,2.283104e-4,87
0.03455540,0.99918441,2.294709e-4,51
0.03457742,0.99908409,2.326221e-4,45
0.03457969,0.99908059,2.306969e-4,48
0.03457996,0.99892679,2.280378e-4,59
0.03461718,0.99928429,2.307234e-4,79
0.03462522,0.99940289,2.275376e-4,74
0.03463243,0.99910732,2.291774e-4,84
0.03463428,0.99898617,2.277481e-4,69
0.03466614,0.99915696,2.318738e-4,56
0.03473941,0.99954772,2.276808e-4,61
0.03475228,0.99930592,2.320823e-4,53
0.03475703,0.99902329,2.295577e-4,76
0.03476808,0.99930109,2.306796e-4,71
0.03476830,0.99918440,2.295133e-4,66
0.03478365,0.99930466,2.313338e-4,86
0.03479338,0.99940825,2.300651e-4,50
0.03479756,0.99942590,2.424967e-4,44
0.03480899,0.99950272,2.305079e-4,47
0.03489019,0.99981771,2.303164e-4,78
0.03489180,0.99908594,2.279667e-4,63
0.03489981,0.99947444,2.295387e-4,83
0.03490012,0.99949819,2.283202e-4,73
0.03500129,0.99946480,2.272405e-4,60
0.03502853,0.99984971,2.316321e-4,49
0.03503162,0.99940688,2.280522e-4,75
0.03503781,0.99951273,2.291027e-4,65
0.03504202,0.99894643,2.302842e-4,70
0.03504771,0.99902070,2.295160e-4,85
0.03509382,0.99957090,2.316702e-4,57
0.03510910,1.00007795,2.304135e-4,90
0.03515699,0.99926678,2.278744e-4,62
0.03516395,0.99936991,2.304019e-4,77
0.03516862,0.99966870,2.358599e-4,82
0.03517479,0.99892914,2.292336e-4,72
0.03517870,0.99959557,2.299315e-4,67
0.03520254,0.99940375,2.283485e-4,87
0.03523648,0.99968588,2.295259e-4,51
0.03525852,0.99936559,2.326880e-4,45
0.03526088,0.99964095,2.307601e-4,48
0.03526105,0.99934132,2.280712e-4,59
0.03529826,0.99948096,2.308030e-4,79
0.03530640,0.99955608,2.275757e-4,74
0.03531351,0.99963975,2.293106e-4,84
0.03531546,0.99947620,2.278197e-4,69
0.03534722,0.99965226,2.319095e-4,56
0.03542059,0.99980783,2.276977e-4,61
0.03543337,0.99957323,2.321047e-4,53
0.03543820,0.99944004,2.296545e-4,76
0.03544906,1.00001724,2.308164e-4,71
0.03544938,0.99947769,2.295131e-4,66
0.03546473,0.99929390,2.313062e-4,86
0.03547447,0.99911826,2.300225e-4,50
0.03547866,0.99928598,2.424776e-4,44
0.03549008,0.99930467,2.304931e-4,47
0.03553687,0.99975703,2.338413e-4,91
0.03557126,0.99952152,2.303112e-4,78
0.03557278,0.99948896,2.280100e-4,63
0.03558089,0.99982852,2.295808e-4,83
0.03558120,0.99944806,2.283175e-4,73
0.03562295,0.99975521,2.283399e-4,88
0.03568228,0.99959815,2.272418e-4,60
0.03571270,0.99949510,2.280911e-4,75
0.03571647,0.99981582,2.311389e-4,46
0.03571889,0.99977635,2.291109e-4,65
0.03572879,0.99994364,2.296463e-4,85
0.03577501,1.00017362,2.317525e-4,57
0.03579018,0.99981696,2.303462e-4,90
0.03583817,0.99991576,2.279217e-4,62
0.03584502,0.99915749,2.304085e-4,77
0.03584970,0.99988198,2.358417e-4,82
0.03585576,0.99984682,2.293174e-4,72
0.03585978,0.99932949,2.298670e-4,67
0.03591767,1.00009536,2.295619e-4,51
0.03593971,0.99931495,2.327305e-4,45
0.03594223,0.99939990,2.280670e-4,59
0.03597943,0.99981855,2.307526e-4,79
0.03598748,0.99943622,2.275727e-4,74
0.03599469,0.99963350,2.292389e-4,84
0.03599644,0.99930857,2.278002e-4,69
0.03602840,1.00019456,2.319535e-4,56
0.03610167,0.99969511,2.276767e-4,61
0.03611455,0.99958238,2.320997e-4,53
0.03611928,0.99977489,2.297178e-4,76
0.03613014,0.99988761,2.308704e-4,71
0.03613046,0.99965261,2.294936e-4,66
0.03614581,0.99960908,2.312637e-4,86
0.03615566,0.99982915,2.300745e-4,50
0.03615975,0.99937460,2.424879e-4,44
0.03617127,1.00010956,2.305775e-4,47
0.03621805,0.99946325,2.337510e-4,91
0.03625244,0.99951843,2.303414e-4,78
0.03625396,0.99936593,2.280102e-4,63
0.03626207,0.99976075,2.295845e-4,83
0.03626217,1.00014299,2.283762e-4,73
0.03630403,0.99991472,2.283637e-4,88
0.03636336,1.00015856,2.272905e-4,60
0.03639081,1.00032936,2.317042e-4,49
0.03639378,0.99950195,2.280878e-4,75
0.03639756,0.99989531,2.310989e-4,46
0.03640007,0.99986903,2.291098e-4,65
0.03640417,0.99993835,2.302623e-4,70
0.03640997,0.99950554,2.295675e-4,85
0.03645609,1.00016091,2.317717e-4,57
0.03647137,0.99947745,2.302745e-4,90
0.03651925,1.00025300,2.279542e-4,62
0.03652610,0.99964269,2.304757e-4,77
0.03653088,0.99982916,2.357471e-4,82
0.03653684,1.00000510,2.293348e-4,72
0.03654075,0.99982935,2.298623e-4,67
0.03656480,0.99971399,2.283947e-4,87
0.03659876,0.99984464,2.295421e-4,51
0.03662306,0.99998328,2.308232e-4,48
0.03662331,0.99987573,2.281018e-4,59
0.03666051,1.00012880,2.307995e-4,79
0.03666855,0.99979681,2.275721e-4,74
0.03667577,0.99998568,2.292819e-4,84
0.03667752,0.99976851,2.278754e-4,69
0.03678275,0.99978405,2.276772e-4,61
0.03679564,0.99979943,2.321211e-4,53
0.03680036,0.99990949,2.297770e-4,76
0.03681132,0.99984687,2.309419e-4,71
0.03681164,0.99966040,2.294679e-4,66
0.03682699,0.99963575,2.312433e-4,86
0.03683674,1.00015021,2.300868e-4,50
0.03684084,0.99997044,2.425688e-4,44
0.03685236,1.00017689,2.305970e-4,47
0.03693352,0.99945273,2.303401e-4,78
0.03693504,0.99979048,2.280696e-4,63
0.03694315,1.00015386,2.296437e-4,83
0.03694335,0.99982893,2.283510e-4,73
0.03698511,0.99984183,2.283653e-4,88
0.03704454,1.00003441,2.272724e-4,60
0.03707190,0.99946995,2.316351e-4,49
0.03707495,0.99942782,2.280811e-4,75
0.03707865,1.00007626,2.311401e-4,46
0.03708115,0.99967903,2.290811e-4,65
0.03708525,0.99998128,2.301955e-4,70
0.03709105,0.99970032,2.295597e-4,85
0.03713717,1.00010272,2.317896e-4,57
0.03715245,0.99994612,2.302787e-4,90
0.03720033,0.99975749,2.278965e-4,62
0.03720718,0.99986687,2.305213e-4,77
0.03721196,0.99987132,2.356603e-4,82
0.03721802,1.00028448,2.293641e-4,72
0.03722193,1.00004144,2.298458e-4,67
0.03724588,1.00021290,2.284593e-4,87
0.03727984,1.00004592,2.295544e-4,51
0.03730179,1.00007543,2.328959e-4,45
0.03730429,0.99941612,2.280571e-4,59
0.03734963,0.99968515,2.275627e-4,74
0.03735685,1.00012869,2.293080e-4,84
0.03735859,0.99977059,2.278877e-4,69
0.03739047,1.00002546,2.319162e-4,56
0.03746393,0.99959960,2.276510e-4,61
0.03747673,1.00017104,2.321521e-4,53
0.03748134,0.99982955,2.298331e-4,76
0.03749239,1.00008227,2.310323e-4,71
0.03749261,0.99977211,2.294444e-4,66
0.03750807,1.00006117,2.312313e-4,86
0.03751793,1.00006546,2.300628e-4,50
0.03752204,1.00018868,2.426153e-4,44
0.03753355,1.00017019,2.306036e-4,47
0.03756220,1.00012708,2.301869e-4,58
0.03758022,0.99997841,2.336915e-4,91
0.03761460,0.99990083,2.304301e-4,78
0.03761612,1.00029323,2.281300e-4,63
0.03762423,0.99980311,2.296271e-4,83
0.03762443,0.99964591,2.283043e-4,73
0.03766629,0.99972565,2.283590e-4,88
0.03772562,1.00019028,2.272790e-4,60
0.03775298,0.99974029,2.316816e-4,49
0.03775603,1.00003334,2.281346e-4,75
0.03775984,0.99975503,2.310865e-4,46
0.03776223,1.00002839,2.290996e-4,65
0.03776633,1.00028303,2.301641e-4,70
0.03777213,0.99968799,2.295350e-4,85
0.03783363,1.00026923,2.302738e-4,90
0.03788141,1.00027304,2.279433e-4,62
0.03788826,0.99994556,2.305613e-4,77
0.03789304,0.99991803,2.355704e-4,82
0.03789909,0.99953916,2.292914e-4,72
0.03790301,0.99977194,2.297780e-4,67
0.03792706,1.00036468,2.284818e-4,87
0.03796103,1.00027648,2.295669e-4,51
0.03798298,0.99991948,2.329363e-4,45
0.03798534,0.99993026,2.308493e-4,48
0.03798537,0.99971364,2.280711e-4,59
0.03802277,0.99988135,2.306521e-4,79
0.03803071,0.99983864,2.275740e-4,74
0.03803803,1.00045233,2.294289e-4,84
0.03803977,0.99993312,2.278986e-4,69
0.03807155,1.00012015,2.319158e-4,56
0.03814501,0.99990808,2.276752e-4,61
0.03815791,0.99994914,2.321249e-4,53
0.03816251,1.00011829,2.299050e-4,76
0.03817357,1.00008764,2.311126e-4,71
0.03817369,1.00017220,2.294571e-4,66
0.03818925,0.99937000,2.311058e-4,86
0.03819902,0.99979683,2.300204e-4,50
0.03820313,1.00028260,2.425838e-4,44
0.03821464,1.00021814,2.306131e-4,47
0.03826140,0.99996244,2.336333e-4,91
0.03829577,0.99979646,2.304518e-4,78
0.03829730,1.00029625,2.281496e-4,63
0.03830540,1.00024716,2.296989e-4,83
0.03830551,0.99976155,2.283014e-4,73
0.03834727,0.99987499,2.283818e-4,88
0.03840670,0.99985769,2.272418e-4,60
0.03843417,1.00009372,2.317360e-4,49
0.03843711,0.99997053,2.281270e-4,75
0.03844083,1.00018159,2.310761e-4,46
0.03844321,1.00009338,2.290959e-4,65
0.03844751,0.99983307,2.300368e-4,70
0.03845331,0.99994297,2.295506e-4,85
0.03849944,1.00019681,2.318431e-4,57
0.03851461,0.99996594,2.302106e-4,90
0.03856249,1.00018549,2.279378e-4,62
0.03856943,1.00003618,2.305929e-4,77
0.03857422,0.99996763,2.354784e-4,82
0.03858027,0.99970732,2.293148e-4,72
0.03858409,1.00011677,2.297795e-4,67
0.03860804,0.99998665,2.284623e-4,87
0.03866407,0.99988866,2.329856e-4,45
0.03866643,0.99991732,2.308657e-4,48
0.03866655,0.99986838,2.280792e-4,59
0.03870385,0.99979770,2.306557e-4,79
0.03871178,1.00024452,2.276257e-4,74
0.03871911,1.00018065,2.293791e-4,84
0.03872085,0.99968451,2.279034e-4,69
0.03882609,0.99968453,2.276433e-4,61
0.03883900,1.00004306,2.321302e-4,53
0.03884359,0.99976797,2.299043e-4,76
0.03885465,1.00008899,2.311882e-4,71
0.03885487,1.00028429,2.294372e-4,66
0.03887023,0.99960424,2.310542e-4,86
0.03888011,1.00012619,2.300320e-4,50
0.03888422,0.99998431,2.425167e-4,44
0.03892436,0.99967218,2.300475e-4,58
0.03894248,1.00012557,2.335951e-4,91
0.03897685,1.00039224,2.305376e-4,78
0.03897838,1.00041871,2.281815e-4,63
0.03898648,0.99991068,2.296903e-4,83
0.03898668,0.99992954,2.283058e-4,73
0.03902836,0.99982123,2.283807e-4,88
0.03908788,0.99989762,2.272380e-4,60
0.03911526,0.99984711,2.317306e-4,49
0.03911819,1.00030558,2.281542e-4,75
0.03912438,0.99965743,2.290362e-4,65
0.03912858,1.00001486,2.299714e-4,70
0.03913439,0.99998173,2.295397e-4,85
0.03918052,0.99998723,2.318474e-4,57
0.03919570,0.99951140,2.301356e-4,90
0.03924357,1.00019882,2.279389e-4,62
0.03925051,0.99948721,2.305667e-4,77
0.03925530,0.99994874,2.353787e-4,82
0.03926135,0.99995676,2.293475e-4,72
0.03926527,0.99980900,2.297130e-4,67
0.03928912,1.00000017,2.284865e-4,87
0.03932321,0.99960642,2.294989e-4,51
0.03934517,0.99971980,2.330106e-4,45
0.03934752,1.00007503,2.309058e-4,48
0.03934763,1.00021474,2.281044e-4,59
0.03938482,1.00009305,2.306438e-4,79
0.03939296,1.00015367,2.276093e-4,74
0.03940018,0.99948456,2.292932e-4,84
0.03940193,0.99986064,2.279252e-4,69
0.03943382,1.00025352,2.319119e-4,56
0.03950717,0.99946120,2.276123e-4,61
0.03952008,0.99987197,2.321077e-4,53
0.03952467,1.00028082,2.299826e-4,76
0.03953573,1.00018894,2.312744e-4,71
0.03953595,1.00010701,2.293992e-4,66
0.03955131,0.99986354,2.310116e-4,86
0.03956129,1.00021104,2.300184e-4,50
0.03956541,1.00020731,2.425243e-4,44
0.03957672,1.00039539,2.306473e-4,47
0.03960534,1.00033225,2.300603e-4,58
0.03962347,0.99989002,2.335227e-4,91
0.03965803,0.99996538,2.305163e-4,78
0.03965946,1.00014322,2.281693e-4,63
0.03966766,1.00006454,2.297339e-4,83
0.03966776,1.00026330,2.283556e-4,73
0.03970954,0.99963073,2.283645e-4,88
0.03976896,0.99971033,2.272079e-4,60
0.03979625,0.99991752,2.317629e-4,49
0.03979926,1.00001318,2.281243e-4,75
0.03980312,1.00019797,2.310861e-4,46
0.03980546,0.99983440,2.290390e-4,65
0.03980966,0.99988276,2.298819e-4,70
0.03981537,1.00005398,2.295445e-4,85
0.03986160,0.99993740,2.318638e-4,57
0.03987678,0.99997324,2.301506e-4,90
0.03992475,0.99997633,2.279217e-4,62
0.03993169,0.99989455,2.306272e-4,77
0.03993647,0.99991604,2.352755e-4,82
0.03994243,0.99997921,2.293620e-4,72
0.03994634,0.99935739,2.296386e-4,67
0.03997031,0.99949520,2.284507e-4,87
0.04000439,1.00013118,2.295466e-4,51
0.04002636,1.00012206,2.330963e-4,45
0.04002861,0.99981126,2.309017e-4,48
0.04006600,0.99992493,2.304994e-4,79
0.04008126,1.00015259,2.293783e-4,84
0.04008310,0.99960237,2.279263e-4,69
0.04011500,0.99994836,2.318782e-4,56
0.04018826,1.00010135,2.276681e-4,61
0.04020117,0.99965453,2.320841e-4,53
0.04020584,1.00042150,2.300178e-4,76
0.04021680,1.00001874,2.313377e-4,71
0.04021703,1.00021932,2.293805e-4,66
0.04023239,0.99967247,2.309377e-4,86
0.04024228,0.99990244,2.299658e-4,50
0.04024651,0.99986236,2.424820e-4,44
0.04025791,1.00002159,2.306198e-4,47
0.04030465,0.99989781,2.334696e-4,91
0.04033900,0.99985829,2.305270e-4,78
0.04034064,0.99981928,2.281614e-4,63
0.04034864,0.99980149,2.297416e-4,83
0.04034884,1.00026611,2.282992e-4,73
0.04039062,0.99961880,2.283586e-4,88
0.04045014,0.99999126,2.272332e-4,60
0.04047744,0.99994603,2.317892e-4,49
0.04048034,0.99980541,2.280939e-4,75
0.04048421,0.99967695,2.309802e-4,46
0.04048654,0.99995737,2.290386e-4,65
0.04049084,1.00000484,2.298104e-4,70
0.04049645,0.99963289,2.295098e-4,85
0.04054268,0.99985038,2.318786e-4,57
0.04055796,0.99979189,2.301063e-4,90
0.04060583,0.99996957,2.279246e-4,62
0.04061276,0.99982723,2.306449e-4,77
0.04061745,0.99991082,2.351746e-4,82
0.04062360,0.99991109,2.293759e-4,72
0.04062742,0.99977616,2.296529e-4,67
0.04065139,1.00017694,2.285424e-4,87
0.04068538,0.99990006,2.295169e-4,51
0.04070745,1.00006588,2.331564e-4,45
0.04070990,0.99982155,2.280490e-4,59
0.04074708,1.00027422,2.305888e-4,79
0.04075512,1.00015889,2.275711e-4,74
0.04076234,0.99976209,2.293630e-4,84
0.04076418,1.00002350,2.279810e-4,69
0.04079609,0.99973867,2.318453e-4,56
0.04086934,1.00000469,2.276513e-4,61
0.04088225,0.99989740,2.320963e-4,53
0.04088692,1.00013666,2.300041e-4,76
0.04089788,1.00026251,2.314405e-4,71
0.04089811,0.99985817,2.293212e-4,66
0.04091357,0.99973779,2.308715e-4,86
0.04092337,0.99989370,2.299409e-4,50
0.04092750,0.99978847,2.424624e-4,44
0.04093900,0.99999267,2.306194e-4,47
0.04096761,0.99981686,2.299096e-4,58
0.04098573,1.00016936,2.334452e-4,91
0.04102008,0.99986218,2.305528e-4,78
0.04102162,1.00012705,2.282141e-4,63
0.04102972,1.00004714,2.297965e-4,83
0.04103001,1.00026103,2.282891e-4,73
0.04107170,0.99965918,2.283559e-4,88
0.04113112,1.00010141,2.272389e-4,60
0.04115853,1.00036495,2.318635e-4,49
0.04116142,0.99993740,2.280981e-4,75
0.04116530,1.00040061,2.310658e-4,46
0.04116772,0.99993039,2.290266e-4,65
0.04117182,1.00009304,2.297355e-4,70
0.04117763,0.99969177,2.295204e-4,85
0.04122377,0.99997567,2.319101e-4,57
0.04123904,1.00005646,2.301040e-4,90
0.04128691,1.00012515,2.279484e-4,62
0.04129374,1.00016452,2.306981e-4,77
0.04129853,0.99982232,2.350621e-4,82
0.04130458,0.99951730,2.293564e-4,72
0.04130860,1.00032691,2.296809e-4,67
0.04133247,1.00024307,2.285825e-4,87
0.04136647,1.00021670,2.295444e-4,51
0.04138864,1.00024023,2.332105e-4,45
0.04139098,1.00018761,2.280772e-4,59
0.04142826,0.99993661,2.305246e-4,79
0.04143629,1.00031184,2.276063e-4,74
0.04144342,1.00000433,2.294107e-4,84
0.04144516,1.00050684,2.280436e-4,69
0.04147717,0.99978132,2.318445e-4,56
0.04155052,0.99969091,2.276082e-4,61
0.04156334,0.99935330,2.320406e-4,53
0.04156800,0.99995651,2.299803e-4,76
0.04157896,0.99993535,2.314793e-4,71
0.04157928,1.00010955,2.293272e-4,66
0.04159465,0.99995214,2.308201e-4,86
0.04160456,0.99982478,2.299123e-4,50
0.04160859,1.00001639,2.424684e-4,44
0.04162019,1.00024412,2.306547e-4,47
0.04164879,0.99972223,2.298599e-4,58
0.04166682,1.00009964,2.333959e-4,91
0.04170269,0.99983445,2.282206e-4,63
0.04171080,1.00014094,2.298446e-4,83
0.04171109,1.00004991,2.282462e-4,73
0.04175288,0.99943383,2.283320e-4,88
0.04181220,0.99969115,2.271956e-4,60
0.04183961,0.99966705,2.318288e-4,49
0.04184259,1.00039180,2.281393e-4,75
0.04184649,0.99960586,2.309378e-4,46
0.04184880,1.00004506,2.290256e-4,65
0.04185289,0.99978796,2.296219e-4,70
0.04185871,0.99967799,2.295336e-4,85
0.04190485,0.99993223,2.319265e-4,57
0.04196809,1.00009200,2.279541e-4,62
0.04197482,1.00043550,2.307407e-4,77
0.04197961,0.99989014,2.349665e-4,82
0.04198566,0.99985016,2.294075e-4,72
0.04198958,0.99985095,2.296129e-4,67
0.04201365,1.00003390,2.285865e-4,87
0.04204755,1.00000149,2.295169e-4,51
0.04206973,1.00001125,2.332409e-4,45
0.04207197,0.99959749,2.309484e-4,48
0.04207216,1.00014532,2.280660e-4,59
0.04210933,1.00019375,2.304607e-4,79
0.04211737,1.00019327,2.275555e-4,74
0.04212450,1.00018410,2.294521e-4,84
0.04212634,0.99981640,2.279900e-4,69
0.04215815,1.00004344,2.318652e-4,56
0.04223160,1.00027698,2.276602e-4,61
0.04224452,0.99959387,2.320578e-4,53
0.04224918,0.99989579,2.299765e-4,76
0.04226003,1.00041151,2.316069e-4,71
0.04226036,1.00030661,2.293256e-4,66
0.04227583,0.99943582,2.306897e-4,86
0.04228565,0.99978552,2.298866e-4,50
0.04228978,1.00009255,2.424515e-4,44
0.04230128,1.00007651,2.306463e-4,47
0.04232987,1.00007185,2.298477e-4,58
0.04238234,0.99988175,2.305930e-4,78
0.04238387,1.00043191,2.283022e-4,63
0.04239198,0.99987607,2.298554e-4,83
0.04239207,1.00035563,2.282532e-4,73
0.04243396,0.99986325,2.283635e-4,88
0.04249328,0.99952067,2.271721e-4,60
0.04252080,1.00046686,2.319421e-4,49
0.04252367,0.99973747,2.280652e-4,75
0.04252758,1.00016279,2.310185e-4,46
0.04252988,1.00037562,2.290464e-4,65
0.04253407,0.99999786,2.295556e-4,70
0.04253979,0.99982411,2.295566e-4,85
0.04258603,1.00039178,2.319915e-4,57
0.04260131,1.00005578,2.300675e-4,90
0.04264917,1.00000035,2.279546e-4,62
0.04266079,0.99995279,2.348394e-4,82
0.04266673,1.00035570,2.294764e-4,72
0.04267066,1.00012831,2.296202e-4,67
0.04269473,1.00002632,2.286144e-4,87
0.04272874,1.00012891,2.295233e-4,51
0.04275072,0.99941277,2.332183e-4,45
0.04275306,0.99981454,2.310026e-4,48
0.04275314,0.99987650,2.280295e-4,59
0.04279041,1.00014831,2.304236e-4,79
0.04279835,1.00008320,2.275126e-4,74
0.04280741,0.99980291,2.280069e-4,69
0.04283934,0.99958042,2.318169e-4,56
0.04291268,0.99949894,2.275706e-4,61
0.04292561,1.00009922,2.320882e-4,53
0.04293015,1.00005721,2.299887e-4,76
0.04294121,0.99976673,2.316161e-4,71
0.04294134,0.99992279,2.292706e-4,66
0.04295691,0.99990823,2.306580e-4,86
0.04296673,1.00033665,2.299216e-4,50
0.04297088,0.99996923,2.424178e-4,44
0.04298237,1.00006627,2.306470e-4,47
0.04301095,1.00001214,2.298023e-4,58
0.04302908,1.00007976,2.333021e-4,91
0.04306341,1.00020715,2.306379e-4,78
0.04306495,1.00000123,2.282894e-4,63
0.04307306,0.99996979,2.299041e-4,83
0.04307324,0.99975363,2.282175e-4,73
0.04311514,1.00000834,2.283675e-4,88
0.04317447,0.99968879,2.271855e-4,60
0.04320189,1.00030174,2.319573e-4,49
0.04320475,1.00006493,2.280873e-4,75
0.04320867,0.99998784,2.309485e-4,46
0.04321106,1.00034948,2.290318e-4,65
0.04321515,1.00019910,2.294955e-4,70
0.04322097,1.00017627,2.296154e-4,85
0.04326711,0.99983767,2.319534e-4,57
0.04328239,0.99979889,2.300207e-4,90
0.04333015,0.99992688,2.279607e-4,62
0.04333707,1.00041367,2.307724e-4,77
0.04334187,0.99987605,2.347674e-4,82
0.04334791,1.00004524,2.294684e-4,72
0.04335173,0.99984649,2.295828e-4,67
0.04337581,0.99984395,2.286327e-4,87
0.04340983,0.99968974,2.294737e-4,51
0.04343182,0.99992326,2.333196e-4,45
0.04343415,0.99971612,2.310128e-4,48
0.04343422,1.00015143,2.280513e-4,59
0.04347149,0.99999963,2.303305e-4,79
0.04347952,0.99998150,2.275190e-4,74
0.04348676,0.99989842,2.295107e-4,84
0.04348849,0.99998473,2.280125e-4,69
0.04352042,1.00011588,2.318681e-4,56
0.04360669,1.00017731,2.320921e-4,53
0.04361123,1.00013969,2.299761e-4,76
0.04362229,1.00019814,2.317300e-4,71
0.04362252,0.99966532,2.292302e-4,66
0.04363799,0.99969142,2.305405e-4,86
0.04364782,0.99982704,2.298550e-4,50
0.04365197,1.00000373,2.424007e-4,44
0.04366356,1.00003450,2.306553e-4,47
0.04371017,1.00014389,2.332719e-4,91
0.04374459,0.99975704,2.306070e-4,78
0.04374603,0.99975169,2.282947e-4,63
0.04375414,0.99979200,2.299343e-4,83
0.04379613,0.99972452,2.283272e-4,88
0.04385555,0.99981681,2.271934e-4,60
0.04388308,1.00026552,2.319943e-4,49
0.04388582,1.00012777,2.280859e-4,75
0.04388966,1.00014489,2.309882e-4,46
0.04389203,0.99991315,2.289742e-4,65
0.04389622,1.00004109,2.293986e-4,70
0.04390205,1.00018375,2.296431e-4,85
0.04394820,1.00055982,2.320400e-4,57
0.04396337,0.99981837,2.300107e-4,90
0.04401123,1.00004959,2.279836e-4,62
0.04402304,0.99963760,2.345760e-4,82
0.04402899,0.99967932,2.294575e-4,72
0.04403291,1.00004093,2.295855e-4,67
0.04405679,1.00051939,2.287347e-4,87
0.04409101,1.00000499,2.295021e-4,51
0.04411301,1.00017217,2.333822e-4,45
0.04411530,0.99998248,2.280286e-4,59
0.04411534,0.99999045,2.310674e-4,48
0.04415267,0.99996445,2.303877e-4,79
0.04416060,1.00005909,2.274669e-4,74
0.04416784,1.00023466,2.296123e-4,84
0.04416967,1.00012545,2.280471e-4,69
0.04420160,0.99983194,2.318399e-4,56
0.04427494,0.99982776,2.275867e-4,61
0.04428778,0.99986302,2.320553e-4,53
0.04429241,1.00029016,2.299865e-4,76
0.04430337,0.99997636,2.317793e-4,71
0.04430360,1.00025643,2.293025e-4,66
0.04431917,0.99991572,2.304989e-4,86
0.04432901,1.00008985,2.298514e-4,50
0.04433316,1.00011096,2.423875e-4,44
0.04437322,1.00007603,2.297290e-4,58
0.04439125,0.99990872,2.332071e-4,91
0.04442567,1.00003671,2.306471e-4,78
0.04442721,0.99974018,2.283292e-4,63
0.04443531,0.99988717,2.299852e-4,83
0.04443540,0.99992641,2.281521e-4,73
0.04447721,0.99951527,2.282896e-4,88
0.04453673,1.00023238,2.272277e-4,60
0.04456417,0.99977163,2.319848e-4,49
0.04456700,0.99963990,2.280258e-4,75
0.04457085,1.00012960,2.309793e-4,46
0.04457311,1.00003117,2.289730e-4,65
0.04457740,1.00017830,2.293259e-4,70
0.04458323,0.99993553,2.296373e-4,85
0.04464456,0.99985736,2.300037e-4,90
0.04469241,0.99969740,2.279660e-4,62
0.04469933,1.00000660,2.307516e-4,77
0.04470412,0.99957058,2.345530e-4,82
0.04471006,0.99970678,2.294894e-4,72
0.04471399,1.00008255,2.295872e-4,67
0.04477210,1.00000605,2.294994e-4,51
0.04479410,1.00038680,2.334459e-4,45
0.04479633,1.00016046,2.311088e-4,48
0.04479649,0.99952538,2.279756e-4,59
0.04483364,0.99950810,2.302180e-4,79
0.04484168,1.00000076,2.274430e-4,74
0.04484902,1.00011794,2.295488e-4,84
0.04485075,0.99975317,2.280384e-4,69
0.04488269,1.00021327,2.318804e-4,56
0.04495592,1.00028937,2.276308e-4,61
0.04496896,1.00015240,2.320690e-4,53
0.04497348,0.99989768,2.299280e-4,76
0.04498454,1.00023729,2.318704e-4,71
0.04498468,1.00006758,2.292512e-4,66
0.04500015,0.99973004,2.303765e-4,86
0.04501010,0.99962911,2.297873e-4,50
0.04502564,0.99984250,2.306539e-4,47
0.04505420,0.99991180,2.296765e-4,58
0.04507233,0.99976041,2.331584e-4,91
0.04510675,1.00022886,2.306719e-4,78
0.04510829,1.00017766,2.283980e-4,63
0.04511639,1.00014148,2.300542e-4,83
0.04511648,0.99995787,2.281359e-4,73
0.04515829,0.99965329,2.282800e-4,88
0.04521781,0.99973769,2.271754e-4,60
0.04524798,1.00055516,2.281078e-4,75
0.04525429,0.99963653,2.289262e-4,65
0.04525848,0.99992829,2.292245e-4,70
0.04526421,1.00005416,2.296832e-4,85
0.04531046,0.99972553,2.319844e-4,57
0.04532564,0.99998260,2.300027e-4,90
0.04537349,0.99977934,2.279854e-4,62
0.04538041,1.00006227,2.307612e-4,77
0.04538520,0.99997914,2.345043e-4,82
0.04539124,1.00013468,2.295546e-4,72
0.04539507,1.00005114,2.295796e-4,67
0.04541905,1.00025609,2.287750e-4,87
0.04545319,1.00019734,2.295094e-4,51
0.04547529,0.99999770,2.334392e-4,45
0.04547742,0.99980145,2.311084e-4,48
0.04547757,1.00033600,2.280488e-4,59
0.04551472,1.00011637,2.303446e-4,79
0.04552275,0.99972766,2.274309e-4,74
0.04553000,0.99975037,2.295415e-4,84
0.04553182,1.00023309,2.280941e-4,69
0.04556377,0.99994896,2.318522e-4,56
0.04565456,0.99991870,2.298926e-4,76
0.04566562,1.00000844,2.319083e-4,71
0.04566585,0.99995359,2.292251e-4,66
0.04568123,0.99984182,2.303309e-4,86
0.04569108,0.99961199,2.297703e-4,50
0.04569535,0.99994872,2.423858e-4,44
0.04570683,1.00022911,2.306932e-4,47
0.04573528,1.00044703,2.296971e-4,58
0.04575342,1.00048477,2.331935e-4,91
0.04578772,0.99995592,2.306567e-4,78
0.04578937,0.99961667,2.283808e-4,63
0.04579737,1.00029754,2.301355e-4,83
0.04579765,0.99996616,2.281115e-4,73
0.04583947,0.99997695,2.282965e-4,88
0.04589889,1.00030358,2.272319e-4,60
0.04592625,0.99989068,2.320614e-4,49
0.04592906,1.00007100,2.280445e-4,75
0.04593303,1.00014029,2.309331e-4,46
0.04593537,1.00000916,2.289552e-4,65
0.04593956,0.99983462,2.291324e-4,70
0.04594529,1.00007896,2.297213e-4,85
0.04599144,0.99996531,2.320180e-4,57
0.04600672,1.00000117,2.299976e-4,90
0.04605467,1.00005063,2.280225e-4,62
0.04606618,0.99995449,2.344146e-4,82
0.04607232,0.99990186,2.295611e-4,72
0.04607625,1.00025738,2.296019e-4,67
0.04610013,1.00030195,2.288220e-4,87
0.04613417,0.99989228,2.294763e-4,51
0.04615638,1.00023862,2.334985e-4,45
0.04615861,1.00017225,2.311689e-4,48
0.04615865,0.99986224,2.279949e-4,59
0.04619590,0.99988184,2.302071e-4,79
0.04620393,1.00002459,2.274024e-4,74
0.04621108,0.99986172,2.295800e-4,84
0.04621290,1.00005885,2.280873e-4,69
0.04624495,1.00005338,2.318641e-4,56
0.04631818,0.99984804,2.275698e-4,61
0.04633103,1.00003149,2.320380e-4,53
0.04633574,1.00032087,2.298981e-4,76
0.04634660,0.99964392,2.319313e-4,71
0.04634693,0.99983214,2.292705e-4,66
0.04636231,0.99981800,2.302469e-4,86
0.04637227,1.00012777,2.297974e-4,50
0.04637644,0.99975468,2.423317e-4,44
0.04638792,0.99967864,2.306482e-4,47
0.04641646,1.00040063,2.296669e-4,58
0.04643450,0.99969080,2.330848e-4,91
0.04646890,1.00033632,2.306949e-4,78
0.04647055,1.00017229,2.284635e-4,63
0.04647855,0.99976852,2.301100e-4,83
0.04647873,1.00018110,2.281160e-4,73
0.04652055,0.99937122,2.282173e-4,88
0.04660743,0.99983517,2.321002e-4,49
0.04661023,0.99957864,2.279883e-4,75
0.04661422,0.99974480,2.308768e-4,46
0.04661645,0.99940980,2.288820e-4,65
0.04662063,0.99991333,2.290664e-4,70
0.04668791,0.99974139,2.299697e-4,90
0.04673575,0.99986282,2.280210e-4,62
0.04674256,0.99972471,2.307459e-4,77
0.04674736,0.99971178,2.343067e-4,82
0.04675330,1.00014432,2.296097e-4,72
0.04675732,1.00022407,2.296108e-4,67
0.04678131,0.99991330,2.288258e-4,87
0.04681536,0.99996136,2.294868e-4,51
0.04683747,1.00010895,2.335080e-4,45
0.04683970,0.99974936,2.311535e-4,48
0.04683983,1.00008232,2.280094e-4,59
0.04687698,0.99961739,2.302525e-4,79
0.04688501,0.99960584,2.273401e-4,74
0.04689398,0.99999332,2.280654e-4,69
0.04692604,1.00012646,2.318723e-4,56
0.04699926,0.99963582,2.275461e-4,61
0.04701222,1.00036514,2.320632e-4,53
0.04701682,1.00013882,2.298450e-4,76
0.04702777,1.00022157,2.320434e-4,71
0.04702801,1.00018066,2.292519e-4,66
0.04704349,0.99999743,2.301863e-4,86
0.04705336,0.99979098,2.297451e-4,50
0.04705753,1.00007423,2.422800e-4,44
0.04706901,0.99984884,2.306685e-4,47
0.04709755,1.00000483,2.296049e-4,58
0.04711568,1.00051744,2.331423e-4,91
0.04714998,1.00000663,2.306615e-4,78
0.04715153,0.99982469,2.284669e-4,63
0.04715963,0.99985678,2.301657e-4,83
0.04715981,1.00051843,2.281266e-4,73
0.04720173,1.00011299,2.282617e-4,88
0.04726105,0.99998042,2.271857e-4,60
0.04728852,1.00016716,2.321596e-4,49
0.04729531,1.00045416,2.309695e-4,46
0.04729763,1.00017703,2.289500e-4,65
0.04730171,0.99959100,2.289602e-4,70
0.04730755,0.99992060,2.297768e-4,85
0.04735371,0.99972127,2.320120e-4,57
0.04736899,1.00023800,2.300173e-4,90
0.04741693,0.99975451,2.280301e-4,62
0.04742364,1.00000472,2.307718e-4,77
0.04742844,1.00003288,2.341930e-4,82
0.04743447,1.00003199,2.296253e-4,72
0.04743830,0.99998073,2.296016e-4,67
0.04746239,0.99982697,2.288515e-4,87
0.04749645,0.99982009,2.294605e-4,51
0.04751857,0.99992440,2.335184e-4,45
0.04752079,1.00014506,2.312165e-4,48
0.04752091,0.99983274,2.279825e-4,59
0.04755805,0.99995362,2.301715e-4,79
0.04756609,1.00019671,2.274126e-4,74
0.04757334,0.99960885,2.296064e-4,84
0.04757506,0.99945337,2.280176e-4,69
0.04760702,0.99984457,2.318446e-4,56
0.04768044,0.99992331,2.275666e-4,61
0.04769331,0.99947917,2.319698e-4,53
0.04769789,0.99994196,2.297814e-4,76
0.04770885,1.00025862,2.320921e-4,71
0.04770919,0.99998572,2.292310e-4,66
0.04772457,0.99990187,2.301003e-4,86
0.04773445,1.00001207,2.297486e-4,50
0.04773862,1.00014786,2.422234e-4,44
0.04775020,1.00004201,2.306952e-4,47
0.04777863,1.00037172,2.296160e-4,58
0.04779677,1.00014629,2.330880e-4,91
0.04783116,1.00015016,2.306792e-4,78
0.04783261,0.99947115,2.284634e-4,63
0.04784071,1.00034639,2.302630e-4,83
0.04784088,1.00040326,2.281332e-4,73
0.04788281,1.00036460,2.282630e-4,88
0.04794213,0.99988153,2.271789e-4,60
0.04796971,0.99963921,2.321483e-4,49
0.04797239,1.00024168,2.280346e-4,75
0.04797641,1.00014592,2.308900e-4,46
0.04797871,1.00000308,2.289244e-4,65
0.04798279,1.00013752,2.289500e-4,70
0.04798863,1.00007324,2.298356e-4,85
0.04805017,1.00026590,2.300211e-4,90
0.04809801,0.99982885,2.280535e-4,62
0.04810481,1.00043675,2.308144e-4,77
0.04810952,0.99989062,2.341440e-4,82
0.04811555,0.99999556,2.296514e-4,72
0.04811948,0.99989896,2.296084e-4,67
0.04814347,1.00004861,2.289215e-4,87
0.04817753,1.00035846,2.295142e-4,51
0.04819966,0.99973647,2.335201e-4,45
0.04820188,1.00012174,2.312485e-4,48
0.04820189,1.00031664,2.280268e-4,59
0.04823913,0.99977493,2.302314e-4,79
0.04824726,1.00006477,2.273790e-4,74
0.04825442,1.00015441,2.296850e-4,84
0.04825613,0.99997295,2.280750e-4,69
0.04828810,0.99993591,2.318637e-4,56
0.04836152,0.99956838,2.275282e-4,61
0.04837439,1.00007905,2.320233e-4,53
0.04837887,0.99984842,2.297240e-4,76
0.04838993,0.99950596,2.320606e-4,71
0.04839017,0.99981635,2.292098e-4,66
0.04840575,1.00022099,2.300580e-4,86
0.04841563,1.00006126,2.297341e-4,50
0.04841982,1.00028022,2.421963e-4,44
0.04843129,0.99988809,2.306801e-4,47
0.04845981,1.00038747,2.296021e-4,58
0.04847785,1.00015454,2.330636e-4,91
0.04851223,0.99979259,2.306362e-4,78
0.04851379,1.00000844,2.285498e-4,63
0.04852179,0.99984507,2.302587e-4,83
0.04852196,1.00018180,2.280901e-4,73
0.04862321,1.00041242,2.272238e-4,60
0.04865080,1.00033610,2.322515e-4,49
0.04865356,1.00005033,2.280090e-4,75
0.04865760,0.99974451,2.308852e-4,46
0.04865979,0.99990589,2.289040e-4,65
0.04866387,1.00010546,2.288812e-4,70
0.04866981,1.00025375,2.298975e-4,85
0.04871598,0.99990224,2.320312e-4,57
0.04873125,1.00011409,2.300121e-4,90
0.04877899,0.99986271,2.280779e-4,62
0.04878589,1.00004876,2.307762e-4,77
0.04879069,0.99971913,2.340277e-4,82
0.04879663,0.99994583,2.296681e-4,72
0.04880056,0.99996645,2.296383e-4,67
0.04882455,0.99975599,2.289258e-4,87
0.04885872,0.99981699,2.294530e-4,51
0.04888075,0.99960881,2.335275e-4,45
0.04888307,1.00033219,2.312938e-4,48
0.04892031,0.99997502,2.301377e-4,79
0.04892824,0.99999315,2.273322e-4,74
0.04893559,1.00016987,2.297114e-4,84
0.04893731,1.00023849,2.281318e-4,69
0.04896929,1.00002930,2.318801e-4,56
0.04904260,1.00018435,2.275883e-4,61
0.04905558,1.00007221,2.320087e-4,53
0.04906005,0.99993728,2.296871e-4,76
0.04907101,1.00023449,2.321606e-4,71
0.04907125,1.00008902,2.292387e-4,66
0.04908683,0.99999447,2.299595e-4,86
0.04909672,0.99995146,2.297165e-4,50
0.04911238,0.99995757,2.306969e-4,47
0.04914089,1.00020444,2.295666e-4,58
0.04915903,0.99960375,2.329982e-4,91
0.04919331,0.99966817,2.306671e-4,78
0.04919487,1.00011659,2.285977e-4,63
0.04920297,1.00004730,2.303246e-4,83
0.04920304,1.00019442,2.280419e-4,73
0.04924488,0.99992111,2.281767e-4,88
0.04930439,0.99997904,2.271839e-4,60
0.04933189,1.00048552,2.322989e-4,49
0.04933464,1.00010558,2.279822e-4,75
0.04933859,1.00009727,2.309236e-4,46
0.04934076,1.00020823,2.289202e-4,65
0.04934504,0.99975889,2.287904e-4,70
0.04935089,1.00065746,2.299790e-4,85
0.04939706,0.99978007,2.320144e-4,57
0.04941234,1.00013463,2.300179e-4,90
0.04946697,0.99994308,2.307597e-4,77
0.04947770,0.99971248,2.296754e-4,72
0.04950564,0.99985554,2.289781e-4,87
0.04953981,0.99983297,2.294573e-4,51
0.04956194,1.00016557,2.335913e-4,45
0.04956416,0.99998590,2.279885e-4,59
0.04956416,1.00002237,2.312927e-4,48
0.04960139,0.99986357,2.302102e-4,79
0.04960932,0.99995465,2.273340e-4,74
0.04961667,0.99998095,2.297164e-4,84
0.04961839,0.99951735,2.280635e-4,69
0.04965037,0.99963832,2.318491e-4,56
0.04972378,0.99994931,2.275623e-4,61
0.04973666,1.00015283,2.320101e-4,53
0.04974112,0.99944816,2.295848e-4,76
0.04975218,0.99996188,2.321614e-4,71
0.04975232,1.00017776,2.292532e-4,66
0.04976791,0.99998356,2.298637e-4,86
0.04977781,0.99969420,2.296696e-4,50
0.04978200,0.99979442,2.420740e-4,44
0.04979357,1.00011415,2.307169e-4,47
0.04982197,0.99981564,2.295310e-4,58
0.04984012,0.99971381,2.329944e-4,91
0.04987439,0.99999273,2.306469e-4,78
0.04988405,0.99985121,2.303997e-4,83
0.04988412,1.00034691,2.280396e-4,73
0.04992606,0.99963866,2.281260e-4,88
0.04998547,1.00025077,2.272094e-4,60
0.05001308,1.00041971,2.323223e-4,49
0.05001572,0.99979866,2.279676e-4,75
0.05002194,0.99997669,2.288911e-4,65
0.05002612,0.99980539,2.287337e-4,70
0.05003197,1.00009204,2.299736e-4,85
0.05007814,0.99983339,2.320126e-4,57
0.05009332,1.00018570,2.300293e-4,90
0.05014125,0.99995425,2.281234e-4,62
0.05014815,0.99981475,2.307410e-4,77
0.05015285,0.99967658,2.339149e-4,82
0.05015888,1.00020815,2.297442e-4,72
0.05016281,1.00045711,2.297415e-4,67
0.05018672,0.99981599,2.290158e-4,87
0.05024303,1.00030541,2.336091e-4,45
0.05024515,1.00027133,2.313466e-4,48
0.05024524,1.00017882,2.280044e-4,59
0.05028236,1.00001017,2.302148e-4,79
0.05029775,1.00044770,2.297853e-4,84
0.05029947,1.00000738,2.281093e-4,69
0.05033155,1.00019029,2.319082e-4,56
0.05040476,1.00009888,2.275747e-4,61
0.05041785,0.99986222,2.319807e-4,53
0.05042230,1.00019409,2.296045e-4,76
0.05043326,0.99983149,2.321647e-4,71
0.05043350,1.00036751,2.292803e-4,66
0.05045890,1.00002564,2.296920e-4,50
0.05046319,1.00003702,2.420518e-4,44
0.05047456,0.99974005,2.306786e-4,47
0.05050306,1.00033946,2.295791e-4,58
0.05052110,1.00049755,2.330643e-4,91
0.05055557,1.00017364,2.306550e-4,78
0.05055713,0.99964245,2.286212e-4,63
0.05056529,0.99967379,2.279593e-4,73
0.05060714,1.00026677,2.281570e-4,88
0.05069406,0.99985563,2.323052e-4,49
0.05069680,1.00037539,2.280095e-4,75
0.05070087,0.99972793,2.308374e-4,46
0.05070302,0.99960266,2.288185e-4,65
0.05070720,0.99977812,2.286758e-4,70
0.05071295,1.00035895,2.300409e-4,85
0.05075932,1.00013015,2.320314e-4,57
0.05077450,1.00016835,2.300375e-4,90
0.05083403,1.00006942,2.339082e-4,82
0.05083996,1.00025483,2.297663e-4,72
0.05084389,0.99991444,2.297192e-4,67
0.05086780,0.99968851,2.290414e-4,87
0.05090208,0.99964219,2.294319e-4,51
0.05092413,1.00032933,2.336158e-4,45
0.05092633,0.99955264,2.313014e-4,48
0.05092642,0.99982860,2.279709e-4,59
0.05096354,1.00027582,2.302249e-4,79
0.05097157,1.00001129,2.272977e-4,74
0.05097873,1.00026205,2.297876e-4,84
0.05098064,0.99975041,2.280523e-4,69
0.05101264,0.99972301,2.318749e-4,56
0.05108584,0.99995307,2.275591e-4,61
0.05109873,0.99997443,2.319842e-4,53
0.05110338,0.99990926,2.295251e-4,76
0.05111434,1.00012190,2.322001e-4,71
0.05111458,0.99997244,2.292441e-4,66
0.05113007,0.99997465,2.297519e-4,86
0.05113998,0.99967417,2.296408e-4,50
0.05114429,1.00010543,2.420208e-4,44
0.05115565,1.00031370,2.307329e-4,47
0.05118414,0.99963839,2.295136e-4,58
0.05120228,1.00011729,2.330177e-4,91
0.05123654,1.00009928,2.306358e-4,78
0.05123821,1.00011706,2.287010e-4,63
0.05124620,0.99985143,2.304406e-4,83
0.05124637,0.99979133,2.279924e-4,73
0.05134774,1.00007656,2.271856e-4,60
0.05137515,1.00008385,2.323594e-4,49
0.05137787,1.00015364,2.279833e-4,75
0.05138196,0.99989881,2.308957e-4,46
0.05138410,1.00031542,2.289123e-4,65
0.05138838,1.00006749,2.286569e-4,70
0.05139413,0.99983810,2.300401e-4,85
0.05144031,0.99976021,2.319916e-4,57
0.05145558,1.00056732,2.300915e-4,90
0.05150341,1.00000982,2.281694e-4,62
0.05151030,1.00019701,2.307614e-4,77
0.05151501,1.00009351,2.339522e-4,82
0.05152104,0.99991231,2.297526e-4,72
0.05152497,1.00035657,2.297989e-4,67
0.05154898,1.00005858,2.291117e-4,87
0.05158307,1.00021252,2.294814e-4,51
0.05160522,1.00002786,2.335864e-4,45
0.05160742,1.00038774,2.314063e-4,48
0.05160750,0.99998273,2.279825e-4,59
0.05164462,1.00043162,2.301395e-4,79
0.05165265,0.99995654,2.272786e-4,74
0.05165991,1.00004867,2.298628e-4,84
0.05166172,1.00034186,2.281341e-4,69
0.05169372,0.99994185,2.319026e-4,56
0.05176702,1.00021850,2.275878e-4,61
0.05177992,1.00021831,2.319961e-4,53
0.05178446,0.99969166,2.294479e-4,76
0.05179541,1.00023052,2.322081e-4,71
0.05179576,0.99991314,2.292471e-4,66
0.05181115,1.00031799,2.297227e-4,86
0.05182107,0.99998209,2.296609e-4,50
0.05182528,1.00044804,2.420106e-4,44
0.05183674,0.99989485,2.307055e-4,47
0.05186522,0.99987391,2.295412e-4,58
0.05188337,1.00004817,2.330147e-4,91
0.05191762,0.99984495,2.306007e-4,78
0.05191929,0.99990137,2.287081e-4,63
0.05192728,0.99999967,2.305009e-4,83
0.05196940,0.99977819,2.280618e-4,88
0.05202872,0.99998268,2.271713e-4,60
0.05205634,1.00023058,2.323958e-4,49
0.05205895,1.00052744,2.280207e-4,75
0.05206305,0.99980281,2.308472e-4,46
0.05206528,1.00000241,2.288702e-4,65
0.05206935,0.99993113,2.285945e-4,70
0.05207521,0.99981142,2.300868e-4,85
0.05212139,1.00001307,2.320023e-4,57
0.05218459,0.99980459,2.281667e-4,62
0.05219128,0.99995549,2.307264e-4,77
0.05219609,0.99993151,2.339096e-4,82
0.05220211,0.99998276,2.297744e-4,72
0.05220615,1.00020178,2.298185e-4,67
0.05223006,1.00046410,2.291850e-4,87
0.05226415,0.99995143,2.294586e-4,51
0.05228641,1.00002626,2.335856e-4,45
0.05228851,1.00000421,2.313991e-4,48
0.05228858,0.99956328,2.279428e-4,59
0.05232570,1.00011323,2.301467e-4,79
0.05234099,1.00027543,2.298273e-4,84
0.05234270,0.99977182,2.280704e-4,69
0.05237480,0.99978548,2.318986e-4,56
0.05244810,1.00022878,2.275912e-4,61
0.05246100,1.00038578,2.320140e-4,53
0.05246563,0.99998853,2.294088e-4,76
0.05247649,1.00013621,2.321888e-4,71
0.05247684,1.00003633,2.292724e-4,66
0.05249223,1.00009139,2.296430e-4,86
0.05250216,1.00019480,2.296763e-4,50
0.05250637,1.00018404,2.419450e-4,44
0.05251793,1.00023194,2.307272e-4,47
0.05254630,1.00030493,2.296003e-4,58
0.05256445,1.00011640,2.330208e-4,91
0.05259880,1.00027375,2.306309e-4,78
0.05260037,1.00013984,2.287649e-4,63
0.05260836,1.00016066,2.305552e-4,83
0.05260862,0.99964760,2.279254e-4,73
0.05265048,0.99945049,2.280041e-4,88
0.05270980,1.00007183,2.271771e-4,60
0.05273743,1.00021773,2.324221e-4,49
0.05274013,1.00002665,2.279656e-4,75
0.05274424,1.00025750,2.308880e-4,46
0.05274636,1.00013785,2.288750e-4,65
0.05275043,0.99991069,2.285547e-4,70
0.05275639,1.00003998,2.301565e-4,85
0.05280247,0.99997115,2.319854e-4,57
0.05281785,0.99999058,2.300634e-4,90
0.05286567,1.00002453,2.282054e-4,62
0.05287245,1.00026300,2.307420e-4,77
0.05287727,0.99967522,2.338334e-4,82
0.05288319,1.00016703,2.298039e-4,72
0.05288713,1.00037758,2.298792e-4,67
0.05291114,1.00012130,2.291881e-4,87
0.05294534,0.99968311,2.294324e-4,51
0.05296750,0.99971419,2.335282e-4,45
0.05296966,0.99972342,2.279552e-4,59
0.05296970,1.00023763,2.314392e-4,48
0.05300687,0.99975238,2.301605e-4,79
0.05301490,1.00005185,2.272584e-4,74
0.05302207,0.99984234,2.298384e-4,84
0.05302388,0.99995934,2.280633e-4,69
0.05305589,1.00002745,2.319352e-4,56
0.05312918,1.00024044,2.275999e-4,61
0.05314219,1.00005682,2.319717e-4,53
0.05314671,1.00000636,2.293738e-4,76
0.05315757,1.00033280,2.321856e-4,71
0.05315792,0.99969313,2.292478e-4,66
0.05317341,0.99956960,2.295355e-4,86
0.05318335,0.99994691,2.296389e-4,50
0.05318756,0.99989167,2.418773e-4,44
0.05319902,0.99989058,2.306988e-4,47
0.05322748,0.99984119,2.295731e-4,58
0.05324563,1.00000149,2.330167e-4,91
0.05327988,0.99940923,2.305328e-4,78
0.05328145,0.99997032,2.287752e-4,63
0.05328954,0.99984226,2.305649e-4,83
0.05328960,0.99996769,2.279456e-4,73
0.05333156,0.99969412,2.280052e-4,88
0.05339098,0.99983388,2.271537e-4,60
0.05341852,0.99999134,2.324188e-4,49
0.05342533,0.99999207,2.309061e-4,46
0.05342754,1.00010151,2.288613e-4,65
0.05343161,1.00002700,2.285289e-4,70
0.05343747,0.99976967,2.301721e-4,85
0.05348365,1.00019221,2.319905e-4,57
0.05349893,1.00028036,2.301070e-4,90
0.05354675,0.99985992,2.282121e-4,62
0.05355353,1.00022158,2.307262e-4,77
0.05356427,0.99965236,2.297618e-4,72
0.05356820,1.00029369,2.299165e-4,67
0.05359232,1.00019655,2.292269e-4,87
0.05362643,1.00010766,2.294784e-4,51
0.05365079,0.99992521,2.314354e-4,48
0.05365084,0.99978223,2.279666e-4,59
0.05368795,1.00005016,2.300882e-4,79
0.05369598,1.00016173,2.272569e-4,74
0.05370325,1.00037955,2.298624e-4,84
0.05370495,0.99997236,2.280437e-4,69
0.05373697,1.00041974,2.319800e-4,56
0.05381036,0.99977932,2.275629e-4,61
0.05382327,1.00047570,2.320120e-4,53
0.05382769,1.00011642,2.293319e-4,76
0.05383875,1.00039894,2.321530e-4,71
0.05383889,1.00001989,2.292880e-4,66
0.05385449,0.99982852,2.295050e-4,86
0.05386443,0.99960628,2.296017e-4,50
0.05386866,0.99971154,2.418234e-4,44
0.05388011,1.00000058,2.307143e-4,47
0.05390857,1.00009162,2.296194e-4,58
0.05392672,0.99947546,2.329702e-4,91
0.05396095,0.99983764,2.305608e-4,78
0.05396252,0.99986098,2.287943e-4,63
0.05397062,1.00004585,2.306181e-4,83
0.05397068,1.00050665,2.280249e-4,73
0.05401275,0.99933780,2.279476e-4,88
0.05407206,0.99986659,2.271557e-4,60
0.05409961,0.99983959,2.324270e-4,49
0.05410228,0.99986820,2.279395e-4,75
0.05410652,1.00025174,2.309159e-4,46
0.05410861,1.00019853,2.288629e-4,65
0.05411268,0.99994063,2.284876e-4,70
0.05411854,0.99999193,2.302380e-4,85
0.05416474,1.00011926,2.319682e-4,57
0.05418001,0.99989074,2.300865e-4,90
0.05422783,0.99993494,2.282338e-4,62
0.05423471,1.00007639,2.306942e-4,77
0.05423942,0.99946009,2.338371e-4,82
0.05424544,1.00015805,2.298171e-4,72
0.05424928,1.00013258,2.299501e-4,67
0.05427340,0.99992034,2.292215e-4,87
0.05430762,0.99955912,2.294240e-4,51
0.05432968,0.99985065,2.335446e-4,45
0.05433183,1.00041249,2.280282e-4,59
0.05433188,1.00033475,2.314982e-4,48
0.05436903,1.00001384,2.301749e-4,79
0.05437696,0.99966352,2.271923e-4,74
0.05438603,1.00006774,2.280537e-4,69
0.05441805,1.00005348,2.319531e-4,56
0.05449144,1.00005517,2.275960e-4,61
0.05450436,0.99958227,2.319150e-4,53
0.05450886,0.99985666,2.292520e-4,76
0.05451982,1.00005614,2.320782e-4,71
0.05452007,0.99994896,2.292972e-4,66
0.05453557,0.99999975,2.294498e-4,86
0.05454552,0.99977335,2.296106e-4,50
0.05454985,1.00035858,2.419114e-4,44
0.05456130,1.00011826,2.307289e-4,47
0.05458965,0.99972465,2.296073e-4,58
0.05460780,0.99988276,2.330224e-4,91
0.05464213,0.99996765,2.305603e-4,78
0.05464370,0.99999150,2.288297e-4,63
0.05465170,0.99996366,2.306456e-4,83
0.05465185,0.99993861,2.279362e-4,73
0.05469373,1.00008421,2.279945e-4,88
0.05475314,0.99977385,2.271482e-4,60
0.05478079,1.00015390,2.324704e-4,49
0.05478346,1.00009865,2.279643e-4,75
0.05478751,1.00006126,2.308793e-4,46
0.05478959,0.99995824,2.288295e-4,65
0.05479376,0.99975565,2.284405e-4,70
0.05479972,0.99989548,2.302719e-4,85
0.05484592,0.99996856,2.319353e-4,57
0.05490891,1.00034574,2.282966e-4,62
0.05491579,0.99965596,2.306343e-4,77
0.05492060,0.99982409,2.338006e-4,82
0.05492652,1.00031025,2.298370e-4,72
0.05493046,1.00018637,2.299974e-4,67
0.05495438,1.00022989,2.292787e-4,87
0.05498870,1.00026365,2.294953e-4,51
0.05501078,0.99993575,2.335438e-4,45
0.05501291,1.00003632,2.279948e-4,59
0.05501307,1.00002932,2.314891e-4,48
0.05505021,0.99996475,2.301256e-4,79
0.05505813,1.00007304,2.272219e-4,74
0.05506551,1.00032195,2.299446e-4,84
0.05506721,0.99994067,2.280149e-4,69
0.05509924,0.99953317,2.319150e-4,56
0.05517252,0.99997843,2.275989e-4,61
0.05518554,0.99982300,2.319404e-4,53
0.05518994,0.99983354,2.292008e-4,76
0.05520090,1.00032353,2.320528e-4,71
0.05520115,0.99992883,2.293064e-4,66
0.05521675,0.99970694,2.294061e-4,86
0.05522671,0.99992658,2.296300e-4,50
0.05523094,1.00003554,2.417762e-4,44
0.05524239,0.99962638,2.306778e-4,47
0.05527083,1.00007108,2.296677e-4,58
0.05528898,1.00003504,2.330489e-4,91
0.05532321,0.99958326,2.305120e-4,78
0.05532478,0.99977368,2.288375e-4,63
0.05533288,1.00028281,2.307125e-4,83
0.05537481,1.00015405,2.279834e-4,88
0.05543432,0.99998928,2.271694e-4,60
0.05546188,1.00025290,2.324925e-4,49
0.05546861,1.00028834,2.309530e-4,46
0.05547067,1.00039189,2.288629e-4,65
0.05547494,1.00006447,2.284484e-4,70
0.05548080,1.00017165,2.303406e-4,85
0.05552700,1.00013797,2.319363e-4,57
0.05554218,1.00022718,2.301675e-4,90
0.05558999,1.00002162,2.282823e-4,62
0.05559686,0.99962541,2.306230e-4,77
0.05560168,1.00033354,2.339373e-4,82
0.05560760,0.99980425,2.297790e-4,72
0.05561154,1.00003759,2.300311e-4,67
0.05563556,1.00043771,2.293172e-4,87
0.05566979,1.00020753,2.294997e-4,51
0.05569187,0.99987911,2.335279e-4,45
0.05569406,0.99959774,2.314664e-4,48
0.05573119,1.00040809,2.302129e-4,79
0.05573921,0.99982075,2.271847e-4,74
0.05574659,0.99951523,2.297941e-4,84
0.05574829,0.99971607,2.280031e-4,69
0.05578032,1.00001424,2.319703e-4,56
0.05585360,0.99984137,2.275934e-4,61
0.05586663,0.99984221,2.319473e-4,53
0.05587102,1.00021177,2.291866e-4,76
0.05588208,1.00004766,2.319689e-4,71
0.05588223,1.00026206,2.293491e-4,66
0.05589773,0.99993116,2.293857e-4,86
0.05590780,0.99995549,2.296242e-4,50
0.05591203,0.99972187,2.417074e-4,44
0.05592338,1.00001383,2.307182e-4,47
0.05595181,1.00005944,2.296986e-4,58
0.05596997,1.00048471,2.331078e-4,91
0.05601395,0.99970587,2.307085e-4,83
0.05601401,1.00015234,2.279905e-4,73
0.05605589,1.00008419,2.279634e-4,88
0.05611540,1.00039474,2.272087e-4,60
0.05614287,0.99980528,2.324551e-4,49
0.05614551,1.00003555,2.279607e-4,75
0.05614970,0.99990961,2.308953e-4,46
0.05615185,0.99980691,2.287965e-4,65
0.05615602,1.00041749,2.284609e-4,70
0.05616178,1.00014595,2.303760e-4,85
0.05620818,0.99986213,2.318879e-4,57
0.05622326,1.00014476,2.301836e-4,90
0.05627117,0.99989391,2.282833e-4,62
0.05627794,0.99990634,2.306270e-4,77
0.05628276,0.99981016,2.339035e-4,82
0.05628878,1.00055920,2.298446e-4,72
0.05629272,0.99976078,2.300523e-4,67
0.05631664,1.00045305,2.293399e-4,87
0.05635098,1.00015218,2.294896e-4,51
0.05637296,0.99981302,2.334980e-4,45
0.05637515,0.99981633,2.315074e-4,48
0.05637517,1.00016262,2.280096e-4,59
0.05641226,1.00013824,2.301904e-4,79
0.05642039,0.99967361,2.271687e-4,74
0.05642757,0.99988549,2.298294e-4,84
0.05642936,0.99985725,2.280041e-4,69
0.05646140,1.00060730,2.320309e-4,56
0.05653468,0.99983469,2.276086e-4,61
0.05654761,0.99957373,2.319295e-4,53
0.05655220,0.99997427,2.291018e-4,76
0.05656316,0.99996316,2.318856e-4,71
0.05656341,1.00026643,2.293904e-4,66
0.05657881,0.99983127,2.293379e-4,86
0.05658878,0.99984631,2.296177e-4,50
0.05659323,0.99960716,2.416638e-4,44
0.05660457,1.00003134,2.307162e-4,47
0.05663289,0.99967558,2.296951e-4,58
0.05665105,1.00020672,2.331060e-4,91
0.05668536,0.99969270,2.304959e-4,78
0.05668704,1.00022818,2.289224e-4,63
0.05669493,0.99982822,2.307141e-4,83
0.05673707,1.00022176,2.279546e-4,88
0.05679648,0.99977985,2.271469e-4,60
0.05682406,0.99984977,2.324632e-4,49
0.05682669,1.00001133,2.279547e-4,75
0.05683089,1.00038652,2.309321e-4,46
0.05683293,1.00014295,2.288203e-4,65
0.05683709,1.00003006,2.284029e-4,70
0.05684296,1.00007144,2.304033e-4,85
0.05688927,1.00011766,2.318924e-4,57
0.05690444,1.00058002,2.302535e-4,90
0.05695225,1.00042033,2.283523e-4,62
0.05695912,1.00032515,2.306464e-4,77
0.05696384,1.00008289,2.339564e-4,82
0.05696985,1.00008624,2.297929e-4,72
0.05697379,0.99993263,2.301184e-4,67
0.05699772,1.00003478,2.293115e-4,87
0.05703196,1.00000499,2.294808e-4,51
0.05705415,0.99998683,2.334948e-4,45
0.05705625,0.99974066,2.279750e-4,59
0.05705634,0.99998166,2.315433e-4,48
0.05709334,0.99999777,2.301317e-4,79
0.05710865,0.99976512,2.298132e-4,84
0.05714259,0.99986736,2.319730e-4,56
0.05721577,0.99994242,2.276337e-4,61
0.05722880,0.99995249,2.319620e-4,53
0.05723327,1.00062934,2.291344e-4,76
0.05724413,1.00010900,2.318264e-4,71
0.05724449,1.00015046,2.293640e-4,66
0.05726000,0.99980716,2.293087e-4,86
0.05726997,0.99990518,2.296236e-4,50
0.05727422,1.00036667,2.417077e-4,44
0.05728566,0.99978070,2.306970e-4,47
0.05731408,1.00001060,2.297655e-4,58
0.05736644,1.00060794,2.305744e-4,78
0.05736812,1.00014402,2.289328e-4,63
0.05737601,1.00008701,2.307719e-4,83
0.05737626,0.99966103,2.279136e-4,73
0.05741815,0.99990682,2.279117e-4,88
0.05747746,0.99987593,2.271565e-4,60
0.05750515,0.99977097,2.324544e-4,49
0.05750777,0.99979490,2.279459e-4,75
0.05751198,1.00039052,2.309772e-4,46
0.05751411,1.00012837,2.288125e-4,65
0.05751807,0.99995500,2.283812e-4,70
0.05752404,0.99974449,2.304022e-4,85
0.05757025,1.00004113,2.318685e-4,57
0.05758553,1.00007249,2.302333e-4,90
0.05763333,0.99978584,2.283056e-4,62
0.05764020,1.00030591,2.306237e-4,77
0.05764491,1.00032305,2.339662e-4,82
0.05765083,1.00028927,2.297986e-4,72
0.05765487,1.00038327,2.302202e-4,67
0.05767890,1.00020281,2.293377e-4,87
0.05771305,0.99991683,2.294776e-4,51
0.05773524,1.00007678,2.334844e-4,45
0.05773743,1.00017573,2.315738e-4,48
0.05773743,0.99979879,2.279839e-4,59
0.05777452,1.00045729,2.301711e-4,79
0.05778254,0.99986435,2.271376e-4,74
0.05778982,0.99998080,2.298267e-4,84
0.05779152,0.99974131,2.279543e-4,69
0.05789685,0.99984766,2.276439e-4,61
0.05790989,0.99975027,2.319502e-4,53
0.05791435,0.99978088,2.290088e-4,76
0.05792521,0.99980866,2.317160e-4,71
0.05792566,0.99983526,2.294059e-4,66
0.05794108,0.99987953,2.292927e-4,86
0.05795106,1.00014071,2.296579e-4,50
0.05795531,0.99994992,2.416398e-4,44
0.05796675,0.99994152,2.307048e-4,47
0.05799516,0.99992152,2.297994e-4,58
0.05801332,0.99988406,2.331201e-4,91
0.05804752,1.00004197,2.305090e-4,78
0.05805719,1.00028058,2.308101e-4,83
0.05805744,0.99991206,2.279445e-4,73
0.05809923,1.00048999,2.279556e-4,88
0.05815865,0.99959461,2.271252e-4,60
0.05818624,1.00023333,2.325009e-4,49
0.05818884,1.00015480,2.279877e-4,75
0.05819317,1.00014293,2.309633e-4,46
0.05819519,0.99985902,2.287771e-4,65
0.05819925,1.00008506,2.283743e-4,70
0.05820512,1.00017371,2.304683e-4,85
0.05825133,1.00047215,2.318881e-4,57
0.05831451,0.99994530,2.283296e-4,62
0.05832117,1.00010124,2.305870e-4,77
0.05832599,0.99997778,2.340081e-4,82
0.05833201,0.99990345,2.297404e-4,72
0.05833585,1.00017387,2.302441e-4,67
0.05835999,0.99996236,2.293125e-4,87
0.05839414,1.00034606,2.295305e-4,51
0.05841633,0.99983919,2.334445e-4,45
0.05841852,0.99981925,2.315501e-4,48
0.05845560,1.00009552,2.301927e-4,79
0.05846372,1.00001389,2.271826e-4,74
0.05847090,1.00008684,2.298199e-4,84
0.05847260,0.99969523,2.279314e-4,69
0.05850465,1.00015159,2.320182e-4,56
0.05857803,0.99991096,2.276678e-4,61
0.05859097,0.99966772,2.319482e-4,53
0.05859553,1.00007653,2.289836e-4,76
0.05860639,0.99994166,2.316428e-4,71
0.05860674,0.99992506,2.293687e-4,66
0.05862216,0.99971815,2.292563e-4,86
0.05863215,1.00014080,2.296584e-4,50
0.05863650,0.99978570,2.416012e-4,44
0.05864794,0.99982710,2.306943e-4,47
0.05867624,0.99982985,2.298275e-4,58
0.05869440,0.99979277,2.331418e-4,91
0.05872859,1.00030516,2.305206e-4,78
0.05873028,1.00011941,2.289553e-4,63
0.05873827,1.00008214,2.308078e-4,83
0.05873842,1.00039830,2.280207e-4,73
0.05878041,0.99962960,2.278602e-4,88
0.05883973,0.99971739,2.271471e-4,60
0.05886742,0.99954703,2.324305e-4,49
0.05887002,1.00011729,2.279913e-4,75
0.05887426,0.99963091,2.308875e-4,46
0.05887627,1.00022763,2.288120e-4,65
0.05888033,0.99988520,2.283501e-4,70
0.05888620,1.00004363,2.304787e-4,85
0.05893251,0.99998719,2.318238e-4,57
0.05894769,0.99985603,2.302745e-4,90
0.05899559,1.00014363,2.283638e-4,62
0.05900235,0.99992163,2.305446e-4,77
0.05900707,1.00039765,2.340817e-4,82
0.05901703,0.99991707,2.302715e-4,67
0.05904107,0.99976708,2.292946e-4,87
0.05909743,0.99995081,2.334302e-4,45
0.05909960,1.00041278,2.280518e-4,59
0.05909970,0.99977756,2.315607e-4,48
0.05913677,0.99968035,2.301588e-4,79
0.05914479,0.99997972,2.271813e-4,74
0.05915208,0.99992244,2.297961e-4,84
0.05915377,1.00005527,2.279418e-4,69
0.05918584,1.00020231,2.320276e-4,56
0.05925911,0.99984929,2.276825e-4,61
0.05927216,0.99991328,2.319728e-4,53
0.05927650,1.00022716,2.289722e-4,76
0.05928772,1.00081953,2.294700e-4,66
0.05930324,0.99987692,2.292541e-4,86
0.05931334,1.00005790,2.296586e-4,50
0.05931760,1.00019534,2.416180e-4,44
0.05932903,0.99982978,2.306881e-4,47
0.05935742,1.00016396,2.299073e-4,58
0.05937558,1.00014526,2.332112e-4,91
0.05940977,0.99944937,2.304241e-4,78
0.05941136,0.99932669,2.288831e-4,63
0.05941945,0.99981848,2.307944e-4,83
0.05941949,1.00018261,2.280321e-4,73
0.05946150,1.00021247,2.279028e-4,88
0.05952081,1.00023094,2.271950e-4,60
0.05954851,1.00029865,2.324981e-4,49
0.05955110,1.00025763,2.280098e-4,75
0.05955535,0.99980986,2.309103e-4,46
0.05955744,0.99976673,2.287530e-4,65
0.05956150,0.99954250,2.283101e-4,70
0.05956738,1.00031873,2.305268e-4,85
0.05961360,0.99998802,2.318055e-4,57
0.05962887,1.00001870,2.303161e-4,90
0.05967657,0.99979646,2.283399e-4,62
0.05968343,0.99994707,2.305296e-4,77
0.05968825,0.99958135,2.340538e-4,82
0.05969416,0.99994773,2.297068e-4,72
0.05969811,0.99976973,2.303005e-4,67
0.05972225,1.00018187,2.293277e-4,87
0.05975641,1.00008487,2.295241e-4,51
0.05978068,1.00036722,2.280535e-4,59
0.05978079,1.00007326,2.315994e-4,48
0.05981785,0.99995322,2.300952e-4,79
0.05982577,0.99992823,2.271540e-4,74
0.05983316,0.99998384,2.297863e-4,84
0.05983485,1.00042056,2.279586e-4,69
0.05986692,1.00018143,2.320370e-4,56
0.05994019,0.99963958,2.276847e-4,61
0.05995324,0.99972912,2.319694e-4,53
0.05995758,1.00012876,2.289289e-4,76
0.05996880,0.99992992,2.293928e-4,66
0.05998442,0.99962800,2.292178e-4,86
0.05999442,1.00041654,2.297013e-4,50
0.05999869,0.99972978,2.415942e-4,44
0.06001012,0.99971160,2.306872e-4,47
0.06003850,1.00028986,2.299576e-4,58
0.06005667,1.00019739,2.332498e-4,91
0.06009085,1.00010501,2.304784e-4,78
0.06009244,0.99977475,2.289319e-4,63
0.06010053,1.00002549,2.308783e-4,83
0.06010057,0.99994232,2.279874e-4,73
0.06014258,1.00031708,2.279056e-4,88
0.06020199,1.00048227,2.272174e-4,60
0.06023227,0.99980188,2.279806e-4,75
0.06023634,1.00001142,2.309750e-4,46
0.06023842,1.00046853,2.288152e-4,65
0.06024258,1.00012708,2.283585e-4,70
0.06024846,1.00034064,2.305484e-4,85
0.06029468,0.99977069,2.317655e-4,57
0.06030996,0.99985239,2.303367e-4,90
0.06035765,1.00004446,2.283762e-4,62
0.06036450,0.99984587,2.304906e-4,77
0.06036933,1.00011898,2.340746e-4,82
0.06037534,0.99963241,2.296573e-4,72
0.06037928,1.00021969,2.303927e-4,67
0.06040333,1.00001188,2.292953e-4,87
0.06043750,1.00015219,2.295419e-4,51
0.06045961,1.00019497,2.334085e-4,45
0.06046176,1.00023289,2.280487e-4,59
0.06046198,1.00009906,2.316164e-4,48
0.06049893,1.00013819,2.301097e-4,79
0.06051424,0.99966212,2.297372e-4,84
0.06051593,1.00007243,2.278876e-4,69
0.06054800,0.99975219,2.319934e-4,56
0.06062137,1.00011352,2.277560e-4,61
0.06063443,1.00014954,2.320169e-4,53
0.06064972,0.99979504,2.313490e-4,71
0.06064998,1.00003075,2.294155e-4,66
0.06066550,1.00001272,2.292450e-4,86
0.06067561,1.00035700,2.297099e-4,50
0.06067988,0.99994155,2.415662e-4,44
0.06069121,1.00009905,2.307139e-4,47
0.06071959,0.99968684,2.299465e-4,58
0.06077193,1.00025082,2.304896e-4,78
0.06077362,1.00002630,2.289614e-4,63
0.06078161,1.00001603,2.308399e-4,83
0.06078175,1.00005461,2.280157e-4,73
0.06082366,0.99997716,2.278652e-4,88
0.06088307,0.99983658,2.271613e-4,60
0.06091079,1.00008171,2.324546e-4,49
0.06091335,0.99970974,2.279664e-4,75
0.06091753,0.99973300,2.309209e-4,46
0.06091950,0.99988401,2.287490e-4,65
0.06092366,0.99976555,2.283229e-4,70
0.06092954,1.00029270,2.304778e-4,85
0.06097586,1.00008113,2.317777e-4,57
0.06099094,0.99958889,2.303439e-4,90
0.06103883,1.00020598,2.284015e-4,62
0.06104568,0.99982793,2.304709e-4,77
0.06105041,1.00025065,2.342160e-4,82
0.06105642,1.00027864,2.296895e-4,72
0.06106036,0.99955615,2.303757e-4,67
0.06108431,0.99954107,2.292320e-4,87
0.06111868,1.00024802,2.295640e-4,51
0.06114080,0.99982686,2.333571e-4,45
0.06114284,0.99950086,2.279827e-4,59
0.06114297,1.00029797,2.316472e-4,48
0.06117991,1.00031913,2.302316e-4,79
0.06118803,1.00016220,2.272008e-4,74
0.06119542,0.99978638,2.297335e-4,84
0.06119711,1.00011758,2.278639e-4,69
0.06122909,1.00028537,2.320483e-4,56
0.06130235,1.00028705,2.277937e-4,61
0.06131551,1.00054883,2.320651e-4,53
0.06131984,1.00020734,2.288773e-4,76
0.06133080,0.99980079,2.312504e-4,71
0.06133106,0.99975313,2.293977e-4,66
0.06134648,0.99972781,2.292325e-4,86
0.06135670,0.99977469,2.296686e-4,50
0.06136097,0.99984391,2.415476e-4,44
0.06137230,1.00016699,2.307244e-4,47
0.06140067,0.99964249,2.299894e-4,58
0.06141873,0.99990304,2.333032e-4,91
0.06145310,0.99978909,2.304367e-4,78
0.06145470,0.99950327,2.289068e-4,63
0.06146279,1.00021385,2.308888e-4,83
0.06146283,0.99958647,2.280069e-4,73
0.06150474,1.00003918,2.278677e-4,88
0.06156415,1.00023679,2.271999e-4,60
0.06159178,1.00025781,2.324605e-4,49
0.06159433,1.00035128,2.280664e-4,75
0.06159862,0.99978720,2.309330e-4,46
0.06160068,1.00057090,2.288062e-4,65
0.06160484,0.99991848,2.283375e-4,70
0.06161062,1.00013984,2.305502e-4,85
0.06167212,0.99925242,2.303499e-4,90
0.06171991,1.00008793,2.284014e-4,62
0.06172676,1.00036677,2.304976e-4,77
0.06173159,1.00004431,2.341736e-4,82
0.06173759,1.00010638,2.296551e-4,72
0.06174144,1.00008963,2.304740e-4,67
0.06176539,0.99969528,2.292242e-4,87
0.06179977,1.00017345,2.295729e-4,51
0.06182402,1.00003755,2.280392e-4,59
0.06182406,0.99969629,2.315906e-4,48
0.06186108,0.99954669,2.300685e-4,79
0.06186910,0.99965608,2.271574e-4,74
0.06187640,0.99996918,2.297268e-4,84
0.06187818,1.00008616,2.278582e-4,69
0.06198343,0.99995084,2.277879e-4,61
0.06199650,1.00004501,2.320260e-4,53
0.06200091,0.99963261,2.288029e-4,76
0.06201197,0.99990758,2.311540e-4,71
0.06201223,0.99998525,2.294875e-4,66
0.06202766,1.00000677,2.292706e-4,86
0.06204207,0.99963541,2.415256e-4,44
0.06205339,1.00012608,2.307110e-4,47
0.06208175,0.99990995,2.300597e-4,58
0.06213418,0.99983925,2.304353e-4,78
0.06213578,0.99986772,2.289380e-4,63
0.06214376,1.00015443,2.308663e-4,83
0.06214400,0.99966367,2.280227e-4,73
0.06218582,0.99996917,2.278583e-4,88
0.06224533,1.00001146,2.271797e-4,60
0.06227287,1.00017831,2.324337e-4,49
0.06227541,0.99993959,2.280481e-4,75
0.06227981,1.00017694,2.310129e-4,46
0.06228176,0.99961210,2.287009e-4,65
0.06228591,1.00023079,2.283722e-4,70
0.06229170,0.99981578,2.305211e-4,85
0.06233803,1.00048218,2.317851e-4,57
0.06235320,1.00021188,2.304756e-4,90
0.06240099,1.00009913,2.284038e-4,62
0.06240784,1.00013049,2.304440e-4,77
0.06241256,0.99979386,2.342811e-4,82
0.06241867,0.99983299,2.295999e-4,72
0.06242262,1.00003023,2.305091e-4,67
0.06244657,0.99997826,2.292139e-4,87
0.06248076,0.99976326,2.295408e-4,51
0.06250298,1.00020546,2.333380e-4,45
0.06250510,0.99940114,2.279828e-4,59
0.06250515,0.99994140,2.316199e-4,48
0.06254216,0.99981439,2.301947e-4,79
0.06255028,1.00014341,2.272063e-4,74
0.06255748,0.99940702,2.296558e-4,84
0.06255926,1.00028318,2.278400e-4,69
0.06259135,1.00001091,2.320260e-4,56
0.06266461,1.00002008,2.278164e-4,61
0.06267758,0.99989028,2.320295e-4,53
0.06268209,0.99950822,2.287674e-4,76
0.06269305,1.00004560,2.310677e-4,71
0.06269331,0.99998727,2.294430e-4,66
0.06270874,0.99955248,2.292093e-4,86
0.06271877,0.99962071,2.296828e-4,50
0.06272316,1.00001292,2.415582e-4,44
0.06273448,1.00011914,2.307141e-4,47
0.06276283,1.00005221,2.301222e-4,58
0.06278100,1.00041213,2.334425e-4,91
0.06281516,1.00000717,2.304473e-4,78
0.06281686,0.99984031,2.289203e-4,63
0.06282484,0.99986746,2.308402e-4,83
0.06282508,0.99983849,2.280726e-4,73
0.06286700,0.99986021,2.278441e-4,88
0.06292631,0.99989758,2.271713e-4,60
0.06295395,1.00018868,2.324167e-4,49
0.06295658,0.99992464,2.280320e-4,75
0.06296090,1.00036274,2.310468e-4,46
0.06296284,0.99996663,2.287361e-4,65
0.06296689,1.00014351,2.283661e-4,70
0.06297278,0.99991520,2.305358e-4,85
0.06301911,1.00010570,2.317374e-4,57
0.06303429,0.99977412,2.304764e-4,90
0.06308891,1.00015008,2.304299e-4,77
0.06309364,1.00056996,2.344076e-4,82
0.06309965,0.99992024,2.295837e-4,72
0.06310370,1.00025677,2.305744e-4,67
0.06312765,1.00023717,2.292071e-4,87
0.06316194,0.99982043,2.295686e-4,51
0.06318618,1.00015183,2.280644e-4,59
0.06318634,1.00012379,2.316443e-4,48
0.06322334,1.00015304,2.302266e-4,79
0.06323136,1.00019524,2.272186e-4,74
0.06323866,1.00008833,2.297002e-4,84
0.06334569,1.00017878,2.278640e-4,61
0.06335877,1.00020809,2.320754e-4,53
0.06336317,1.00013192,2.288138e-4,76
0.06337403,0.99981432,2.309418e-4,71
0.06337439,1.00024792,2.294750e-4,66
0.06338982,0.99976706,2.292683e-4,86
0.06339996,0.99974214,2.297080e-4,50
0.06340425,1.00023115,2.415833e-4,44
0.06341567,1.00017509,2.307203e-4,47
0.06344401,1.00013467,2.301684e-4,58
0.06346218,0.99986021,2.334425e-4,91
0.06349634,0.99975238,2.304237e-4,78
0.06349794,0.99969278,2.289062e-4,63
0.06350592,0.99991176,2.308415e-4,83
0.06350616,0.99978129,2.280763e-4,73
0.06354808,1.00026473,2.278819e-4,88
0.06360739,1.00021951,2.272080e-4,60
0.06363514,1.00003155,2.323861e-4,49
0.06363766,0.99974293,2.280692e-4,75
0.06364200,0.99968921,2.309465e-4,46
0.06364402,0.99992900,2.287190e-4,65
0.06364807,1.00010909,2.283682e-4,70
0.06365396,1.00032081,2.305776e-4,85
0.06371547,0.99982359,2.305146e-4,90
0.06376325,1.00051092,2.284573e-4,62
0.06376999,1.00000641,2.303892e-4,77
0.06378467,0.99981680,2.305663e-4,67
0.06380883,1.00036389,2.291791e-4,87
0.06384303,0.99989113,2.295891e-4,51
0.06386527,1.00041103,2.333178e-4,45
0.06386737,1.00008847,2.280642e-4,59
0.06386743,1.00012038,2.316404e-4,48
0.06390442,1.00024206,2.302442e-4,79
0.06391243,1.00007933,2.272195e-4,74
0.06391974,1.00000904,2.296662e-4,84
0.06392142,1.00001265,2.277522e-4,69
0.06402677,1.00000056,2.278691e-4,61
0.06403985,1.00016797,2.320905e-4,53
0.06404424,1.00006588,2.287961e-4,76
0.06405520,0.99990242,2.308443e-4,71
0.06405557,0.99958234,2.294147e-4,66
0.06407100,0.99982486,2.292955e-4,86
0.06408105,0.99974653,2.297211e-4,50
0.06408534,1.00000198,2.415731e-4,44
0.06409676,1.00014840,2.307228e-4,47
0.06412510,1.00027365,2.302274e-4,58
0.06414327,0.99975745,2.334837e-4,91
0.06417741,1.00011190,2.304613e-4,78
0.06417902,0.99975955,2.288990e-4,63
0.06418710,0.99973108,2.308230e-4,83
0.06422917,1.00031218,2.278886e-4,88
0.06428847,0.99977441,2.271721e-4,60
0.06431623,1.00004253,2.323755e-4,49
0.06431874,0.99974394,2.281004e-4,75
0.06432309,0.99982374,2.309841e-4,46
0.06432509,0.99999019,2.287152e-4,65
0.06432915,1.00033883,2.283996e-4,70
0.06433504,1.00028972,2.305677e-4,85
0.06438128,0.99978361,2.316836e-4,57
0.06439655,0.99996987,2.305710e-4,90
0.06444433,1.00036306,2.284510e-4,62
0.06445107,0.99984557,2.303489e-4,77
0.06445590,0.99954422,2.343976e-4,82
0.06446190,1.00004695,2.295348e-4,72
0.06446585,0.99991881,2.306103e-4,67
0.06448991,1.00016376,2.291118e-4,87
0.06452412,0.99997558,2.296116e-4,51
0.06454626,1.00017582,2.332724e-4,45
0.06454845,0.99990880,2.280576e-4,59
0.06454862,1.00001566,2.316360e-4,48
0.06458549,1.00027457,2.302506e-4,79
0.06459361,0.99977690,2.271729e-4,74
0.06460082,1.00006983,2.296465e-4,84
0.06463460,1.00013695,2.320257e-4,56
0.06470785,1.00001146,2.278959e-4,61
0.06472094,0.99980757,2.320674e-4,53
0.06472522,1.00029103,2.288065e-4,76
0.06473628,1.00016108,2.307649e-4,71
0.06473655,0.99988863,2.294815e-4,66
0.06475208,0.99926428,2.292650e-4,86
0.06476224,1.00027799,2.297922e-4,50
0.06477785,0.99999155,2.306972e-4,47
0.06480618,0.99994814,2.302299e-4,58
0.06482435,1.00005110,2.335664e-4,91
0.06485849,1.00000373,2.304567e-4,78
0.06486818,0.99989307,2.308309e-4,83
0.06486831,1.00042936,2.282131e-4,73
0.06491035,1.00034224,2.278955e-4,88
0.06496965,0.99984515,2.271820e-4,60
0.06499732,1.00016728,2.323623e-4,49
0.06499991,1.00016378,2.281623e-4,75
0.06500428,0.99989001,2.310185e-4,46
0.06500617,0.99960126,2.286702e-4,65
0.06501022,1.00014746,2.283922e-4,70
0.06501612,1.00021719,2.305641e-4,85
0.06506236,1.00009436,2.317126e-4,57
0.06507764,0.99994493,2.306056e-4,90
0.06512541,0.99994803,2.284157e-4,62
0.06513215,0.99956181,2.302911e-4,77
0.06513698,0.99986979,2.345277e-4,82
0.06514298,0.99994830,2.294997e-4,72
0.06514693,0.99976159,2.306206e-4,67
0.06517109,1.00037848,2.290917e-4,87
0.06520530,0.99992630,2.296185e-4,51
0.06522735,0.99981017,2.332166e-4,45
0.06522971,1.00014346,2.316436e-4,48
0.06526667,0.99938917,2.301661e-4,79
0.06527459,0.99995827,2.272239e-4,74
0.06528200,1.00001628,2.296142e-4,84
0.06528367,0.99997959,2.277264e-4,69
0.06531568,1.00012779,2.320195e-4,56
0.06538903,0.99996530,2.279151e-4,61
0.06540212,0.99998573,2.321071e-4,53
0.06540640,1.00008262,2.287573e-4,76
0.06541736,0.99972400,2.306256e-4,71
0.06541763,1.00020634,2.294919e-4,66
0.06543316,0.99987198,2.293528e-4,86
0.06544332,0.99996525,2.297805e-4,50
0.06544763,1.00008297,2.416261e-4,44
0.06545904,1.00041021,2.307366e-4,47
0.06548736,1.00038220,2.303100e-4,58
0.06550553,1.00024255,2.336470e-4,91
0.06554128,1.00003703,2.288999e-4,63
0.06554936,1.00006075,2.308334e-4,83
0.06554939,1.00015100,2.282359e-4,73
0.06559143,0.99982230,2.278513e-4,88
0.06565074,0.99964387,2.271610e-4,60
0.06567851,0.99979153,2.323050e-4,49
0.06568099,1.00007879,2.281874e-4,75
0.06568527,1.00042033,2.310411e-4,46
0.06568715,1.00028343,2.287315e-4,65
0.06569140,0.99994691,2.283859e-4,70
0.06569720,1.00017654,2.305528e-4,85
0.06574354,0.99968502,2.316640e-4,57
0.06580649,1.00038058,2.284655e-4,62
0.06581332,0.99995995,2.303054e-4,77
0.06581806,1.00031980,2.346318e-4,82
0.06582415,1.00032894,2.295067e-4,72
0.06582801,0.99975863,2.306434e-4,67
0.06585217,0.99981117,2.289833e-4,87
0.06588639,0.99980832,2.296221e-4,51
0.06590854,0.99981972,2.331929e-4,45
0.06591061,0.99991923,2.280677e-4,59
0.06591080,0.99969805,2.315953e-4,48
0.06595567,0.99999293,2.272016e-4,74
0.06599687,0.99995423,2.319875e-4,56
0.06607011,0.99994113,2.279444e-4,61
0.06608321,1.00002092,2.321310e-4,53
0.06608748,0.99987809,2.287486e-4,76
0.06609854,0.99984097,2.305383e-4,71
0.06609880,0.99966491,2.294392e-4,66
0.06612441,0.99999023,2.298015e-4,50
0.06612872,0.99975771,2.416263e-4,44
0.06614013,1.00002988,2.306995e-4,47
0.06618661,0.99992964,2.336773e-4,91
0.06622075,1.00027643,2.305010e-4,78
0.06623044,0.99996944,2.308094e-4,83
0.06623056,0.99985654,2.281946e-4,73
0.06627241,0.99992540,2.278712e-4,88
0.06635960,1.00000414,2.323066e-4,49
0.06636207,1.00011489,2.282172e-4,75
0.06636636,1.00040105,2.310440e-4,46
0.06636833,1.00016707,2.287094e-4,65
0.06637248,1.00004453,2.284109e-4,70
0.06637838,0.99988109,2.305168e-4,85
0.06642462,0.99989817,2.316839e-4,57
0.06643980,0.99982581,2.306739e-4,90
0.06648757,0.99993307,2.284188e-4,62
0.06649440,0.99979683,2.302711e-4,77
0.06650523,1.00016928,2.294714e-4,72
0.06650919,1.00049643,2.307396e-4,67
0.06653315,0.99962850,2.289138e-4,87
0.06656748,0.99996724,2.296553e-4,51
0.06658963,0.99979697,2.331785e-4,45
0.06659169,1.00012707,2.280937e-4,59
0.06659189,0.99981810,2.315939e-4,48
0.06663684,0.99989024,2.272044e-4,74
0.06664583,0.99969112,2.276493e-4,69
0.06667795,0.99998760,2.319781e-4,56
0.06675109,0.99972290,2.279527e-4,61
0.06676429,0.99978658,2.321264e-4,53
0.06676855,1.00001527,2.287638e-4,76
0.06677961,1.00048730,2.305047e-4,71
0.06677988,0.99982636,2.294543e-4,66
0.06679532,1.00027214,2.294562e-4,86
0.06680560,0.99978138,2.298074e-4,50
0.06680991,0.99981750,2.416650e-4,44
0.06682112,1.00046446,2.307305e-4,47
0.06684942,1.00003714,2.303497e-4,58
0.06686760,0.99986796,2.337425e-4,91
0.06690192,1.00006966,2.304881e-4,78
0.06690343,0.99974045,2.288336e-4,63
0.06691152,0.99978110,2.307808e-4,83
0.06691164,0.99993039,2.282396e-4,73
0.06695349,1.00000807,2.278886e-4,88
0.06701300,0.99987922,2.271972e-4,60
0.06704058,1.00026749,2.323109e-4,49
0.06704314,0.99965459,2.281976e-4,75
0.06704755,0.99984682,2.310289e-4,46
0.06704941,1.00022948,2.287084e-4,65
0.06705355,0.99984474,2.284042e-4,70
0.06705936,0.99966423,2.304894e-4,85
0.06710571,1.00008842,2.316997e-4,57
0.06712088,0.99978826,2.307108e-4,90
0.06716865,0.99957267,2.283920e-4,62
0.06717548,1.00000961,2.302608e-4,77
0.06718031,1.00001790,2.347271e-4,82
0.06718631,1.00025835,2.294518e-4,72
0.06719026,0.99969217,2.306744e-4,67
0.06721424,0.99986752,2.288843e-4,87
0.06724856,1.00011310,2.296868e-4,51
0.06727083,1.00023290,2.331987e-4,45
0.06727277,0.99984660,2.280732e-4,59
0.06727297,1.00002877,2.316078e-4,48
0.06730990,0.99990427,2.302183e-4,79
0.06731792,1.00008172,2.272294e-4,74
0.06732523,1.00009813,2.295428e-4,84
0.06732701,1.00012805,2.276448e-4,69
0.06735903,0.99994200,2.319567e-4,56
0.06743227,0.99953655,2.279514e-4,61
0.06744973,1.00005118,2.287619e-4,76
0.06746069,1.00026871,2.303942e-4,71
0.06746096,1.00009037,2.294864e-4,66
0.06747640,1.00005115,2.294519e-4,86
0.06748659,1.00073971,2.299127e-4,50
0.06749101,1.00002351,2.417414e-4,44
0.06750231,0.99962301,2.306563e-4,47
0.06753061,1.00051890,2.304163e-4,58
0.06754878,0.99990726,2.338146e-4,91
0.06758300,1.00003382,2.304986e-4,78
0.06758451,0.99963460,2.288068e-4,63
0.06759250,1.00026812,2.308080e-4,83
0.06759272,1.00024995,2.283021e-4,73
0.06763467,1.00008786,2.279052e-4,88
0.06769408,0.99981410,2.271941e-4,60
0.06772177,0.99988082,2.322546e-4,49
0.06772422,1.00000157,2.282655e-4,75
0.06772864,0.99957832,2.309737e-4,46
0.06773049,0.99964457,2.286426e-4,65
0.06773473,1.00011154,2.284505e-4,70
0.06774044,1.00022176,2.305356e-4,85
0.06778689,0.99977074,2.316757e-4,57
0.06780197,1.00059747,2.308240e-4,90
0.06785665,1.00012363,2.302545e-4,77
0.06786129,1.00018252,2.348071e-4,82
0.06787134,1.00012706,2.307298e-4,67
0.06789542,0.99999918,2.288413e-4,87
0.06792965,0.99979621,2.296678e-4,51
0.06795192,0.99983535,2.331425e-4,45
0.06795406,0.99994081,2.315954e-4,48
0.06799098,0.99991763,2.302219e-4,79
0.06799900,1.00011509,2.272860e-4,74
0.06800631,0.99994124,2.295017e-4,84
0.06804022,1.00012181,2.319515e-4,56
0.06811335,0.99982419,2.280013e-4,61
0.06812647,0.99981900,2.321723e-4,53
0.06813081,0.99986807,2.287375e-4,76
0.06814187,1.00018587,2.302915e-4,71
0.06814204,0.99992183,2.294694e-4,66
0.06815758,1.00033657,2.295242e-4,86
0.06816767,0.99986885,2.298505e-4,50
0.06817200,0.99987113,2.417533e-4,44
0.06818340,1.00020519,2.307133e-4,47
0.06821169,0.99979493,2.303724e-4,58
0.06822986,1.00005953,2.339006e-4,91
0.06826398,1.00001880,2.305149e-4,78
0.06826569,1.00000179,2.288210e-4,63
0.06827367,1.00008031,2.307685e-4,83
0.06827390,0.99983065,2.282913e-4,73
0.06831575,0.99976259,2.278825e-4,88
0.06837506,0.99992303,2.272063e-4,60
0.06840286,0.99996222,2.322376e-4,49
0.06840973,1.00051114,2.310700e-4,46
0.06841167,1.00001089,2.286764e-4,65
0.06841571,0.99983434,2.284421e-4,70
0.06842162,0.99992040,2.304955e-4,85
0.06846787,1.00025045,2.317289e-4,57
0.06848315,1.00011468,2.308197e-4,90
0.06853091,0.99983575,2.284268e-4,62
0.06853773,0.99990087,2.302054e-4,77
0.06854247,1.00037978,2.348873e-4,82
0.06854846,0.99989217,2.293670e-4,72
0.06855252,0.99936471,2.306631e-4,67
0.06857650,1.00003798,2.287886e-4,87
0.06861074,0.99989542,2.296945e-4,51
0.06863301,0.99968517,2.331159e-4,45
0.06863504,1.00013524,2.281103e-4,59
0.06863515,1.00047580,2.316324e-4,48
0.06867206,0.99999047,2.301304e-4,79
0.06868007,0.99966512,2.272222e-4,74
0.06868739,1.00048977,2.296102e-4,84
0.06868906,0.99980768,2.275818e-4,69
0.06872130,0.99976172,2.318985e-4,56
0.06880755,0.99964545,2.321756e-4,53
0.06882284,0.99981192,2.301742e-4,71
0.06882322,0.99951983,2.294558e-4,66
0.06883866,0.99958762,2.294933e-4,86
0.06884876,1.00000173,2.298817e-4,50
0.06885309,0.99993307,2.418148e-4,44
0.06886449,1.00010462,2.306951e-4,47
0.06889277,1.00049752,2.304594e-4,58
0.06891095,0.99983067,2.339606e-4,91
0.06894506,1.00011857,2.305452e-4,78
0.06895475,0.99983472,2.307198e-4,83
0.06895497,1.00001087,2.283442e-4,73
0.06899693,0.99992506,2.279162e-4,88
0.06905624,0.99994692,2.272138e-4,60
0.06908395,1.00028683,2.322538e-4,49
0.06908648,1.00011899,2.283425e-4,75
0.06909092,1.00019414,2.310719e-4,46
0.06909275,0.99998460,2.286636e-4,65
0.06909679,0.99993621,2.284736e-4,70
0.06910270,0.99983845,2.304721e-4,85
0.06914895,0.99972700,2.316938e-4,57
0.06916423,1.00042808,2.308824e-4,90
0.06921209,1.00017389,2.284638e-4,62
0.06921871,1.00011905,2.302075e-4,77
0.06922355,0.99982838,2.348920e-4,82
0.06922954,0.99989197,2.293652e-4,72
0.06923350,1.00001298,2.307281e-4,67
0.06925758,1.00013054,2.287392e-4,87
0.06929183,0.99981525,2.297066e-4,51
0.06931420,1.00006836,2.331403e-4,45
0.06931622,0.99982152,2.280862e-4,59
0.06931634,1.00041635,2.316073e-4,48
0.06935324,0.99980989,2.301871e-4,79
0.06936125,0.99974567,2.272360e-4,74
0.06936847,0.99987742,2.295248e-4,84
0.06937024,1.00014881,2.276101e-4,69
0.06940228,1.00003663,2.319062e-4,56
0.06947561,0.99989147,2.280546e-4,61
0.06948874,1.00009454,2.322478e-4,53
0.06949306,0.99977587,2.287439e-4,76
0.06950392,1.00038532,2.301483e-4,71
0.06950430,1.00042526,2.295200e-4,66
0.06951974,1.00010445,2.296021e-4,86
0.06952995,0.99994257,2.298936e-4,50
0.06953429,0.99947689,2.418254e-4,44
0.06954568,1.00025520,2.307089e-4,47
0.06957395,1.00016798,2.304388e-4,58
0.06959213,0.99992068,2.340451e-4,91
0.06962623,0.99959082,2.305085e-4,78
0.06962785,0.99987995,2.287667e-4,63
0.06963593,1.00006861,2.307127e-4,83
0.06963595,0.99966231,2.283416e-4,73
0.06967802,0.99969811,2.279062e-4,88
0.06973732,0.99968850,2.271911e-4,60
0.06976514,0.99984336,2.321878e-4,49
0.06976755,1.00010335,2.283775e-4,75
0.06977201,1.00005370,2.310652e-4,46
0.06977382,0.99994743,2.286521e-4,65
0.06977796,1.00006263,2.285091e-4,70
0.06978378,0.99982057,2.304543e-4,85
0.06983014,1.00036805,2.317713e-4,57
0.06984541,0.99989944,2.308746e-4,90
0.06989317,0.99986940,2.284373e-4,62
0.06989989,1.00006479,2.301811e-4,77
0.06990463,1.00016246,2.349019e-4,82
0.06991062,1.00053555,2.293899e-4,72
0.06991458,0.99996712,2.307271e-4,67
0.06993876,0.99992228,2.286612e-4,87
0.06997301,1.00000561,2.297403e-4,51
0.06999730,1.00025621,2.281362e-4,59
0.06999743,0.99999139,2.315504e-4,48
0.07003431,1.00014846,2.302379e-4,79
0.07004233,0.99989073,2.273063e-4,74
0.07004965,0.99999728,2.294361e-4,84
0.07005132,1.00001453,2.275580e-4,69
0.07008337,0.99998768,2.318740e-4,56
0.07015669,0.99994671,2.280804e-4,61
0.07016982,1.00021205,2.322810e-4,53
0.07017404,0.99995013,2.287499e-4,76
0.07018510,0.99989666,2.300246e-4,71
0.07018527,1.00008663,2.294793e-4,66
0.07020092,1.00019520,2.296576e-4,86
0.07021104,0.99993244,2.299165e-4,50
0.07021538,0.99998270,2.420056e-4,44
0.07022677,1.00004147,2.306904e-4,47
0.07025503,0.99987891,2.304171e-4,58
0.07027321,1.00008070,2.341518e-4,91
0.07030731,0.99959958,2.305333e-4,78
0.07030893,0.99995274,2.287463e-4,63
0.07031701,0.99950693,2.306306e-4,83
0.07031703,0.99974042,2.283803e-4,73
0.07035910,0.99996992,2.279427e-4,88
0.07041850,0.99972897,2.271959e-4,60
0.07044623,1.00002276,2.321854e-4,49
0.07044863,0.99982645,2.283847e-4,75
0.07045310,1.00048464,2.310994e-4,46
0.07045500,1.00014692,2.286676e-4,65
0.07045904,0.99977676,2.285054e-4,70
0.07046496,0.99965116,2.303858e-4,85
0.07051122,0.99977348,2.317318e-4,57
0.07052650,0.99995551,2.309179e-4,90
0.07057415,1.00022299,2.284741e-4,62
0.07058096,0.99973864,2.301294e-4,77
0.07058581,0.99996516,2.350175e-4,82
0.07059179,0.99983088,2.293093e-4,72
0.07059565,0.99990422,2.307124e-4,67
0.07061984,0.99971623,2.285864e-4,87
0.07065410,1.00031648,2.297827e-4,51
0.07067628,1.00029707,2.331392e-4,45
0.07067828,0.99978259,2.280941e-4,59
0.07067852,1.00024442,2.315562e-4,48
0.07071539,0.99998171,2.302201e-4,79
0.07072340,1.00009512,2.273030e-4,74
0.07073073,0.99938917,2.293567e-4,84
0.07076455,1.00010473,2.318618e-4,56
0.07083787,1.00021777,2.281239e-4,61
0.07085091,0.99979316,2.322557e-4,53
0.07085511,0.99980683,2.287597e-4,76
0.07086618,0.99999350,2.299666e-4,71
0.07086645,0.99995582,2.294649e-4,66
0.07088200,1.00028003,2.297019e-4,86
0.07089212,0.99966027,2.299101e-4,50
0.07089647,0.99983955,2.420077e-4,44
0.07090796,0.99992659,2.306758e-4,47
0.07093612,0.99979561,2.304112e-4,58
0.07095430,1.00001355,2.342251e-4,91
0.07098839,0.99991085,2.305917e-4,78
0.07099001,0.99997044,2.287292e-4,63
0.07099809,0.99978060,2.306236e-4,83
0.07099820,0.99983866,2.284229e-4,73
0.07104028,1.00015836,2.279776e-4,88
0.07109958,1.00001750,2.272270e-4,60
0.07113598,1.00021412,2.286649e-4,65
0.07114012,0.99992437,2.285448e-4,70
0.07114604,1.00010445,2.304519e-4,85
0.07119230,0.99977857,2.317549e-4,57
0.07120758,1.00014978,2.309741e-4,90
0.07125523,0.99989453,2.284423e-4,62
0.07126204,0.99995978,2.301365e-4,77
0.07126688,1.00005249,2.350758e-4,82
0.07127287,0.99990597,2.292958e-4,72
0.07127683,1.00030016,2.307477e-4,67
0.07130092,1.00028226,2.285879e-4,87
0.07133519,0.99972076,2.297433e-4,51
0.07135748,1.00061455,2.331621e-4,45
0.07135936,0.99976518,2.280917e-4,59
0.07135971,0.99992261,2.315015e-4,48
0.07139657,0.99965930,2.300886e-4,79
0.07140448,1.00005511,2.273495e-4,74
0.07141181,0.99979246,2.293689e-4,84
0.07144563,1.00000938,2.318191e-4,56
0.07151895,0.99954433,2.280725e-4,61
0.07153199,0.99992812,2.322929e-4,53
0.07153629,1.00013614,2.287971e-4,76
0.07154725,1.00021356,2.299209e-4,71
0.07154753,0.99985590,2.294466e-4,66
0.07156318,1.00029152,2.297566e-4,86
0.07157331,0.99983917,2.299421e-4,50
0.07157766,0.99982162,2.420529e-4,44
0.07158905,1.00011762,2.306964e-4,47
0.07161730,0.99973673,2.304032e-4,58
0.07163538,1.00012536,2.343208e-4,91
0.07166957,1.00011341,2.306348e-4,78
0.07167109,0.99982177,2.286917e-4,63
0.07167927,0.99983265,2.305906e-4,83
0.07167928,0.99962268,2.284346e-4,73
0.07172126,1.00003565,2.279842e-4,88
0.07178066,0.99981096,2.272113e-4,60
0.07180850,1.00003358,2.321542e-4,49
0.07181088,0.99999301,2.284647e-4,75
0.07181529,0.99987138,2.310483e-4,46
0.07181706,1.00023423,2.286622e-4,65
0.07182130,0.99991283,2.285680e-4,70
0.07182712,1.00018535,2.304427e-4,85
0.07187348,1.00030011,2.318309e-4,57
0.07188856,0.99994618,2.309857e-4,90
0.07193641,1.00006624,2.284646e-4,62
0.07194322,0.99988532,2.301191e-4,77
0.07194806,1.00006952,2.351238e-4,82
0.07195395,0.99936654,2.292288e-4,72
0.07195791,0.99995961,2.307062e-4,67
0.07203857,0.99984449,2.330836e-4,45
0.07204054,0.99992281,2.281127e-4,59
0.07204080,0.99961603,2.314483e-4,48
0.07207755,1.00009062,2.302198e-4,79
0.07208556,0.99997779,2.273167e-4,74
0.07209299,0.99994223,2.293622e-4,84
0.07209465,1.00027109,2.275510e-4,69
0.07212682,1.00042206,2.318338e-4,56
0.07219993,0.99993125,2.281243e-4,61
0.07221318,0.99951792,2.322782e-4,53
0.07221737,0.99984234,2.287597e-4,76
0.07222843,0.99994961,2.298352e-4,71
0.07222861,0.99997826,2.294591e-4,66
0.07224416,1.00011107,2.297660e-4,86
0.07225440,1.00044002,2.300141e-4,50
0.07225876,1.00002394,2.421387e-4,44
0.07227004,1.00017772,2.306987e-4,47
0.07229828,0.99997955,2.304169e-4,58
0.07235064,0.99994272,2.306434e-4,78
0.07235227,0.99992612,2.286796e-4,63
0.07236036,0.99946131,2.284457e-4,73
0.07240234,1.00011468,2.280061e-4,88
0.07246184,0.99989030,2.272167e-4,60
0.07248959,1.00016825,2.321462e-4,49
0.07249186,1.00028393,2.285243e-4,75
0.07249638,0.99991659,2.310471e-4,46
0.07250237,0.99956581,2.285738e-4,70
0.07250820,0.99992384,2.303984e-4,85
0.07255457,0.99959904,2.317967e-4,57
0.07256974,0.99996604,2.310239e-4,90
0.07261749,1.00021938,2.284816e-4,62
0.07262429,1.00044315,2.301564e-4,77
0.07262914,0.99990403,2.351494e-4,82
0.07263513,0.99996233,2.292761e-4,72
0.07263899,1.00002063,2.306960e-4,67
0.07266308,0.99977660,2.284336e-4,87
0.07269746,0.99988498,2.297847e-4,51
0.07271966,1.00009855,2.331035e-4,45
0.07272163,1.00008782,2.281319e-4,59
0.07272179,1.00040331,2.314991e-4,48
0.07275863,1.00027719,2.301396e-4,79
0.07276664,0.99953510,2.273258e-4,74
0.07277397,1.00006946,2.294334e-4,84
0.07277573,0.99940349,2.274497e-4,69
0.07280790,1.00007817,2.317677e-4,56
0.07288101,0.99998444,2.281421e-4,61
0.07289416,1.00009959,2.323494e-4,53
0.07289845,1.00003688,2.288039e-4,76
0.07290951,0.99990948,2.297819e-4,71
0.07290979,0.99998681,2.294584e-4,66
0.07292524,0.99977385,2.298152e-4,86
0.07293539,1.00010645,2.299994e-4,50
0.07293985,1.00018805,2.422245e-4,44
0.07295113,0.99962295,2.306499e-4,47
0.07297936,1.00008407,2.304049e-4,58
0.07299755,1.00041290,2.345326e-4,91
0.07303182,1.00036347,2.307120e-4,78
0.07303335,0.99981457,2.286491e-4,63
0.07304143,0.99991334,2.305189e-4,83
0.07304153,0.99985494,2.285130e-4,73
0.07308352,0.99994073,2.280068e-4,88
0.07314293,0.99965752,2.271943e-4,60
0.07317058,0.99983939,2.320963e-4,49
0.07317294,1.00003810,2.285329e-4,75
0.07317747,1.00015189,2.310319e-4,46
0.07317932,0.99953935,2.285833e-4,65
0.07318928,0.99989678,2.303852e-4,85
0.07323565,1.00018349,2.318822e-4,57
0.07325083,0.99977755,2.310416e-4,90
0.07329867,0.99990903,2.284594e-4,62
0.07330537,1.00004392,2.301048e-4,77
0.07331022,0.99969997,2.351755e-4,82
0.07331620,0.99928638,2.292009e-4,72
0.07334416,0.99989179,2.283921e-4,87
0.07340085,1.00022371,2.331043e-4,45
0.07340271,1.00044217,2.281679e-4,59
0.07340298,1.00056732,2.314895e-4,48
0.07343980,1.00025948,2.302276e-4,79
0.07344781,1.00012894,2.273585e-4,74
0.07345680,1.00004758,2.274896e-4,69
0.07348898,0.99970339,2.317054e-4,56
0.07356219,0.99986289,2.281359e-4,61
0.07357525,1.00002980,2.323663e-4,53
0.07357952,1.00043418,2.288531e-4,76
0.07359059,0.99979231,2.297189e-4,71
0.07359087,0.99988225,2.294433e-4,66
0.07360632,1.00035757,2.299180e-4,86
0.07361657,0.99979594,2.299803e-4,50
0.07362094,0.99944690,2.423016e-4,44
0.07366054,1.00017482,2.303995e-4,58
0.07367863,0.99999370,2.345836e-4,91
0.07371280,0.99979485,2.306831e-4,78
0.07371453,0.99986826,2.286301e-4,63
0.07372250,0.99986182,2.304680e-4,83
0.07372261,1.00002050,2.285779e-4,73
0.07376460,0.99999577,2.280287e-4,88
0.07382391,1.00001072,2.272226e-4,60
0.07385177,1.00012510,2.321123e-4,49
0.07385412,0.99983648,2.285446e-4,75
0.07385866,1.00043800,2.310919e-4,46
0.07386040,0.99964413,2.285891e-4,65
0.07386453,0.99983193,2.286501e-4,70
0.07387036,1.00002019,2.303782e-4,85
0.07391663,1.00001127,2.318986e-4,57
0.07393201,0.99982960,2.310805e-4,90
0.07398655,0.99965327,2.300581e-4,77
0.07399120,0.99991743,2.351902e-4,82
0.07399718,0.99986736,2.292481e-4,72
0.07400124,1.00013110,2.306869e-4,67
0.07402534,0.99997751,2.283453e-4,87
0.07405953,0.99959651,2.297789e-4,51
0.07408194,1.00001018,2.330794e-4,45
0.07408389,0.99960197,2.280874e-4,59
0.07408407,1.00026720,2.314308e-4,48
0.07412088,0.99976569,2.300789e-4,79
0.07412889,0.99955277,2.273125e-4,74
0.07413623,1.00040484,2.293589e-4,84
0.07413788,1.00029040,2.275072e-4,69
0.07417017,0.99968875,2.316739e-4,56
0.07424327,0.99971435,2.281322e-4,61
0.07425643,1.00004647,2.323827e-4,53
0.07426070,1.00034634,2.288243e-4,76
0.07427166,1.00022691,2.297232e-4,71
0.07427194,1.00003298,2.295101e-4,66
0.07428750,1.00015404,2.299495e-4,86
0.07429766,0.99947451,2.299582e-4,50
0.07430203,0.99983486,2.423802e-4,44
0.07431341,0.99981788,2.306640e-4,47
0.07434163,0.99979774,2.303385e-4,58
0.07435981,0.99985845,2.346660e-4,91
0.07439387,1.00040484,2.307777e-4,78
0.07439551,0.99965470,2.285920e-4,63
0.07440358,0.99989010,2.304272e-4,83
0.07440369,1.00003190,2.286288e-4,73
0.07444569,1.00014496,2.280666e-4,88
0.07450509,1.00016354,2.272453e-4,60
0.07453286,0.99983929,2.320699e-4,49
0.07453519,0.99999506,2.285881e-4,75
0.07453975,0.99976555,2.309992e-4,46
0.07454147,0.99979471,2.285985e-4,65
0.07454561,0.99971760,2.286696e-4,70
0.07455154,0.99957527,2.303139e-4,85
0.07459782,1.00016668,2.319509e-4,57
0.07461309,1.00006350,2.311348e-4,90
0.07466083,0.99968161,2.284453e-4,62
0.07466753,1.00021953,2.301026e-4,77
0.07467238,1.00015903,2.352389e-4,82
0.07467836,1.00053806,2.293127e-4,72
0.07468222,0.99995227,2.306497e-4,67
0.07470642,1.00058120,2.283635e-4,87
0.07474072,1.00019167,2.298511e-4,51
0.07476303,1.00023987,2.330998e-4,45
0.07476497,1.00030282,2.281609e-4,59
0.07476516,0.99988313,2.313606e-4,48
0.07480196,0.99996197,2.300926e-4,79
0.07480997,0.99997210,2.273634e-4,74
0.07481731,1.00002109,2.293041e-4,84
0.07481896,0.99980310,2.274461e-4,69
0.07485125,1.00002262,2.316760e-4,56
0.07492445,1.00015390,2.281753e-4,61
0.07493752,1.00001181,2.323912e-4,53
0.07494178,1.00020797,2.288492e-4,76
0.07495274,1.00035505,2.296966e-4,71
0.07495302,0.99978564,2.294257e-4,66
0.07496858,0.99993086,2.299604e-4,86
0.07497875,0.99996033,2.300150e-4,50
0.07498313,0.99957963,2.423908e-4,44
0.07502271,0.99989343,2.303155e-4,58
0.07504090,0.99985842,2.347574e-4,91
0.07507495,1.00025444,2.307898e-4,78
0.07507659,0.99962904,2.285716e-4,63
0.07508466,1.00007683,2.303888e-4,83
0.07508477,1.00036521,2.286480e-4,73
0.07512687,1.00001086,2.280676e-4,88
0.07518617,1.00002881,2.272271e-4,60
0.07521395,0.99999002,2.320687e-4,49
0.07521627,0.99990793,2.286045e-4,75
0.07522084,1.00018458,2.310132e-4,46
0.07522265,1.00010953,2.286291e-4,65
0.07522668,1.00028281,2.287579e-4,70
0.07523262,1.00002096,2.303399e-4,85
0.07527890,0.99984703,2.319578e-4,57
0.07529417,1.00023339,2.311767e-4,90
0.07534201,1.00010952,2.284952e-4,62
0.07534860,1.00018944,2.300918e-4,77
0.07535345,0.99985559,2.352049e-4,82
0.07535943,1.00038744,2.292958e-4,72
0.07536340,1.00007665,2.306476e-4,67
0.07538750,0.99943397,2.282081e-4,87
0.07542181,1.00002050,2.298429e-4,51
0.07544423,0.99963171,2.330337e-4,45
0.07544624,1.00011848,2.313492e-4,48
0.07548304,0.99995004,2.301837e-4,79
0.07549114,1.00009193,2.273861e-4,74
0.07549839,0.99947646,2.292407e-4,84
0.07550004,1.00020333,2.274491e-4,69
0.07553223,0.99998273,2.316428e-4,56
0.07560554,1.00030408,2.281875e-4,61
0.07561860,0.99967085,2.323786e-4,53
0.07562275,0.99970115,2.288108e-4,76
0.07563382,1.00012005,2.296450e-4,71
0.07564976,0.99955036,2.299919e-4,86
0.07565994,1.00024681,2.300507e-4,50
0.07566432,1.00013103,2.425488e-4,44
0.07567569,0.99994024,2.306846e-4,47
0.07570389,0.99985464,2.302804e-4,58
0.07572198,0.99982027,2.348424e-4,91
0.07575613,1.00002533,2.307993e-4,78
0.07575767,1.00011369,2.285976e-4,63
0.07576574,1.00018248,2.303500e-4,83
0.07576584,1.00021357,2.286561e-4,73
0.07580795,0.99992369,2.280773e-4,88
0.07586725,1.00008974,2.272307e-4,60
0.07589513,1.00007703,2.320706e-4,49
0.07589745,1.00013192,2.286494e-4,75
0.07590203,0.99975365,2.310032e-4,46
0.07590373,1.00048779,2.286616e-4,65
0.07590776,0.99999162,2.287586e-4,70
0.07591370,1.00060765,2.303809e-4,85
0.07595998,1.00015222,2.320262e-4,57
0.07597536,0.99959678,2.311477e-4,90
0.07602299,0.99987759,2.284785e-4,62
0.07602978,1.00010449,2.300820e-4,77
0.07603463,1.00007662,2.353239e-4,82
0.07604051,1.00059282,2.293199e-4,72
0.07604448,1.00003346,2.306293e-4,67
0.07606859,1.00026574,2.282479e-4,87
0.07610299,0.99979753,2.298322e-4,51
0.07612522,0.99978453,2.330496e-4,45
0.07612713,1.00014765,2.281435e-4,59
0.07612743,1.00003643,2.313074e-4,48
0.07616421,0.99987444,2.300744e-4,79
0.07617212,0.99998278,2.273893e-4,74
0.07617946,1.00011906,2.293690e-4,84
0.07618121,0.99978918,2.274242e-4,69
0.07621342,1.00018460,2.316344e-4,56
0.07628662,1.00036853,2.281899e-4,61
0.07629979,1.00008935,2.324356e-4,53
0.07630393,0.99995001,2.288429e-4,76
0.07631489,1.00005932,2.296219e-4,71
0.07631518,0.99967107,2.294035e-4,66
0.07633084,1.00007288,2.300700e-4,86
0.07634102,1.00028609,2.300567e-4,50
0.07634541,1.00029998,2.426340e-4,44
0.07635678,1.00046584,2.307252e-4,47
0.07638497,1.00016098,2.302817e-4,58
0.07640306,0.99978570,2.349289e-4,91
0.07643721,1.00053557,2.308758e-4,78
0.07643885,0.99987319,2.285561e-4,63
0.07644692,1.00034790,2.286917e-4,73
0.07644692,1.00028843,2.303066e-4,83
0.07648903,0.99979006,2.280826e-4,88
0.07657622,0.99978845,2.320252e-4,49
0.07657852,1.00027340,2.286821e-4,75
0.07658302,0.99998426,2.310203e-4,46
0.07658471,1.00033233,2.286435e-4,65
0.07658894,0.99979206,2.287745e-4,70
0.07659488,0.99993511,2.302994e-4,85
0.07664116,0.99966696,2.320216e-4,57
0.07665644,1.00014024,2.312246e-4,90
0.07670407,0.99989039,2.284898e-4,62
0.07671086,1.00023773,2.300908e-4,77
0.07671571,0.99981228,2.352438e-4,82
0.07672159,0.99990601,2.292553e-4,72
0.07672556,1.00016073,2.306264e-4,67
0.07674977,0.99999727,2.281825e-4,87
0.07678408,0.99984494,2.298380e-4,51
0.07680631,1.00027980,2.330942e-4,45
0.07680821,0.99979963,2.281097e-4,59
0.07680852,1.00009045,2.312739e-4,48
0.07684529,0.99980834,2.301534e-4,79
0.07685320,1.00031732,2.274501e-4,74
0.07686064,0.99975839,2.292513e-4,84
0.07686229,0.99969501,2.274055e-4,69
0.07689450,0.99984162,2.315731e-4,56
0.07696780,1.00041753,2.281873e-4,61
0.07698087,1.00007282,2.324466e-4,53
0.07698501,1.00027491,2.288816e-4,76
0.07699607,0.99972586,2.295742e-4,71
0.07699626,0.99970967,2.294081e-4,66
0.07701192,0.99983208,2.300921e-4,86
0.07702650,1.00024615,2.426707e-4,44
0.07703787,1.00041185,2.307259e-4,47
0.07706605,0.99979948,2.302093e-4,58
0.07708425,1.00026862,2.350698e-4,91
0.07711828,0.99945361,2.308045e-4,78
0.07711993,1.00006838,2.285606e-4,63
0.07712800,1.00006202,2.287193e-4,73
0.07712800,0.99969608,2.301898e-4,83
0.07717001,1.00005146,2.281267e-4,88
0.07722951,1.00045434,2.272574e-4,60
0.07725741,1.00013735,2.320538e-4,49
0.07725960,0.99997735,2.286666e-4,75
0.07727001,1.00048466,2.288779e-4,70
0.07727596,0.99940477,2.302314e-4,85
0.07732225,1.00019763,2.321196e-4,57
0.07733742,1.00002236,2.312370e-4,90
0.07738515,0.99993042,2.285031e-4,62
0.07739194,1.00022564,2.300940e-4,77
0.07739679,1.00017589,2.353714e-4,82
0.07740277,1.00002144,2.292919e-4,72
0.07740663,0.99995223,2.305868e-4,67
0.07743075,0.99997192,2.281476e-4,87
0.07746517,1.00021576,2.298773e-4,51
0.07748750,0.99993821,2.330612e-4,45
0.07748930,0.99972874,2.281011e-4,59
0.07748961,0.99979140,2.312141e-4,48
0.07753427,1.00055962,2.274966e-4,74
0.07754337,1.00043141,2.274613e-4,69
0.07757558,1.00011889,2.315728e-4,56
0.07764888,1.00008992,2.281423e-4,61
0.07766196,0.99976715,2.324200e-4,53
0.07766609,1.00000193,2.288615e-4,76
0.07767715,0.99997692,2.295916e-4,71
0.07767744,0.99992872,2.294276e-4,66
0.07769290,0.99996793,2.301688e-4,86
0.07770320,0.99998919,2.300256e-4,50
0.07770770,1.00013106,2.427263e-4,44
0.07774714,1.00023355,2.302147e-4,58
0.07776523,0.99977508,2.351029e-4,91
0.07779946,1.00013426,2.308999e-4,78
0.07780111,1.00006417,2.285424e-4,63
0.07780908,0.99962945,2.301254e-4,83
0.07780917,0.99945872,2.286523e-4,73
0.07785119,0.99971480,2.281109e-4,88
0.07791059,1.00014816,2.272216e-4,60
0.07793850,0.99922428,2.319617e-4,49
0.07794068,0.99998261,2.286891e-4,75
0.07794697,1.00028385,2.286349e-4,65
0.07795109,0.99994013,2.288591e-4,70
0.07795714,0.99952970,2.302198e-4,85
0.07800343,0.99993716,2.321334e-4,57
0.07801860,1.00038306,2.312958e-4,90
0.07806633,1.00004195,2.285221e-4,62
0.07807311,1.00018392,2.300887e-4,77
0.07807797,1.00003029,2.353715e-4,82
0.07808384,0.99961929,2.292473e-4,72
0.07808781,1.00045087,2.306205e-4,67
0.07814635,1.00055714,2.299127e-4,51
0.07816859,1.00023001,2.330898e-4,45
0.07817048,1.00027457,2.281541e-4,59
0.07817070,1.00058075,2.312419e-4,48
0.07820745,1.00009760,2.301706e-4,79
0.07821545,0.99989122,2.274323e-4,74
0.07822280,0.99992674,2.293293e-4,84
0.07822445,1.00040493,2.274680e-4,69
0.07825677,0.99995621,2.315308e-4,56
0.07832986,1.00018799,2.281334e-4,61
0.07834295,1.00006951,2.324601e-4,53
0.07834726,1.00008054,2.288749e-4,76
0.07835823,1.00006312,2.295853e-4,71
0.07835851,1.00037240,2.294698e-4,66
0.07837408,1.00010719,2.302262e-4,86
0.07838429,1.00025639,2.300476e-4,50
0.07838879,1.00016064,2.427957e-4,44
0.07840005,1.00021801,2.307141e-4,47
0.07842822,1.00004451,2.301541e-4,58
0.07844631,0.99996972,2.352025e-4,91
0.07848054,0.99982325,2.309026e-4,78
0.07848219,1.00006719,2.285349e-4,63
0.07849025,0.99981117,2.286841e-4,73
0.07849026,0.99952197,2.300607e-4,83
0.07853227,0.99984402,2.281361e-4,88
0.07861949,0.99975583,2.320070e-4,49
0.07862175,1.00002205,2.286963e-4,75
0.07862639,1.00010850,2.310169e-4,46
0.07862805,0.99966060,2.285371e-4,65
0.07863227,1.00043476,2.289416e-4,70
0.07863811,0.99967528,2.302205e-4,85
0.07868451,1.00010300,2.321908e-4,57
0.07869969,0.99997492,2.312795e-4,90
0.07874741,1.00004927,2.285323e-4,62
0.07875419,1.00029460,2.301067e-4,77
0.07875905,1.00000063,2.353021e-4,82
0.07876492,1.00035221,2.293329e-4,72
0.07876889,1.00003479,2.305673e-4,67
0.07879301,0.99989320,2.280818e-4,87
0.07882734,0.99981155,2.298461e-4,51
0.07884968,1.00000188,2.330629e-4,45
0.07885156,0.99978764,2.281020e-4,59
0.07885179,1.00014395,2.311638e-4,48
0.07888852,1.00004457,2.301543e-4,79
0.07889653,0.99974378,2.273963e-4,74
0.07890388,0.99999551,2.292561e-4,84
0.07890562,0.99997528,2.274175e-4,69
0.07893785,1.00002792,2.315111e-4,56
0.07901104,0.99950961,2.280536e-4,61
0.07902413,1.00021546,2.324761e-4,53
0.07902834,0.99942063,2.288196e-4,76
0.07903940,1.00030134,2.296088e-4,71
0.07903959,0.99978334,2.294361e-4,66
0.07905516,0.99997018,2.302222e-4,86
0.07906538,0.99955213,2.299810e-4,50
0.07906978,1.00006192,2.428517e-4,44
0.07908114,0.99987235,2.306743e-4,47
0.07910930,1.00005949,2.301184e-4,58
0.07912750,0.99972788,2.352619e-4,91
0.07916152,1.00014273,2.309562e-4,78
0.07916326,1.00011198,2.285295e-4,63
0.07917124,1.00026935,2.300700e-4,83
0.07917133,0.99975837,2.286911e-4,73
0.07921345,0.99995456,2.281590e-4,88
0.07927285,0.99998361,2.271911e-4,60
0.07930058,1.00043581,2.320710e-4,49
0.07930283,0.99985896,2.286874e-4,75
0.07930748,1.00000604,2.309971e-4,46
0.07930923,1.00051402,2.286492e-4,65
0.07931325,1.00026756,2.289635e-4,70
0.07931919,0.99978321,2.302130e-4,85
0.07938077,0.99989303,2.312961e-4,90
0.07942859,0.99987516,2.285243e-4,62
0.07943537,1.00033052,2.301151e-4,77
0.07944610,1.00043224,2.293509e-4,72
0.07944997,1.00009466,2.305594e-4,67
0.07947409,0.99978645,2.280377e-4,87
0.07953088,0.99997015,2.330640e-4,45
0.07953264,0.99979533,2.281020e-4,59
0.07953288,0.99991892,2.311042e-4,48
0.07956960,1.00006803,2.300582e-4,79
0.07958496,1.00012045,2.292690e-4,84
0.07958660,0.99978235,2.273953e-4,69
0.07961893,1.00018423,2.315093e-4,56
0.07969212,0.99952986,2.280332e-4,61
0.07970952,0.99998485,2.288754e-4,76
0.07972038,0.99984443,2.295673e-4,71
0.07972077,1.00013338,2.294485e-4,66
0.07973624,1.00006852,2.302954e-4,86
0.07974646,0.99956827,2.299650e-4,50
0.07975087,0.99950219,2.429320e-4,44
0.07976233,0.99985550,2.306736e-4,47
0.07979038,0.99976046,2.300486e-4,58
0.07980858,0.99986375,2.353480e-4,91
0.07984424,1.00044965,2.285515e-4,63
0.07985231,1.00041630,2.300275e-4,83
0.07985251,1.00054958,2.287745e-4,73
0.07989454,0.99986997,2.281693e-4,88
0.07995383,1.00005922,2.271959e-4,60
0.07998176,1.00030473,2.320501e-4,49
0.07998391,0.99981271,2.286828e-4,75
0.07998868,0.99984431,2.309332e-4,46
0.07999030,1.00035399,2.286369e-4,65
0.07999432,1.00034520,2.290079e-4,70
0.08000027,1.00026246,2.302429e-4,85
0.08004658,1.00023718,2.322908e-4,57
0.08006195,0.99995457,2.313095e-4,90
0.08010967,1.00013373,2.285634e-4,62
0.08011634,0.99980031,2.300767e-4,77
0.08012120,0.99986446,2.352896e-4,82
0.08012707,0.99977034,2.293028e-4,72
0.08013115,1.00052172,2.305873e-4,67
0.08015517,0.99961388,2.280071e-4,87
0.08018961,1.00006476,2.298660e-4,51
0.08021197,1.00043452,2.330975e-4,45
0.08021372,1.00013257,2.281353e-4,59
0.08021407,1.00037089,2.311114e-4,48
0.08025078,0.99975649,2.301157e-4,79
0.08025878,0.99998489,2.274208e-4,74
0.08026604,0.99962563,2.292188e-4,84
0.08026778,0.99957309,2.273441e-4,69
0.08030012,0.99986590,2.314567e-4,56
0.08037320,1.00025886,2.280816e-4,61
0.08038640,1.00010308,2.324743e-4,53
0.08039059,1.00033231,2.289149e-4,76
0.08040146,0.99999255,2.295842e-4,71
0.08040185,0.99974781,2.294120e-4,66
0.08041742,1.00004425,2.303268e-4,86
0.08042765,1.00001790,2.300052e-4,50
0.08044342,0.99953843,2.306450e-4,47
0.08047157,1.00004047,2.300358e-4,58
0.08048966,1.00027568,2.354473e-4,91
0.08052377,1.00032472,2.310295e-4,78
0.08052542,1.00046979,2.285389e-4,63
0.08053348,0.99963197,2.286935e-4,73
0.08053349,1.00021535,2.299460e-4,83
0.08057562,0.99969123,2.281574e-4,88
0.08063502,0.99952215,2.271371e-4,60
0.08066509,1.00000782,2.287011e-4,75
0.08066977,0.99962001,2.309453e-4,46
0.08067138,0.99996026,2.285993e-4,65
0.08067540,1.00033517,2.290436e-4,70
0.08068145,1.00001288,2.301993e-4,85
0.08072776,1.00017952,2.323265e-4,57
0.08074303,1.00010237,2.313477e-4,90
0.08079075,1.00025979,2.285892e-4,62
0.08079742,1.00007235,2.301187e-4,77
0.08080228,0.99978712,2.353592e-4,82
0.08080815,1.00046071,2.293879e-4,72
0.08081212,0.99992893,2.305161e-4,67
0.08083635,1.00035431,2.280636e-4,87
0.08087070,1.00002463,2.298629e-4,51
0.08089306,1.00016511,2.330761e-4,45
0.08089490,0.99970140,2.280888e-4,59
0.08089516,0.99963899,2.309965e-4,48
0.08093186,1.00006049,2.301413e-4,79
0.08093986,0.99954266,2.273934e-4,74
0.08094886,1.00012557,2.274029e-4,69
0.08098110,1.00028756,2.314750e-4,56
0.08105438,1.00020692,2.280553e-4,61
0.08106749,1.00018286,2.324708e-4,53
0.08107167,0.99972339,2.288539e-4,76
0.08108253,1.00007966,2.296046e-4,71
0.08108283,1.00043272,2.294839e-4,66
0.08109850,0.99992751,2.303331e-4,86
0.08110874,1.00022831,2.300162e-4,50
0.08112451,0.99967664,2.306592e-4,47
0.08115265,1.00002884,2.299982e-4,58
0.08117085,1.00017657,2.355068e-4,91
0.08120485,0.99989246,2.310156e-4,78
0.08120650,0.99990918,2.284820e-4,63
0.08121456,1.00020148,2.287527e-4,73
0.08121457,1.00037825,2.299035e-4,83
0.08125680,0.99981423,2.281894e-4,88
0.08131610,1.00047707,2.272271e-4,60
0.08134394,1.00023215,2.320356e-4,49
0.08134616,0.99989357,2.286824e-4,75
0.08135086,1.00006033,2.309772e-4,46
0.08135256,1.00012103,2.286179e-4,65
0.08135658,1.00018590,2.290675e-4,70
0.08136253,0.99966178,2.301480e-4,85
0.08142412,1.00004137,2.313494e-4,90
0.08147173,0.99997325,2.285702e-4,62
0.08147850,0.99982460,2.301078e-4,77
0.08148336,0.99996875,2.352989e-4,82
0.08148933,1.00017100,2.293774e-4,72
0.08149320,1.00000828,2.305199e-4,67
0.08151743,0.99961602,2.279791e-4,87
0.08155179,1.00013921,2.298615e-4,51
0.08157415,0.99997572,2.330519e-4,45
0.08157588,0.99979231,2.280857e-4,59
0.08157625,0.99984859,2.309799e-4,48
0.08162084,1.00008058,2.274403e-4,74
0.08162830,1.00031095,2.293724e-4,84
0.08162993,1.00056310,2.274549e-4,69
0.08166218,0.99974237,2.314055e-4,56
0.08173546,1.00009230,2.280146e-4,61
0.08174857,0.99975475,2.324289e-4,53
0.08175265,0.99988313,2.288819e-4,76
0.08176371,0.99961797,2.295720e-4,71
0.08176400,1.00026403,2.294619e-4,66
0.08177958,1.00008196,2.303741e-4,86
0.08178983,0.99955094,2.299280e-4,50
0.08179435,1.00000259,2.431296e-4,44
0.08180570,0.99958445,2.306493e-4,47
0.08185193,0.99986822,2.355323e-4,91
0.08188593,0.99986012,2.310405e-4,78
0.08188758,1.00027621,2.285142e-4,63
0.08189565,1.00011413,2.298203e-4,83
0.08189574,1.00041665,2.288161e-4,73
0.08193788,1.00011169,2.282261e-4,88
0.08199718,1.00001433,2.271750e-4,60
0.08202513,0.99984410,2.320036e-4,49
0.08202734,1.00009576,2.286881e-4,75
0.08203205,0.99941893,2.308935e-4,46
0.08203364,1.00015271,2.286188e-4,65
0.08203766,1.00003905,2.290877e-4,70
0.08209002,0.99995518,2.323896e-4,57
0.08210530,1.00024831,2.313826e-4,90
0.08215291,0.99987210,2.285722e-4,62
0.08215968,1.00001565,2.301451e-4,77
0.08216454,0.99999610,2.353685e-4,82
0.08217041,0.99981724,2.293608e-4,72
0.08217438,0.99987714,2.305034e-4,67
0.08219851,0.99975185,2.279842e-4,87
0.08223297,0.99920194,2.297714e-4,51
0.08225524,0.99997019,2.330490e-4,45
0.08225697,0.99981423,2.280861e-4,59
0.08225744,1.00008509,2.309708e-4,48
0.08229411,0.99967305,2.299925e-4,79
0.08230201,0.99986514,2.274099e-4,74
0.08230938,0.99996911,2.292595e-4,84
0.08231101,1.00029823,2.274172e-4,69
0.08241654,0.99960098,2.279344e-4,61
0.08242976,0.99975421,2.324136e-4,53
0.08243383,0.99978063,2.288654e-4,76
0.08244479,0.99991104,2.296122e-4,71
0.08246076,1.00031499,2.304381e-4,86
0.08247101,1.00014872,2.299820e-4,50
0.08247544,1.00015040,2.431207e-4,44
0.08248679,0.99969545,2.306585e-4,47
0.08251491,1.00013777,2.299287e-4,58
0.08253301,1.00011274,2.356027e-4,91
0.08256710,0.99989091,2.310656e-4,78
0.08256876,1.00014884,2.285034e-4,63
0.08257673,0.99990028,2.297649e-4,83
0.08257681,0.99996233,2.287325e-4,73
0.08261886,0.99981656,2.282056e-4,88
0.08267826,1.00016258,2.271840e-4,60
0.08270622,0.99942084,2.319592e-4,49
0.08270842,0.99996153,2.286666e-4,75
0.08271304,1.00010608,2.309336e-4,46
0.08271462,0.99979580,2.285848e-4,65
0.08271873,1.00000092,2.291082e-4,70
0.08272479,0.99988060,2.301384e-4,85
0.08277111,1.00011508,2.324416e-4,57
0.08278628,0.99997258,2.313602e-4,90
0.08283399,1.00015631,2.286134e-4,62
0.08284075,0.99988808,2.301539e-4,77
0.08284562,1.00024089,2.353072e-4,82
0.08285148,0.99995455,2.293960e-4,72
0.08285546,0.99966804,2.304783e-4,67
0.08287959,0.99977775,2.279826e-4,87
0.08291406,0.99988549,2.298234e-4,51
0.08293633,1.00029835,2.330761e-4,45
0.08293815,1.00039505,2.281425e-4,59
0.08293853,0.99984907,2.309057e-4,48
0.08297509,1.00025220,2.300394e-4,79
0.08298309,0.99990778,2.273693e-4,74
0.08299056,1.00013589,2.292811e-4,84
0.08299219,1.00038737,2.274484e-4,69
0.08302445,0.99962553,2.313718e-4,56
0.08309762,0.99997063,2.279468e-4,61
0.08311084,0.99990692,2.324154e-4,53
0.08311490,1.00012095,2.288953e-4,76
0.08312587,1.00002322,2.296433e-4,71
0.08314174,0.99991475,2.304216e-4,86
0.08315210,1.00007919,2.299543e-4,50
0.08315654,1.00003316,2.431374e-4,44
0.08316778,0.99993721,2.306820e-4,47
0.08319589,1.00014895,2.298990e-4,58
0.08321410,0.99969703,2.356058e-4,91
0.08324818,1.00000040,2.310963e-4,78
0.08324984,1.00025175,2.285126e-4,63
0.08325789,0.99983014,2.287164e-4,73
0.08325791,1.00013743,2.297091e-4,83
0.08329994,1.00006870,2.282337e-4,88
0.08335944,1.00023645,2.271833e-4,60
0.08338731,0.99964322,2.319815e-4,49
0.08338939,1.00021461,2.286602e-4,75
0.08339413,1.00023376,2.309453e-4,46
0.08339580,0.99999141,2.286089e-4,65
0.08340587,1.00008373,2.301421e-4,85
0.08345219,0.99983697,2.324523e-4,57
0.08346737,1.00021946,2.313896e-4,90
0.08351517,1.00041420,2.286541e-4,62
0.08352183,1.00000514,2.301854e-4,77
0.08353266,0.99967592,2.293919e-4,72
0.08353654,1.00026747,2.305398e-4,67
0.08356067,0.99966280,2.279703e-4,87
0.08359525,1.00022164,2.298519e-4,51
0.08361743,1.00007130,2.330575e-4,45
0.08361923,1.00018434,2.281135e-4,59
0.08361952,1.00026945,2.309088e-4,48
0.08365617,1.00003881,2.301105e-4,79
0.08366417,1.00003468,2.273847e-4,74
0.08367164,0.99974129,2.292511e-4,84
0.08367327,1.00007130,2.274090e-4,69
0.08370553,1.00038641,2.314383e-4,56
0.08377870,1.00011746,2.279270e-4,61
0.08379203,1.00012251,2.324201e-4,53
0.08379608,1.00009829,2.288923e-4,76
0.08380734,1.00026946,2.295381e-4,66
0.08382282,1.00001901,2.304353e-4,86
0.08383309,1.00026009,2.299609e-4,50
0.08383773,1.00017974,2.431762e-4,44
0.08384897,1.00002422,2.306954e-4,47
0.08387698,0.99981659,2.298281e-4,58
0.08389518,0.99988324,2.356578e-4,91
0.08392926,0.99951512,2.310669e-4,78
0.08393102,1.00030612,2.285172e-4,63
0.08393899,0.99972396,2.296096e-4,83
0.08393907,0.99993408,2.287256e-4,73
0.08398112,1.00029328,2.282588e-4,88
0.08404052,0.99992364,2.271494e-4,60
0.08406839,1.00007245,2.320250e-4,49
0.08407047,0.99991317,2.286093e-4,75
0.08407532,0.99976140,2.308891e-4,46
0.08407688,0.99982795,2.286006e-4,65
0.08408099,0.99976087,2.291568e-4,70
0.08408685,1.00004778,2.301229e-4,85
0.08413337,0.99989759,2.324896e-4,57
0.08414855,1.00007669,2.313759e-4,90
0.08419625,1.00010430,2.286371e-4,62
0.08420301,0.99990295,2.302000e-4,77
0.08420777,1.00014610,2.352731e-4,82
0.08421374,1.00033682,2.294736e-4,72
0.08421771,0.99977037,2.305018e-4,67
0.08424175,1.00014167,2.280206e-4,87
0.08427623,1.00007691,2.298284e-4,51
0.08429862,0.99995324,2.330390e-4,45
0.08430031,0.99961556,2.280526e-4,59
0.08433724,0.99985557,2.299830e-4,79
0.08434534,1.00004329,2.273973e-4,74
0.08435262,1.00004291,2.292860e-4,84
0.08435444,0.99956128,2.273749e-4,69
0.08438672,1.00056006,2.314504e-4,56
0.08445978,0.99992646,2.278775e-4,61
0.08447291,1.00004365,2.323901e-4,53
0.08447716,0.99978497,2.288564e-4,76
0.08448812,1.00027266,2.297101e-4,71
0.08450390,0.99977001,2.304380e-4,86
0.08451428,1.00016527,2.299320e-4,50
0.08451872,0.99989798,2.431741e-4,44
0.08453006,1.00029505,2.307141e-4,47
0.08455806,1.00005272,2.298212e-4,58
0.08457626,1.00004288,2.356959e-4,91
0.08461034,0.99998966,2.311318e-4,78
0.08461210,1.00024425,2.285141e-4,63
0.08461997,0.99999817,2.296080e-4,83
0.08462014,1.00001500,2.287227e-4,73
0.08466221,1.00043776,2.282729e-4,88
0.08472160,1.00004877,2.271562e-4,60
0.08474948,0.99972122,2.319933e-4,49
0.08475165,0.99994259,2.285813e-4,75
0.08475795,0.99970558,2.285908e-4,65
0.08476197,1.00011503,2.292271e-4,70
0.08476803,0.99988801,2.300962e-4,85
0.08481435,0.99942755,2.324812e-4,57
0.08482963,1.00039881,2.314023e-4,90
0.08487733,1.00016890,2.286534e-4,62
0.08488409,0.99954368,2.301989e-4,77
0.08488885,1.00002435,2.353212e-4,82
0.08489481,1.00008380,2.294729e-4,72
0.08489879,0.99991986,2.305211e-4,67
0.08492284,1.00001252,2.280099e-4,87
0.08495732,0.99989352,2.297968e-4,51
0.08497971,1.00006041,2.330413e-4,45
0.08498149,1.00019409,2.281057e-4,59
0.08498179,0.99969356,2.307865e-4,48
0.08501842,0.99969664,2.299649e-4,79
0.08502642,1.00023948,2.273996e-4,74
0.08503380,0.99974572,2.292675e-4,84
0.08503542,1.00009149,2.274268e-4,69
0.08506780,0.99978581,2.313671e-4,56
0.08514086,0.99989415,2.278430e-4,61
0.08515410,0.99986610,2.323559e-4,53
0.08515823,1.00005403,2.288821e-4,76
0.08516910,0.99973051,2.296805e-4,71
0.08516960,1.00019087,2.294981e-4,66
0.08518508,0.99996918,2.304573e-4,86
0.08519536,1.00002066,2.299067e-4,50
0.08519981,0.99981394,2.431809e-4,44
0.08521115,0.99957453,2.306462e-4,47
0.08523924,0.99985972,2.297729e-4,58
0.08525745,1.00007367,2.357045e-4,91
0.08529141,1.00018401,2.311655e-4,78
0.08529308,0.99975408,2.284708e-4,63
0.08530115,1.00004884,2.295335e-4,83
0.08530122,1.00059500,2.287804e-4,73
0.08534329,0.99985153,2.282107e-4,88
0.08543057,0.99988994,2.320122e-4,49
0.08543273,1.00009106,2.285659e-4,75
0.08543750,1.00003584,2.309454e-4,46
0.08543913,1.00037855,2.286585e-4,65
0.08544314,1.00014915,2.292609e-4,70
0.08544911,1.00003185,2.300963e-4,85
0.08549544,0.99968893,2.325392e-4,57
0.08551071,0.99967557,2.313286e-4,90
0.08555851,1.00034593,2.286833e-4,62
0.08556506,0.99977484,2.302489e-4,77
0.08556993,1.00043009,2.352628e-4,82
0.08557579,0.99969479,2.294580e-4,72
0.08557997,0.99976241,2.305219e-4,67
0.08560402,0.99982408,2.280028e-4,87
0.08563841,1.00002048,2.297922e-4,51
0.08566080,0.99952534,2.329912e-4,45
0.08566257,1.00020871,2.281004e-4,59
0.08566288,1.00023962,2.307991e-4,48
0.08569950,1.00049807,2.301299e-4,79
0.08570750,1.00000626,2.273691e-4,74
0.08571487,1.00005448,2.293024e-4,84
0.08574888,0.99961369,2.313543e-4,56
0.08582204,0.99974895,2.277911e-4,61
0.08583518,0.99971276,2.323130e-4,53
0.08583941,1.00012991,2.288776e-4,76
0.08585027,0.99997291,2.297360e-4,71
0.08585067,1.00026226,2.295424e-4,66
0.08586616,0.99977712,2.304669e-4,86
0.08587645,1.00012772,2.299030e-4,50
0.08588091,1.00023066,2.432422e-4,44
0.08589234,1.00030270,2.307158e-4,47
0.08592032,0.99989129,2.297443e-4,58
0.08593853,1.00012542,2.357164e-4,91
0.08597249,0.99962192,2.311254e-4,78
0.08597416,1.00012226,2.285116e-4,63
0.08598220,0.99995067,2.287034e-4,73
0.08598222,1.00025873,2.295083e-4,83
0.08602447,0.99979109,2.282097e-4,88
0.08608376,1.00038956,2.271786e-4,60
0.08611390,0.99980838,2.285030e-4,75
0.08611869,1.00009196,2.309479e-4,46
0.08612021,1.00028965,2.286567e-4,65
0.08612422,0.99975070,2.292556e-4,70
0.08613019,1.00000593,2.300813e-4,85
0.08617652,1.00053932,2.326409e-4,57
0.08619180,0.99992139,2.313427e-4,90
0.08623959,0.99988002,2.286509e-4,62
0.08624624,0.99991894,2.302933e-4,77
0.08625101,0.99966178,2.352453e-4,82
0.08625697,0.99984517,2.294946e-4,72
0.08626085,1.00028127,2.305898e-4,67
0.08628510,0.99995696,2.280282e-4,87
0.08631960,1.00000233,2.297841e-4,51
0.08634199,1.00000439,2.330254e-4,45
0.08634365,1.00012648,2.280866e-4,59
0.08634407,0.99972780,2.307163e-4,48
0.08638058,1.00018515,2.300942e-4,79
0.08638868,1.00022038,2.273740e-4,74
0.08639595,1.00044918,2.293494e-4,84
0.08639758,1.00049540,2.274655e-4,69
0.08642997,0.99963413,2.313551e-4,56
0.08650312,1.00024381,2.278096e-4,61
0.08651637,1.00032840,2.323527e-4,53
0.08652049,1.00009380,2.288700e-4,76
0.08653135,0.99980940,2.297483e-4,71
0.08654724,0.99993947,2.304923e-4,86
0.08655754,1.00024960,2.298930e-4,50
0.08656210,1.00044197,2.432569e-4,44
0.08657343,1.00017276,2.307003e-4,47
0.08660150,1.00012993,2.297396e-4,58
0.08661961,0.99992199,2.356802e-4,91
0.08665367,0.99977616,2.311483e-4,78
0.08665534,0.99978614,2.284819e-4,63
0.08666338,1.00038578,2.287406e-4,73
0.08670555,0.99993215,2.282124e-4,88
0.08676484,1.00031577,2.271688e-4,60
0.08679285,0.99964732,2.320000e-4,49
0.08679498,0.99945048,2.284403e-4,75
0.08679978,0.99966219,2.309051e-4,46
0.08680139,1.00010961,2.286447e-4,65
0.08680530,1.00018592,2.293237e-4,70
0.08681137,0.99965013,2.300311e-4,85
0.08685770,1.00002980,2.326164e-4,57
0.08687298,1.00005483,2.313432e-4,90
0.08692067,1.00002175,2.286816e-4,62
0.08692732,0.99987039,2.303331e-4,77
0.08693219,1.00004217,2.351804e-4,82
0.08693804,0.99963818,2.294953e-4,72
0.08694203,1.00015980,2.306017e-4,67
0.08696628,1.00000692,2.280466e-4,87
0.08700068,0.99957753,2.297372e-4,51
0.08702298,0.99991332,2.330120e-4,45
0.08702474,0.99982456,2.280526e-4,59
0.08702516,0.99978719,2.306937e-4,48
0.08706176,1.00021485,2.300885e-4,79
0.08706965,0.99962202,2.272995e-4,74
0.08707713,1.00004486,2.293208e-4,84
0.08707875,0.99989050,2.274135e-4,69
0.08711105,0.99987207,2.313899e-4,56
0.08720147,0.99974416,2.288255e-4,76
0.08721273,0.99992945,2.295124e-4,66
0.08722842,0.99980504,2.304842e-4,86
0.08723873,0.99995284,2.298501e-4,50
0.08725452,1.00010248,2.306926e-4,47
0.08728259,1.00030139,2.297382e-4,58
0.08730080,0.99990913,2.356620e-4,91
0.08733475,1.00016683,2.311889e-4,78
0.08733642,0.99990426,2.285044e-4,63
0.08734445,1.00031878,2.287386e-4,73
0.08734448,1.00026654,2.294066e-4,83
0.08738663,0.99975531,2.281889e-4,88
0.08744592,0.99987973,2.271217e-4,60
0.08747394,1.00044353,2.320782e-4,49
0.08747606,1.00008184,2.284604e-4,75
0.08748097,1.00010273,2.309491e-4,46
0.08748247,0.99995772,2.286349e-4,65
0.08748647,0.99987787,2.293159e-4,70
0.08749245,1.00021252,2.300691e-4,85
0.08753879,1.00003991,2.326380e-4,57
0.08755406,0.99979049,2.312997e-4,90
0.08760165,1.00013610,2.287033e-4,62
0.08761327,1.00006603,2.352334e-4,82
0.08761922,1.00005977,2.295606e-4,72
0.08762310,1.00025551,2.306411e-4,67
0.08764736,1.00030615,2.280953e-4,87
0.08768177,1.00006310,2.297712e-4,51
0.08770408,0.99999096,2.330073e-4,45
0.08770582,1.00010664,2.280711e-4,59
0.08770625,0.99988517,2.306712e-4,48
0.08775073,1.00018175,2.273382e-4,74
0.08775821,0.99968305,2.292978e-4,84
0.08775983,1.00006731,2.274338e-4,69
0.08779213,1.00010597,2.314293e-4,56
0.08786538,1.00026438,2.277423e-4,61
0.08787854,0.99982281,2.322431e-4,53
0.08788254,1.00002424,2.288464e-4,76
0.08789361,0.99986260,2.298149e-4,71
0.08789391,0.99982899,2.295180e-4,66
0.08790951,1.00009425,2.305199e-4,86
0.08791981,1.00010846,2.298467e-4,50
0.08792438,1.00031172,2.432426e-4,44
0.08793561,0.99997969,2.306827e-4,47
0.08796367,1.00004518,2.296885e-4,58
0.08798188,1.00001061,2.356358e-4,91
0.08801582,1.00008776,2.311841e-4,78
0.08801760,1.00010660,2.285323e-4,63
0.08802556,1.00005618,2.293438e-4,83
0.08802563,1.00030291,2.287122e-4,73
0.08806771,0.99997238,2.282037e-4,88
0.08812711,0.99934571,2.270709e-4,60
0.08815502,1.00005863,2.320429e-4,49
0.08815723,0.99993880,2.284064e-4,75
0.08816187,0.99995123,2.309093e-4,46
0.08816345,1.00028981,2.286767e-4,65
0.08816755,0.99999905,2.293593e-4,70
0.08821997,0.99978842,2.326283e-4,57
0.08823504,0.99994285,2.312980e-4,90
0.08828283,0.99983343,2.286852e-4,62
0.08828957,1.00003696,2.304328e-4,77
0.08829435,1.00027529,2.351500e-4,82
0.08830030,1.00021645,2.295982e-4,72
0.08830428,1.00022478,2.306679e-4,67
0.08832834,0.99967514,2.280505e-4,87
0.08836296,1.00003511,2.297493e-4,51
0.08838527,0.99982632,2.329869e-4,45
0.08838690,0.99971222,2.280281e-4,59
0.08838744,0.99980328,2.306332e-4,48
0.08842401,0.99989668,2.299464e-4,79
0.08843191,0.99993615,2.272971e-4,74
0.08843939,0.99978560,2.293102e-4,84
0.08844091,0.99996220,2.274242e-4,69
0.08847322,0.99947999,2.313792e-4,56
0.08854646,1.00018308,2.277039e-4,61
0.08855972,0.99997045,2.322257e-4,53
0.08856372,1.00040628,2.288709e-4,76
0.08857468,0.99965039,2.298234e-4,71
0.08857499,0.99972762,2.295246e-4,66
0.08859049,1.00011940,2.305227e-4,86
0.08860100,1.00032725,2.298536e-4,50
0.08861670,0.99999935,2.306754e-4,47
0.08864465,0.99999072,2.296709e-4,58
0.08869700,1.00042411,2.312240e-4,78
0.08869868,0.99985005,2.285174e-4,63
0.08870664,0.99989092,2.292859e-4,83
0.08870671,0.99980088,2.286509e-4,73
0.08874879,0.99990206,2.281813e-4,88
0.08880819,1.00009036,2.271358e-4,60
0.08883621,0.99994101,2.320389e-4,49
0.08884873,1.00013974,2.293974e-4,70
0.08885471,0.99988280,2.300190e-4,85
0.08891623,0.99982550,2.312628e-4,90
0.08896391,0.99976803,2.286875e-4,62
0.08897065,0.99961912,2.304338e-4,77
0.08897542,0.99989919,2.351636e-4,82
0.08898138,0.99975527,2.295717e-4,72
0.08898536,0.99995810,2.306802e-4,67
0.08900942,1.00018369,2.281246e-4,87
0.08904404,1.00018466,2.297518e-4,51
0.08906636,1.00019638,2.330082e-4,45
0.08906798,0.99978891,2.280223e-4,59
0.08910499,0.99990207,2.300356e-4,79
0.08911298,0.99960256,2.272288e-4,74
0.08912047,0.99983045,2.293275e-4,84
0.08912209,0.99953088,2.273799e-4,69
0.08915440,1.00018328,2.314692e-4,56
0.08922744,0.99997421,2.276476e-4,61
0.08924081,0.99964341,2.321734e-4,53
0.08924480,0.99982105,2.288021e-4,76
0.08925586,0.99974731,2.298677e-4,71
0.08925607,1.00037556,2.295991e-4,66
0.08927167,1.00039631,2.305427e-4,86
0.08928199,1.00047011,2.298543e-4,50
0.08928657,1.00045275,2.431745e-4,44
0.08929779,0.99999142,2.306758e-4,47
0.08934405,1.00004783,2.355317e-4,91
0.08937976,1.00030473,2.285704e-4,63
0.08938782,0.99997728,2.292550e-4,83
0.08942987,0.99999970,2.281777e-4,88
0.08948927,0.99951070,2.270829e-4,60
0.08951720,0.99982823,2.320337e-4,49
0.08951929,0.99981917,2.283151e-4,75
0.08952415,0.99995039,2.309279e-4,46
0.08952570,0.99979394,2.286119e-4,65
0.08952981,1.00005815,2.294102e-4,70
0.08953569,1.00006802,2.300276e-4,85
0.08958213,1.00053345,2.327153e-4,57
0.08959731,0.99981917,2.312425e-4,90
0.08964499,0.99955969,2.286821e-4,62
0.08965173,0.99999865,2.305109e-4,77
0.08965660,1.00008295,2.351094e-4,82
0.08966255,1.00004506,2.296248e-4,72
0.08969060,0.99992046,2.281219e-4,87
0.08972503,0.99989221,2.297163e-4,51
0.08974745,1.00006064,2.329913e-4,45
0.08974916,1.00004657,2.280490e-4,59
0.08974952,0.99999702,2.306090e-4,48
0.08978607,1.00020790,2.300614e-4,79
0.08979406,0.99971366,2.272464e-4,74
0.08980145,1.00022797,2.294526e-4,84
0.08980316,0.99993081,2.273978e-4,69
0.08983548,1.00001839,2.314769e-4,56
0.08990862,0.99984437,2.276000e-4,61
0.08992180,0.99975624,2.321452e-4,53
0.08992587,1.00035799,2.288452e-4,76
0.08993694,1.00011620,2.299340e-4,71
0.08993724,1.00017035,2.296080e-4,66
0.08995275,1.00013782,2.305004e-4,86
0.08996308,1.00003357,2.297960e-4,50
0.08996756,1.00047264,2.430600e-4,44
0.08997888,0.99975315,2.306388e-4,47
0.09000691,0.99987486,2.296243e-4,58
0.09002513,1.00022637,2.354745e-4,91
0.09005906,1.00022054,2.312026e-4,78
0.09006084,1.00015849,2.285682e-4,63
0.09006880,0.99988081,2.292079e-4,83
0.09006896,1.00007091,2.286542e-4,73
0.09011106,0.99986940,2.281533e-4,88
0.09017045,0.99967927,2.270954e-4,60
0.09019829,1.00022287,2.320705e-4,49
0.09020046,1.00022010,2.283124e-4,75
0.09020534,0.99964753,2.309102e-4,46
0.09020678,0.99982607,2.286533e-4,65
0.09021088,0.99994025,2.294101e-4,70
0.09021677,1.00005128,2.299343e-4,85
0.09026312,0.99968321,2.326396e-4,57
0.09027839,0.99972225,2.312092e-4,90
0.09032617,1.00024144,2.287558e-4,62
0.09033280,1.00027327,2.305854e-4,77
0.09033758,0.99993507,2.351045e-4,82
0.09034363,0.99949567,2.295831e-4,72
0.09034762,1.00017407,2.307893e-4,67
0.09037168,0.99983490,2.281446e-4,87
0.09040622,0.99968737,2.296821e-4,51
0.09042854,1.00005973,2.329720e-4,45
0.09043024,0.99978832,2.280160e-4,59
0.09043071,1.00004558,2.305925e-4,48
0.09046714,1.00012387,2.300467e-4,79
0.09047524,1.00001781,2.272606e-4,74
0.09048253,1.00012370,2.293791e-4,84
0.09048414,1.00059466,2.274870e-4,69
0.09051657,0.99971444,2.314765e-4,56
0.09058970,0.99973287,2.275561e-4,61
0.09060298,0.99981257,2.321210e-4,53
0.09060705,0.99975081,2.287551e-4,76
0.09061791,1.00007181,2.299612e-4,71
0.09061832,1.00025787,2.296348e-4,66
0.09063383,0.99985101,2.304949e-4,86
0.09064416,0.99983364,2.297679e-4,50
0.09064875,1.00044618,2.430659e-4,44
0.09066007,0.99998346,2.306633e-4,47
0.09068800,0.99986801,2.296280e-4,58
0.09070621,1.00031677,2.353989e-4,91
0.09074013,1.00010053,2.311845e-4,78
0.09074192,0.99991830,2.285529e-4,63
0.09074988,1.00004318,2.291882e-4,83
0.09075004,0.99972956,2.286067e-4,73
0.09079214,0.99981723,2.281372e-4,88
0.09085143,1.00047390,2.271742e-4,60
0.09087948,0.99969169,2.320287e-4,49
0.09088154,1.00000261,2.282528e-4,75
0.09088643,0.99970388,2.308825e-4,46
0.09088796,0.99990126,2.286725e-4,65
0.09089186,0.99994474,2.294315e-4,70
0.09089795,0.99970080,2.299700e-4,85
0.09094430,0.99995851,2.326570e-4,57
0.09100725,0.99938285,2.286806e-4,62
0.09101388,0.99984205,2.305926e-4,77
0.09102461,1.00045118,2.296922e-4,72
0.09102869,1.00016823,2.308343e-4,67
0.09105286,0.99938057,2.281227e-4,87
0.09108730,1.00000708,2.296982e-4,51
0.09110973,1.00032455,2.329879e-4,45
0.09111142,0.99999532,2.280295e-4,59
0.09111180,1.00007576,2.305726e-4,48
0.09114832,0.99978786,2.300029e-4,79
0.09115632,1.00005673,2.272507e-4,74
0.09116371,0.99988086,2.293566e-4,84
0.09116532,0.99956949,2.273565e-4,69
0.09119775,1.00030431,2.315659e-4,56
0.09127078,1.00002644,2.275544e-4,61
0.09128407,0.99962303,2.320705e-4,53
0.09128813,0.99980017,2.287726e-4,76
0.09129899,0.99997462,2.299851e-4,71
0.09129950,1.00013049,2.296438e-4,66
0.09131501,0.99983039,2.304902e-4,86
0.09132535,0.99969602,2.297380e-4,50
0.09132985,0.99959134,2.428870e-4,44
0.09134116,0.99979571,2.306386e-4,47
0.09136918,1.00020813,2.296566e-4,58
0.09138740,0.99988511,2.352600e-4,91
0.09142131,1.00001007,2.311699e-4,78
0.09142299,1.00015974,2.285919e-4,63
0.09143101,1.00042990,2.286593e-4,73
0.09147322,0.99987485,2.281303e-4,88
0.09153251,0.99983566,2.271106e-4,60
0.09156262,1.00021474,2.282310e-4,75
0.09156752,1.00009177,2.309575e-4,46
0.09156904,0.99940848,2.286332e-4,65
0.09157304,0.99988617,2.294407e-4,70
0.09157903,1.00019319,2.300110e-4,85
0.09162538,0.99981048,2.326399e-4,57
0.09164066,1.00023173,2.312042e-4,90
0.09168833,0.99980475,2.287219e-4,62
0.09169496,0.99978278,2.306405e-4,77
0.09169984,0.99995523,2.350408e-4,82
0.09170578,0.99972737,2.296326e-4,72
0.09170967,1.00020703,2.308895e-4,67
0.09173394,1.00030557,2.282414e-4,87
0.09176839,0.99953610,2.296408e-4,51
0.09179083,1.00037645,2.329698e-4,45
0.09179251,1.00021289,2.280432e-4,59
0.09179289,1.00001777,2.305471e-4,48
0.09182940,1.00007348,2.300267e-4,79
0.09183749,0.99995654,2.272247e-4,74
0.09184479,1.00013898,2.293916e-4,84
0.09184640,1.00024914,2.274223e-4,69
0.09187873,0.99995973,2.315645e-4,56
0.09195186,0.99987980,2.275059e-4,61
0.09196515,0.99989949,2.320661e-4,53
0.09196921,0.99996159,2.287822e-4,76
0.09198017,0.99976165,2.299927e-4,71
0.09198058,0.99978577,2.296269e-4,66
0.09199609,1.00009682,2.305133e-4,86
0.09200644,1.00035405,2.297903e-4,50
0.09201104,0.99981925,2.428102e-4,44
0.09202225,1.00029525,2.306849e-4,47
0.09205026,1.00022197,2.296588e-4,58
0.09206848,1.00036879,2.352111e-4,91
0.09210239,0.99991991,2.311588e-4,78
0.09210407,0.99965010,2.285477e-4,63
0.09211213,0.99985039,2.291090e-4,83
0.09211219,1.00046000,2.286512e-4,73
0.09215430,1.00008136,2.281349e-4,88
0.09221369,0.99998156,2.271280e-4,60
0.09224165,0.99975816,2.320469e-4,49
0.09224380,0.99999512,2.281705e-4,75
0.09224871,1.00003728,2.309217e-4,46
0.09225012,1.00000279,2.287065e-4,65
0.09226011,0.99972465,2.299615e-4,85
0.09230646,0.99991636,2.326336e-4,57
0.09232174,0.99962572,2.311166e-4,90
0.09236941,1.00032394,2.287872e-4,62
0.09237603,1.00038392,2.307540e-4,77
0.09238092,0.99985678,2.349198e-4,82
0.09238686,1.00010536,2.296830e-4,72
0.09241502,0.99977471,2.282200e-4,87
0.09247182,1.00014478,2.329356e-4,45
0.09247349,1.00001222,2.280169e-4,59
0.09247407,1.00007655,2.305386e-4,48
0.09251058,0.99993043,2.299581e-4,79
0.09251847,1.00017317,2.272117e-4,74
0.09252597,0.99990944,2.294189e-4,84
0.09252747,1.00006411,2.274166e-4,69
0.09255982,1.00039516,2.316500e-4,56
0.09263304,0.99987000,2.274756e-4,61
0.09264634,0.99975315,2.320283e-4,53
0.09265028,1.00029736,2.288074e-4,76
0.09266125,0.99969735,2.300188e-4,71
0.09266156,0.99998458,2.296654e-4,66
0.09269213,0.99996315,2.428153e-4,44
0.09270344,0.99989731,2.306371e-4,47
0.09273144,0.99998683,2.296416e-4,58
0.09274966,1.00008170,2.350788e-4,91
0.09278346,0.99977186,2.311359e-4,78
0.09278525,1.00044665,2.286439e-4,63
0.09279321,0.99977047,2.290823e-4,83
0.09279327,0.99998600,2.285904e-4,73
0.09283548,1.00037610,2.281454e-4,88
0.09289477,0.99989248,2.271164e-4,60
0.09292487,0.99988999,2.281237e-4,75
0.09292980,1.00004267,2.309423e-4,46
0.09293529,0.99975658,2.294465e-4,70
0.09294119,1.00000385,2.299773e-4,85
0.09298765,0.99968229,2.325992e-4,57
0.09300282,0.99975597,2.310992e-4,90
0.09305049,1.00025070,2.287833e-4,62
0.09305721,1.00019824,2.307839e-4,77
0.09306199,0.99988481,2.349621e-4,82
0.09306794,1.00017574,2.296968e-4,72
0.09309620,1.00020620,2.282905e-4,87
0.09313066,0.99987270,2.296515e-4,51
0.09315301,0.99967382,2.328771e-4,45
0.09315457,1.00024859,2.280350e-4,59
0.09315516,0.99990972,2.305045e-4,48
0.09319165,0.99999796,2.300093e-4,79
0.09319955,1.00014607,2.272178e-4,74
0.09320705,0.99995527,2.294343e-4,84
0.09324100,1.00035161,2.316913e-4,56
0.09331413,1.00012752,2.274712e-4,61
0.09333136,0.99997537,2.287608e-4,76
0.09334242,1.00036389,2.301157e-4,71
0.09334264,0.99984837,2.296727e-4,66
0.09335835,1.00019284,2.304962e-4,86
0.09336871,1.00024042,2.297636e-4,50
0.09337322,1.00009958,2.426797e-4,44
0.09341252,0.99981073,2.296359e-4,58
0.09343075,0.99940405,2.348975e-4,91
0.09346464,1.00003018,2.311527e-4,78
0.09346633,0.99961087,2.285738e-4,63
0.09347435,0.99993602,2.286096e-4,73
0.09347439,1.00001673,2.291060e-4,83
0.09351646,0.99998036,2.280901e-4,88
0.09357585,0.99980986,2.271093e-4,60
0.09360393,1.00051393,2.321282e-4,49
0.09360595,0.99977612,2.280693e-4,75
0.09361079,1.00017850,2.309527e-4,46
0.09361228,1.00018672,2.287402e-4,65
0.09361637,1.00000378,2.294827e-4,70
0.09366873,1.00034943,2.326454e-4,57
0.09373157,1.00001992,2.287605e-4,62
0.09373829,0.99998650,2.308151e-4,77
0.09374317,1.00005186,2.349422e-4,82
0.09374912,1.00001342,2.296877e-4,72
0.09375301,0.99986977,2.310183e-4,67
0.09377718,0.99981921,2.282820e-4,87
0.09381175,0.99994886,2.296541e-4,51
0.09383410,0.99942963,2.328416e-4,45
0.09383575,1.00067064,2.280701e-4,59
0.09383625,0.99998872,2.305058e-4,48
0.09387273,0.99994621,2.298987e-4,79
0.09388973,1.00033052,2.274518e-4,69
0.09392208,1.00011065,2.317028e-4,56
0.09399531,0.99958386,2.273890e-4,61
0.09400851,1.00009870,2.320076e-4,53
0.09401244,0.99981528,2.287335e-4,76
0.09402381,0.99972723,2.296786e-4,66
0.09403943,1.00009727,2.304931e-4,86
0.09404980,1.00005554,2.297295e-4,50
0.09405432,1.00012463,2.425999e-4,44
0.09406552,0.99998930,2.306371e-4,47
0.09409371,1.00009599,2.296718e-4,58
0.09411183,0.99997838,2.348328e-4,91
0.09414572,1.00012403,2.311557e-4,78
0.09414741,1.00003649,2.286237e-4,63
0.09415547,1.00019754,2.291031e-4,83
0.09415552,1.00009808,2.285713e-4,73
0.09419754,0.99997656,2.280812e-4,88
0.09425703,0.99961025,2.270860e-4,60
0.09428502,0.99980425,2.320624e-4,49
0.09428713,0.99981830,2.280205e-4,75
0.09429198,1.00000724,2.309760e-4,46
0.09429336,0.99973441,2.287049e-4,65
0.09429745,0.99968829,2.294558e-4,70
0.09430345,0.99991275,2.299629e-4,85
0.09434981,0.99989993,2.325796e-4,57
0.09436499,1.00006926,2.310682e-4,90
0.09441265,1.00008178,2.287649e-4,62
0.09441937,1.00021721,2.308983e-4,77
0.09442425,1.00005735,2.349088e-4,82
0.09443019,1.00046707,2.297373e-4,72
0.09443418,0.99938698,2.310339e-4,67
0.09445827,1.00020735,2.283519e-4,87
0.09449284,1.00002386,2.296444e-4,51
0.09451519,0.99999231,2.328780e-4,45
0.09451683,0.99996037,2.279909e-4,59
0.09451734,0.99981558,2.304859e-4,48
0.09455371,1.00036348,2.300351e-4,79
0.09456180,1.00012286,2.271902e-4,74
0.09456921,0.99971765,2.293851e-4,84
0.09457091,1.00013288,2.274010e-4,69
0.09460317,0.99988528,2.317282e-4,56
0.09468959,1.00031567,2.319989e-4,53
0.09469361,1.00027974,2.287713e-4,76
0.09470489,1.00011302,2.297361e-4,66
0.09472041,1.00034602,2.305064e-4,86
0.09473079,0.99998731,2.297227e-4,50
0.09473551,0.99995772,2.424937e-4,44
0.09474661,0.99952371,2.305807e-4,47
0.09479281,1.00008874,2.347193e-4,91
0.09482690,0.99986005,2.311178e-4,78
0.09482849,0.99981882,2.286161e-4,63
0.09483660,0.99997630,2.285456e-4,73
0.09483665,1.00000677,2.290466e-4,83
0.09487873,0.99981802,2.280445e-4,88
0.09493811,0.99966220,2.270911e-4,60
0.09496611,0.99943265,2.320346e-4,49
0.09496810,1.00020845,2.280403e-4,75
0.09497443,1.00002496,2.287424e-4,65
0.09497863,0.99996215,2.294854e-4,70
0.09498443,0.99977204,2.299445e-4,85
0.09503099,1.00009102,2.325761e-4,57
0.09504607,0.99966438,2.310061e-4,90
0.09509382,0.99961085,2.287195e-4,62
0.09510054,1.00005872,2.309409e-4,77
0.09510543,1.00000111,2.348643e-4,82
0.09511127,1.00016961,2.297078e-4,72
0.09511526,0.99947675,2.310954e-4,67
0.09513945,1.00007980,2.283759e-4,87
0.09517392,1.00022236,2.296604e-4,51
0.09519638,0.99990031,2.328579e-4,45
0.09519801,0.99954799,2.279483e-4,59
0.09519843,1.00000773,2.305002e-4,48
0.09523489,0.99981591,2.299269e-4,79
0.09524288,1.00025903,2.271940e-4,74
0.09525028,0.99985239,2.294045e-4,84
0.09525198,1.00026821,2.274377e-4,69
0.09528435,0.99984546,2.317731e-4,56
0.09535737,1.00046258,2.274256e-4,61
0.09537068,0.99992876,2.319402e-4,53
0.09537469,0.99979814,2.287168e-4,76
0.09538576,1.00001329,2.301512e-4,71
0.09538597,1.00009244,2.297543e-4,66
0.09540149,1.00011160,2.304779e-4,86
0.09541198,0.99996281,2.297042e-4,50
0.09542780,1.00030839,2.306501e-4,47
0.09545577,1.00013418,2.297100e-4,58
0.09547400,1.00054972,2.346418e-4,91
0.09550787,0.99970463,2.310933e-4,78
0.09550967,1.00007555,2.286558e-4,63
0.09551763,0.99998228,2.290398e-4,83
0.09551768,0.99985330,2.285206e-4,73
0.09555981,0.99999424,2.280452e-4,88
0.09561930,1.00043143,2.271691e-4,60
0.09564720,1.00006367,2.320945e-4,49
0.09564918,0.99964124,2.279575e-4,75
0.09565416,1.00011156,2.309685e-4,46
0.09565561,1.00008029,2.287621e-4,65
0.09565970,0.99980186,2.294513e-4,70
0.09566561,1.00011828,2.299775e-4,85
0.09571198,0.99999867,2.325359e-4,57
0.09572725,1.00018870,2.310228e-4,90
0.09577490,1.00004841,2.287632e-4,62
0.09578162,0.99967802,2.309564e-4,77
0.09578641,1.00014827,2.347635e-4,82
0.09579245,1.00001010,2.296878e-4,72
0.09579634,1.00059404,2.312585e-4,67
0.09582053,1.00014662,2.284161e-4,87
0.09585501,1.00028337,2.296527e-4,51
0.09587748,1.00045838,2.328849e-4,45
0.09587909,1.00015429,2.279999e-4,59
0.09587952,1.00039182,2.305309e-4,48
0.09591596,1.00005079,2.299921e-4,79
0.09592395,0.99979690,2.270969e-4,74
0.09593136,1.00039910,2.294606e-4,84
0.09593306,1.00016835,2.274284e-4,69
0.09596543,0.99997507,2.318360e-4,56
0.09603845,0.99995415,2.273474e-4,61
0.09605176,0.99977857,2.319022e-4,53
0.09605577,0.99989376,2.287209e-4,76
0.09606673,0.99994292,2.301691e-4,71
0.09606715,1.00019395,2.298111e-4,66
0.09608267,0.99988841,2.304433e-4,86
0.09609306,0.99989082,2.296986e-4,50
0.09609759,0.99995884,2.423684e-4,44
0.09610889,1.00008850,2.306205e-4,47
0.09613685,0.99978927,2.297003e-4,58
0.09615508,0.99967968,2.344289e-4,91
0.09618895,1.00021632,2.311300e-4,78
0.09619871,0.99981747,2.290156e-4,83
0.09619885,1.00017332,2.285751e-4,73
0.09624089,1.00018025,2.280448e-4,88
0.09630028,0.99985504,2.271121e-4,60
0.09632828,0.99988340,2.320756e-4,49
0.09633036,1.00028362,2.279666e-4,75
0.09633536,0.99984468,2.309723e-4,46
0.09633669,0.99991829,2.287575e-4,65
0.09634068,1.00001769,2.294966e-4,70
0.09634669,1.00012554,2.299759e-4,85
0.09639306,0.99980149,2.324922e-4,57
0.09640833,1.00020393,2.309975e-4,90
0.09645598,0.99977823,2.287295e-4,62
0.09646260,0.99984279,2.310294e-4,77
0.09646749,0.99968774,2.347608e-4,82
0.09647342,1.00009325,2.296829e-4,72
0.09647752,0.99967979,2.312324e-4,67
0.09650161,1.00030887,2.284652e-4,87
0.09653610,0.99979264,2.296009e-4,51
0.09655867,0.99949247,2.327837e-4,45
0.09656018,1.00010630,2.279885e-4,59
0.09656071,1.00004719,2.305025e-4,48
0.09659714,0.99997816,2.299631e-4,79
0.09660513,1.00068568,2.272128e-4,74
0.09661244,0.99959731,2.294681e-4,84
0.09661404,0.99979986,2.273712e-4,69
0.09664652,0.99999604,2.318926e-4,56
0.09671963,1.00030044,2.273631e-4,61
0.09673285,1.00020706,2.319201e-4,53
0.09673685,1.00004120,2.287249e-4,76
0.09674781,0.99969941,2.301675e-4,71
0.09674823,1.00003789,2.297811e-4,66
0.09676375,0.99989929,2.304302e-4,86
0.09677425,0.99983935,2.296852e-4,50
0.09677879,1.00017499,2.422252e-4,44
0.09679008,0.99985916,2.305929e-4,47
0.09681803,1.00006024,2.297529e-4,58
0.09683626,1.00044132,2.343740e-4,91
0.09687003,1.00008871,2.311084e-4,78
0.09687173,0.99990951,2.286683e-4,63
0.09687979,1.00033570,2.290563e-4,83
0.09687993,1.00014977,2.285234e-4,73
0.09692207,1.00033171,2.280418e-4,88
0.09698136,1.00010668,2.271422e-4,60
0.09700937,1.00001661,2.320953e-4,49
0.09701144,1.00015752,2.279470e-4,75
0.09701645,0.99986474,2.310042e-4,46
0.09701777,0.99963890,2.287095e-4,65
0.09702186,1.00022190,2.294824e-4,70
0.09702777,0.99955716,2.299250e-4,85
0.09707424,1.00015818,2.325010e-4,57
0.09708942,1.00004915,2.309509e-4,90
0.09713716,1.00005156,2.287544e-4,62
0.09714368,0.99980570,2.310844e-4,77
0.09715450,1.00000037,2.296664e-4,72
0.09718279,1.00018687,2.284840e-4,87
0.09721728,1.00008253,2.296235e-4,51
0.09723976,1.00022826,2.328324e-4,45
0.09724136,1.00006508,2.279801e-4,59
0.09724180,0.99993278,2.304855e-4,48
0.09727822,0.99992277,2.298805e-4,79
0.09728621,1.00004485,2.271067e-4,74
0.09729362,0.99984389,2.294247e-4,84
0.09729522,0.99985899,2.273935e-4,69
0.09732750,1.00033980,2.319774e-4,56
0.09740071,0.99997662,2.273100e-4,61
0.09741403,1.00046961,2.319294e-4,53
0.09741802,0.99947163,2.286498e-4,76
0.09742899,0.99961210,2.301756e-4,71
0.09742931,0.99976095,2.297686e-4,66
0.09744493,1.00011228,2.304150e-4,86
0.09745534,0.99988362,2.296901e-4,50
0.09745988,0.99998095,2.421815e-4,44
0.09747117,0.99987336,2.305818e-4,47
0.09749912,0.99986549,2.297593e-4,58
0.09751735,1.00014192,2.342164e-4,91
0.09755121,1.00021795,2.311093e-4,78
0.09755291,0.99999416,2.286852e-4,63
0.09756091,0.99991730,2.284927e-4,73
0.09756096,1.00014114,2.290345e-4,83
0.09760315,0.99978018,2.279723e-4,88
0.09766244,1.00005144,2.271413e-4,60
0.09769056,1.00008309,2.321014e-4,49
0.09769251,0.99945675,2.278555e-4,75
0.09769754,0.99973945,2.309668e-4,46
0.09769885,1.00021928,2.288115e-4,65
0.09770293,1.00005356,2.294550e-4,70
0.09770895,1.00039635,2.300012e-4,85
0.09777060,1.00031251,2.309550e-4,90
0.09781824,1.00005484,2.287425e-4,62
0.09782485,1.00007204,2.311635e-4,77
0.09782974,1.00017369,2.347309e-4,82
0.09783568,1.00043936,2.296954e-4,72
0.09783957,0.99980479,2.313515e-4,67
0.09786387,0.99993799,2.284887e-4,87
0.09789837,1.00074832,2.296868e-4,51
0.09792075,0.99958720,2.327634e-4,45
0.09792234,0.99983763,2.279517e-4,59
0.09792289,1.00035953,2.305292e-4,48
0.09795930,1.00009323,2.299878e-4,79
0.09796719,0.99974067,2.271024e-4,74
0.09797470,1.00005182,2.294497e-4,84
0.09797629,1.00012932,2.273905e-4,69
0.09800868,0.99988498,2.319900e-4,56
0.09808179,1.00000981,2.272908e-4,61
0.09809512,1.00006840,2.318733e-4,53
0.09809900,1.00004693,2.287146e-4,76
0.09811006,0.99985237,2.302146e-4,71
0.09811038,0.99973261,2.298082e-4,66
0.09812601,0.99994861,2.303886e-4,86
0.09813643,1.00013107,2.297150e-4,50
0.09814097,1.00030396,2.420644e-4,44
0.09815226,1.00005709,2.305924e-4,47
0.09818020,1.00022813,2.298239e-4,58
0.09819843,1.00013590,2.340880e-4,91
0.09823228,1.00014322,2.310936e-4,78
0.09823399,0.99999368,2.286947e-4,63
0.09824204,1.00010556,2.290352e-4,83
0.09824209,0.99986382,2.284759e-4,73
0.09828433,1.00023269,2.279974e-4,88
0.09834362,0.99971893,2.271058e-4,60
0.09837165,1.00005148,2.321025e-4,49
0.09837359,1.00003296,2.278848e-4,75
0.09837863,0.99963361,2.310079e-4,46
0.09838003,1.00028382,2.288261e-4,65
0.09838401,0.99980871,2.294249e-4,70
0.09839003,1.00008641,2.299784e-4,85
0.09843641,0.99984135,2.324047e-4,57
0.09845168,1.00008765,2.309093e-4,90
0.09850593,1.00032509,2.312456e-4,77
0.09851082,1.00007068,2.346883e-4,82
0.09851676,1.00006509,2.296449e-4,72
0.09852075,0.99994781,2.314164e-4,67
0.09854495,1.00034427,2.285591e-4,87
0.09857946,1.00003685,2.296075e-4,51
0.09860184,1.00037234,2.328200e-4,45
0.09860342,0.99971121,2.279360e-4,59
0.09860408,0.99997931,2.305004e-4,48
0.09864047,0.99979551,2.298682e-4,79
0.09864836,1.00017322,2.271398e-4,74
0.09865578,1.00028109,2.295104e-4,84
0.09865747,1.00038711,2.274467e-4,69
0.09868976,0.99992634,2.320512e-4,56
0.09876297,0.99978352,2.272535e-4,61
0.09877620,1.00025324,2.318781e-4,53
0.09878018,1.00027794,2.287284e-4,76
0.09879114,0.99982560,2.302332e-4,71
0.09879146,0.99994595,2.298666e-4,66
0.09880709,1.00025923,2.304306e-4,86
0.09881761,0.99979081,2.296801e-4,50
0.09882216,0.99989690,2.418931e-4,44
0.09886138,0.99992612,2.298284e-4,58
0.09887951,1.00015887,2.339663e-4,91
0.09891346,1.00013116,2.310782e-4,78
0.09891507,1.00044531,2.287552e-4,63
0.09892316,1.00002527,2.284973e-4,73
0.09896531,0.99975374,2.279383e-4,88
0.09902470,1.00022670,2.271606e-4,60
0.09905284,0.99994140,2.320919e-4,49
0.09905477,1.00017239,2.278801e-4,75
0.09905972,1.00005963,2.310604e-4,46
0.09906101,1.00000634,2.288166e-4,65
0.09906519,1.00003761,2.294349e-4,70
0.09907111,0.99980661,2.299498e-4,85
0.09911759,1.00041004,2.324222e-4,57
0.09918040,1.00020207,2.287413e-4,62
0.09918711,0.99996877,2.312570e-4,77
0.09919200,1.00000814,2.346457e-4,82
0.09919783,0.99977248,2.295951e-4,72
0.09920183,0.99972076,2.314433e-4,67
0.09922593,1.00004217,2.285610e-4,87
0.09926064,0.99976046,2.295811e-4,51
0.09928303,0.99965110,2.327361e-4,45
0.09928460,0.99974461,2.279355e-4,59
0.09928517,0.99971301,2.304786e-4,48
0.09932155,1.00019006,2.298527e-4,79
0.09932944,0.99969490,2.270689e-4,74
0.09933696,0.99991951,2.294485e-4,84
0.09933855,1.00003936,2.274087e-4,69
0.09937095,1.00035409,2.321523e-4,56
0.09944405,1.00054568,2.273105e-4,61
0.09945739,1.00056505,2.318980e-4,53
0.09946125,1.00027640,2.287246e-4,76
0.09947222,1.00019851,2.302827e-4,71
0.09947254,0.99987037,2.298127e-4,66
0.09948827,1.00053189,2.304411e-4,86
0.09949870,0.99999454,2.296989e-4,50
0.09950326,0.99988236,2.417855e-4,44
0.09951444,1.00030906,2.306107e-4,47
0.09954246,0.99997823,2.298715e-4,58
0.09956070,0.99977839,2.338084e-4,91
0.09959625,1.00015050,2.287299e-4,63
0.09960424,0.99970831,2.284575e-4,73
0.09960430,1.00001398,2.290357e-4,83
0.09964639,0.99994484,2.279429e-4,88
0.09970588,0.99965183,2.271035e-4,60
0.09973393,0.99978734,2.320856e-4,49
0.09973584,1.00011649,2.278551e-4,75
0.09974081,0.99972187,2.310049e-4,46
0.09974218,1.00028525,2.288520e-4,65
0.09975229,0.99984074,2.299609e-4,85
0.09979867,0.99979076,2.323354e-4,57
0.09981385,1.00014871,2.308647e-4,90
0.09986148,0.99999700,2.287045e-4,62
0.09986818,0.99954895,2.312710e-4,77
0.09987308,0.99967357,2.344796e-4,82
0.09988291,0.99962971,2.314798e-4,67
0.09990711,0.99974819,2.285610e-4,87
0.09994173,0.99939054,2.295472e-4,51
0.09996413,1.00014506,2.327666e-4,45
0.09996568,0.99975337,2.279336e-4,59
0.09996616,1.00020264,2.305337e-4,48
0.10000253,0.99995889,2.299327e-4,79
0.10001052,0.99971794,2.270834e-4,74
0.10001963,1.00028880,2.274334e-4,69
0.10005203,0.99997976,2.321651e-4,56
0.10012503,0.99975723,2.272176e-4,61
0.10013848,0.99992005,2.318320e-4,53
0.10014233,0.99979024,2.286810e-4,76
0.10015340,1.00036745,2.303145e-4,71
0.10015372,0.99991917,2.298285e-4,66
0.10017969,0.99982188,2.296884e-4,50
0.10018435,0.99989426,2.417568e-4,44
0.10019553,0.99994771,2.305611e-4,47
0.10022344,0.99956813,2.298709e-4,58
0.10024168,0.99956577,2.336676e-4,91
0.10027562,1.00005006,2.310478e-4,78
0.10027733,1.00025820,2.287507e-4,63
0.10028538,1.00006481,2.290476e-4,83
0.10028542,1.00010514,2.284686e-4,73
0.10038696,1.00003021,2.271413e-4,60
0.10041492,1.00007575,2.321100e-4,49
0.10041682,1.00004190,2.278401e-4,75
0.10042190,1.00014466,2.310951e-4,46
0.10042326,0.99990795,2.288299e-4,65
0.10042734,0.99972774,2.293767e-4,70
0.10043327,0.99988459,2.299695e-4,85
0.10047976,1.00027798,2.323455e-4,57
0.10054256,0.99985324,2.286703e-4,62
0.10055416,0.99989020,2.345639e-4,82
0.10056009,0.99973320,2.295481e-4,72
0.10056409,0.99953167,2.315175e-4,67
0.10058819,0.99991736,2.286045e-4,87
0.10064532,0.99963375,2.327112e-4,45
0.10064676,1.00001742,2.279564e-4,59
0.10064734,0.99998300,2.305223e-4,48
0.10068361,0.99991900,2.299774e-4,79
0.10069169,0.99996002,2.270900e-4,74
0.10069902,1.00061546,2.296055e-4,84
0.10070070,1.00016128,2.274272e-4,69
0.10073311,1.00006227,2.322315e-4,56
0.10080621,0.99985637,2.272175e-4,61
0.10081946,1.00009021,2.318423e-4,53
0.10082341,1.00026215,2.287141e-4,76
0.10083447,1.00050934,2.303375e-4,71
0.10083480,0.99981712,2.298262e-4,66
0.10085033,1.00013601,2.303771e-4,86
0.10086088,0.99974566,2.296829e-4,50
0.10086554,0.99995605,2.415853e-4,44
0.10090463,0.99993783,2.299462e-4,58
0.10092276,1.00005469,2.336021e-4,91
0.10095659,0.99979656,2.310126e-4,78
0.10095841,0.99991797,2.287258e-4,63
0.10096636,0.99996446,2.290477e-4,83
0.10100866,0.99999607,2.279183e-4,88
0.10106804,1.00012468,2.271510e-4,60
0.10109600,0.99979101,2.320909e-4,49
0.10109800,1.00006402,2.278283e-4,75
0.10110309,1.00032169,2.310877e-4,46
0.10110434,1.00007572,2.288523e-4,65
0.10110842,0.99985036,2.293731e-4,70
0.10111435,1.00020866,2.300105e-4,85
0.10116074,0.99938104,2.322277e-4,57
0.10117601,0.99947091,2.307595e-4,90
0.10122374,1.00007903,2.286810e-4,62
0.10123514,1.00009081,2.345476e-4,82
0.10124116,0.99988449,2.295402e-4,72
0.10124516,1.00029137,2.316291e-4,67
0.10126937,0.99993635,2.286258e-4,87
0.10130381,1.00006339,2.296112e-4,51
0.10132641,0.99992055,2.327209e-4,45
0.10132795,0.99987951,2.279358e-4,59
0.10132843,1.00000711,2.305387e-4,48
0.10136478,0.99991512,2.298851e-4,79
0.10137277,0.99999461,2.270744e-4,74
0.10138020,1.00019641,2.294926e-4,84
0.10138188,1.00007987,2.274192e-4,69
0.10141430,0.99992477,2.322762e-4,56
0.10148729,1.00045141,2.272641e-4,61
0.10150065,1.00022317,2.318606e-4,53
0.10150459,1.00018175,2.287092e-4,76
0.10151555,1.00043858,2.303428e-4,71
0.10151588,0.99968426,2.298717e-4,66
0.10153151,1.00006398,2.303270e-4,86
0.10154197,1.00013965,2.297298e-4,50
0.10154653,1.00011501,2.414954e-4,44
0.10155781,1.00002610,2.305556e-4,47
0.10158571,0.99999922,2.299942e-4,58
0.10160395,0.99982127,2.334686e-4,91
0.10163777,1.00020744,2.310424e-4,78
0.10163949,0.99977402,2.287150e-4,63
0.10164754,1.00002174,2.291115e-4,83
0.10164757,1.00024122,2.284684e-4,73
0.10168974,1.00010175,2.279155e-4,88
0.10174902,0.99983751,2.271272e-4,60
0.10177719,1.00038943,2.321444e-4,49
0.10177907,0.99978202,2.277900e-4,75
0.10178418,0.99988269,2.310649e-4,46
0.10178542,0.99972741,2.288254e-4,65
0.10178950,1.00021804,2.293870e-4,70
0.10179543,1.00043336,2.300365e-4,85
0.10184192,1.00032902,2.322860e-4,57
0.10185720,0.99971316,2.307621e-4,90
0.10190482,1.00004778,2.286510e-4,62
0.10191142,0.99974142,2.314295e-4,77
0.10191632,1.00013653,2.345198e-4,82
0.10192224,0.99966048,2.294899e-4,72
0.10192624,1.00015309,2.316487e-4,67
0.10195045,1.00015190,2.286737e-4,87
0.10198499,1.00024238,2.296353e-4,51
0.10200750,1.00010920,2.327296e-4,45
0.10200903,0.99976328,2.279304e-4,59
0.10200952,0.99968077,2.305148e-4,48
0.10204586,0.99995089,2.299864e-4,79
0.10205385,0.99979991,2.270923e-4,74
0.10206128,0.99989769,2.294723e-4,84
0.10206286,0.99982617,2.273977e-4,69
0.10209538,0.99960697,2.323038e-4,56
0.10216837,0.99958612,2.271666e-4,61
0.10218173,1.00048380,2.318844e-4,53
0.10218566,1.00023460,2.287064e-4,76
0.10219663,0.99960957,2.302698e-4,71
0.10219695,1.00011942,2.298841e-4,66
0.10221259,0.99987952,2.303141e-4,86
0.10222305,1.00001410,2.297191e-4,50
0.10222763,0.99987123,2.414370e-4,44
0.10223890,0.99993959,2.305400e-4,47
0.10226679,0.99974195,2.300041e-4,58
0.10228503,1.00028081,2.334114e-4,91
0.10231885,0.99989415,2.309995e-4,78
0.10232057,0.99971595,2.287224e-4,63
0.10232862,0.99993955,2.290683e-4,83
0.10232865,0.99979876,2.284270e-4,73
0.10237092,0.99977185,2.278788e-4,88
0.10243020,0.99992309,2.271366e-4,60
0.10245828,1.00017111,2.321261e-4,49
0.10246015,1.00001498,2.278090e-4,75
0.10246527,0.99970375,2.310917e-4,46
0.10246660,0.99998875,2.288636e-4,65
0.10247058,0.99936462,2.293088e-4,70
0.10247661,1.00012842,2.300118e-4,85
0.10252300,1.00026436,2.322476e-4,57
0.10253828,0.99976794,2.307533e-4,90
0.10258590,0.99980559,2.286121e-4,62
0.10259249,0.99989077,2.314840e-4,77
0.10259739,1.00038914,2.345102e-4,82
0.10260332,0.99968992,2.294665e-4,72
0.10260732,0.99991462,2.316577e-4,67
0.10263153,1.00014766,2.286928e-4,87
0.10266608,1.00024452,2.296388e-4,51
0.10268869,0.99963179,2.326749e-4,45
0.10269011,1.00019249,2.279737e-4,59
0.10269061,1.00022791,2.305813e-4,48
0.10272694,0.99998521,2.299934e-4,79
0.10273502,1.00021377,2.270954e-4,74
0.10274236,0.99984467,2.294781e-4,84
0.10274394,0.99981116,2.273996e-4,69
0.10277636,0.99987610,2.323799e-4,56
0.10284955,1.00060868,2.272601e-4,61
0.10286282,0.99998928,2.318464e-4,53
0.10286674,0.99980732,2.286651e-4,76
0.10287770,1.00013891,2.303312e-4,71
0.10287813,0.99985427,2.298287e-4,66
0.10289367,1.00002941,2.303140e-4,86
0.10290424,0.99984221,2.297080e-4,50
0.10290872,0.99980626,2.412632e-4,44
0.10292009,0.99983125,2.305226e-4,47
0.10294787,0.99994331,2.300681e-4,58
0.10296611,1.00000958,2.332834e-4,91
0.10300003,0.99994553,2.310038e-4,78
0.10300165,1.00008421,2.287684e-4,63
0.10300970,1.00004512,2.290915e-4,83
0.10300972,0.99996150,2.284238e-4,73
0.10305200,1.00006841,2.278928e-4,88
0.10311128,1.00053219,2.271986e-4,60
0.10313947,0.99979497,2.320911e-4,49
0.10314133,1.00015175,2.278246e-4,75
0.10314636,0.99968231,2.311019e-4,46
0.10314768,1.00000422,2.288758e-4,65
0.10315165,1.00038397,2.293745e-4,70
0.10315769,1.00035532,2.300427e-4,85
0.10320409,0.99973286,2.321683e-4,57
0.10326708,0.99976514,2.285854e-4,62
0.10327847,0.99984085,2.343912e-4,82
0.10328840,0.99969480,2.316616e-4,67
0.10334717,0.99995860,2.296151e-4,51
0.10336968,0.99993412,2.326892e-4,45
0.10337109,1.00000901,2.279547e-4,59
0.10337180,0.99979972,2.305565e-4,48
0.10340812,0.99991600,2.298981e-4,79
0.10341610,1.00016623,2.271103e-4,74
0.10342344,0.99994365,2.295355e-4,84
0.10342511,0.99996267,2.274203e-4,69
0.10345745,0.99992149,2.324374e-4,56
0.10353063,0.99978333,2.271742e-4,61
0.10354390,0.99990319,2.318546e-4,53
0.10354782,0.99963864,2.286487e-4,76
0.10355878,0.99984184,2.303110e-4,71
0.10355911,0.99963530,2.298030e-4,66
0.10357485,1.00031027,2.303280e-4,86
0.10358533,0.99976061,2.297033e-4,50
0.10358991,1.00025579,2.412052e-4,44
0.10360118,0.99991557,2.305244e-4,47
0.10362905,0.99997944,2.301202e-4,58
0.10364720,0.99992672,2.331836e-4,91
0.10368110,0.99969241,2.309643e-4,78
0.10368282,1.00076406,2.288375e-4,63
0.10369080,1.00004766,2.284200e-4,73
0.10369087,0.99962801,2.290685e-4,83
0.10373308,1.00019892,2.278965e-4,88
0.10379247,1.00025589,2.271737e-4,60
0.10382056,1.00001013,2.321161e-4,49
0.10382241,1.00000924,2.278161e-4,75
0.10382755,1.00018965,2.311306e-4,46
0.10382876,1.00011660,2.288953e-4,65
0.10383283,1.00014011,2.293219e-4,70
0.10383886,1.00007035,2.300205e-4,85
0.10388527,1.00010743,2.321765e-4,57
0.10390054,1.00027416,2.307687e-4,90
0.10394806,1.00003109,2.285937e-4,62
0.10395475,1.00031952,2.315940e-4,77
0.10395965,1.00012482,2.344241e-4,82
0.10396547,1.00011192,2.294585e-4,72
0.10396948,0.99978457,2.316885e-4,67
0.10399380,0.99989871,2.286957e-4,87
0.10402835,1.00030444,2.296514e-4,51
0.10405078,0.99985411,2.326734e-4,45
0.10405227,0.99998711,2.279535e-4,59
0.10405289,0.99991607,2.305832e-4,48
0.10408920,0.99970017,2.298824e-4,79
0.10409708,1.00011975,2.271078e-4,74
0.10410461,1.00013018,2.295194e-4,84
0.10410619,0.99962578,2.273926e-4,69
0.10413863,1.00011378,2.325017e-4,56
0.10421181,1.00006253,2.271915e-4,61
0.10422509,0.99975139,2.318555e-4,53
0.10422889,1.00022762,2.287054e-4,76
0.10423996,1.00018042,2.303524e-4,71
0.10424019,1.00005540,2.298344e-4,66
0.10425593,1.00015124,2.302951e-4,86
0.10426642,1.00012087,2.297470e-4,50
0.10427100,0.99999856,2.411015e-4,44
0.10428227,0.99978494,2.305042e-4,47
0.10431014,1.00026745,2.301944e-4,58
0.10432838,0.99971311,2.330750e-4,91
0.10436218,1.00018366,2.310024e-4,78
0.10436390,1.00022178,2.287861e-4,63
0.10437188,0.99950825,2.283586e-4,73
0.10437195,1.00012445,2.291313e-4,83
0.10441426,1.00014713,2.278840e-4,88
0.10447355,1.00017046,2.271688e-4,60
0.10450165,1.00007123,2.321217e-4,49
0.10450348,1.00012587,2.278277e-4,75
0.10450855,1.00003269,2.311681e-4,46
0.10450984,0.99966286,2.288620e-4,65
0.10451391,0.99974713,2.292626e-4,70
0.10451994,1.00005703,2.300268e-4,85
0.10456635,0.99992029,2.321293e-4,57
0.10458163,0.99950278,2.306820e-4,90
0.10462914,0.99947519,2.285170e-4,62
0.10463583,0.99999587,2.315963e-4,77
0.10464073,1.00009334,2.343981e-4,82
0.10464665,1.00004609,2.294244e-4,72
0.10465055,0.99997885,2.317158e-4,67
0.10467488,1.00001890,2.287167e-4,87
0.10470944,1.00011882,2.296465e-4,51
0.10473335,1.00024120,2.279732e-4,59
0.10473398,0.99935367,2.305416e-4,48
0.10477816,1.00014280,2.270982e-4,74
0.10478569,1.00019811,2.295731e-4,84
0.10478727,0.99985873,2.274082e-4,69
0.10481971,0.99972751,2.325119e-4,56
0.10490617,1.00006751,2.319050e-4,53
0.10490997,1.00011820,2.286926e-4,76
0.10492104,0.99985995,2.303276e-4,71
0.10492137,1.00020377,2.298393e-4,66
0.10493701,1.00007694,2.302686e-4,86
0.10494750,1.00025589,2.297730e-4,50
0.10495210,0.99986886,2.410124e-4,44
0.10496326,1.00013249,2.305340e-4,47
0.10499122,1.00001809,2.302135e-4,58
0.10500946,0.99989302,2.330126e-4,91
0.10504336,0.99984804,2.309604e-4,78
0.10504498,0.99998213,2.287668e-4,63
0.10505303,0.99999814,2.291378e-4,83
0.10505306,0.99966484,2.283830e-4,73
0.10509525,0.99989444,2.278521e-4,88
0.10515463,1.00048615,2.272023e-4,60
0.10518283,1.00025386,2.321474e-4,49
0.10518456,0.99956839,2.277840e-4,75
0.10518974,1.00033633,2.312061e-4,46
0.10519091,0.99968913,2.288709e-4,65
0.10519499,1.00023979,2.292872e-4,70
0.10520102,1.00008714,2.300353e-4,85
0.10524743,1.00007213,2.321188e-4,57
0.10526261,0.99986712,2.307154e-4,90
0.10531032,0.99969322,2.285116e-4,62
0.10531700,0.99979902,2.316047e-4,77
0.10532191,1.00008387,2.342955e-4,82
0.10532773,1.00022822,2.294136e-4,72
0.10533173,1.00044219,2.317685e-4,67
0.10535586,1.00005846,2.287315e-4,87
0.10539063,1.00001313,2.296352e-4,51
0.10541306,0.99989979,2.326614e-4,45
0.10541453,1.00052869,2.280045e-4,59
0.10541507,1.00018714,2.306448e-4,48
0.10545135,0.99977521,2.298973e-4,79
0.10545933,0.99995432,2.270869e-4,74
0.10546677,1.00040346,2.295724e-4,84
0.10546835,0.99961399,2.274053e-4,69
0.10550090,1.00011311,2.325930e-4,56
0.10557387,0.99997447,2.271753e-4,61
0.10558726,0.99992939,2.319187e-4,53
0.10559115,1.00007739,2.286832e-4,76
0.10560211,0.99977043,2.303234e-4,71
0.10560245,0.99996654,2.298045e-4,66
0.10562869,1.00001054,2.297587e-4,50
0.10563329,0.99977053,2.409449e-4,44
0.10564445,1.00010672,2.305273e-4,47
0.10569045,1.00008888,2.329640e-4,91
0.10572444,0.99991871,2.309617e-4,78
0.10572616,1.00052261,2.288224e-4,63
0.10573413,1.00006668,2.284024e-4,73
0.10573421,1.00019543,2.291781e-4,83
0.10577633,1.00007650,2.278649e-4,88
0.10583581,1.00012086,2.271613e-4,60
0.10586382,0.99968363,2.320962e-4,49
0.10586564,1.00013860,2.278514e-4,75
0.10587083,0.99999780,2.311436e-4,46
0.10587199,1.00007629,2.289171e-4,65
0.10587606,1.00008322,2.292509e-4,70
0.10588200,0.99987142,2.300247e-4,85
0.10592862,1.00027112,2.321178e-4,57
0.10594379,1.00031893,2.307435e-4,90
0.10599140,0.99994761,2.285191e-4,62
0.10599808,0.99985895,2.316263e-4,77
0.10600299,0.99997759,2.343374e-4,82
0.10600880,0.99973673,2.293436e-4,72
0.10601281,0.99978338,2.317058e-4,67
0.10603704,0.99987876,2.287247e-4,87
0.10607161,0.99991659,2.296403e-4,51
0.10609415,0.99967358,2.326418e-4,45
0.10609562,1.00010071,2.279690e-4,59
0.10609616,0.99981629,2.306332e-4,48
0.10613243,1.00002421,2.300263e-4,79
0.10614041,1.00014360,2.271171e-4,74
0.10614785,1.00026031,2.296449e-4,84
0.10614952,0.99995740,2.274430e-4,69
0.10618198,0.99988813,2.326105e-4,56
0.10625495,0.99984099,2.271569e-4,61
0.10626834,1.00063788,2.320117e-4,53
0.10627223,0.99985629,2.286685e-4,76
0.10628329,0.99987570,2.303459e-4,71
0.10628352,1.00043594,2.298273e-4,66
0.10629917,1.00027028,2.302320e-4,86
0.10630968,0.99997482,2.297631e-4,50
0.10631438,0.99960331,2.407877e-4,44
0.10632554,1.00057328,2.305711e-4,47
0.10635338,0.99960273,2.302611e-4,58
0.10637163,1.00007290,2.328947e-4,91
0.10640541,1.00015220,2.309765e-4,78
0.10640724,0.99979958,2.287540e-4,63
0.10641519,0.99974780,2.291576e-4,83
0.10641521,1.00020610,2.284077e-4,73
0.10645751,1.00015857,2.278601e-4,88
0.10651689,1.00021876,2.271822e-4,60
0.10654491,1.00039943,2.321669e-4,49
0.10654671,0.99994533,2.278476e-4,75
0.10655192,0.99991563,2.311578e-4,46
0.10655307,0.99985084,2.289069e-4,65
0.10655724,1.00007342,2.292301e-4,70
0.10660960,1.00023217,2.320945e-4,57
0.10662487,0.99968528,2.306732e-4,90
0.10667926,1.00007842,2.316728e-4,77
0.10668396,0.99949414,2.342739e-4,82
0.10668998,0.99967173,2.293138e-4,72
0.10669389,1.00005556,2.317207e-4,67
0.10671812,1.00003965,2.287441e-4,87
0.10675270,0.99998283,2.296556e-4,51
0.10677534,0.99993656,2.326610e-4,45
0.10677670,0.99981385,2.279398e-4,59
0.10677725,1.00004011,2.306581e-4,48
0.10681351,1.00046685,2.299821e-4,79
0.10682149,1.00006681,2.271518e-4,74
0.10683060,0.99979471,2.274348e-4,69
0.10686306,0.99983203,2.326395e-4,56
0.10693613,1.00041579,2.272162e-4,61
0.10694943,1.00004045,2.319927e-4,53
0.10695330,1.00006397,2.286867e-4,76
0.10696427,0.99996282,2.303606e-4,71
0.10696470,1.00000290,2.297916e-4,66
0.10698025,1.00008475,2.302165e-4,86
0.10699077,1.00020214,2.297946e-4,50
0.10699537,1.00029223,2.407517e-4,44
0.10700673,1.00004987,2.305156e-4,47
0.10703446,1.00013797,2.303522e-4,58
0.10705271,1.00011501,2.328446e-4,91
0.10708659,1.00004297,2.309638e-4,78
0.10708842,0.99986506,2.287599e-4,63
0.10709627,0.99979073,2.291743e-4,83
0.10709639,0.99995813,2.283917e-4,73
0.10713859,1.00012561,2.278560e-4,88
0.10719787,1.00031932,2.271948e-4,60
0.10722600,0.99999078,2.321352e-4,49
0.10722779,1.00010900,2.278826e-4,75
0.10723301,1.00002003,2.312167e-4,46
0.10723425,1.00026424,2.289536e-4,65
0.10723822,1.00044552,2.292340e-4,70
0.10729068,1.00002808,2.320569e-4,57
0.10730606,1.00024180,2.307215e-4,90
0.10735366,1.00000370,2.284850e-4,62
0.10736033,1.00000494,2.316726e-4,77
0.10736504,0.99989480,2.342190e-4,82
0.10737096,0.99981550,2.293054e-4,72
0.10737507,1.00023014,2.317196e-4,67
0.10739920,0.99996069,2.287374e-4,87
0.10743379,1.00025566,2.296822e-4,51
0.10745643,0.99968490,2.326341e-4,45
0.10745778,1.00049159,2.280152e-4,59
0.10745834,0.99997344,2.306809e-4,48
0.10749468,0.99998325,2.300385e-4,79
0.10750266,1.00054867,2.271901e-4,74
0.10751001,1.00005861,2.296516e-4,84
0.10751158,0.99987139,2.274397e-4,69
0.10761721,1.00042730,2.272127e-4,61
0.10763051,1.00003406,2.320213e-4,53
0.10763448,1.00016773,2.287048e-4,76
0.10764534,1.00019587,2.303857e-4,71
0.10764578,1.00015980,2.297543e-4,66
0.10766143,0.99983697,2.301629e-4,86
0.10767657,1.00007390,2.406839e-4,44
0.10768782,0.99984528,2.304840e-4,47
0.10771565,1.00020256,2.304031e-4,58
0.10773380,0.99995137,2.327850e-4,91
0.10776767,1.00014449,2.309710e-4,78
0.10776940,1.00013905,2.287964e-4,63
0.10777745,0.99994664,2.292119e-4,83
0.10777746,0.99987008,2.283609e-4,73
0.10781967,1.00016668,2.278568e-4,88
0.10787895,0.99992877,2.271598e-4,60
0.10790719,0.99971834,2.321118e-4,49
0.10790897,1.00018689,2.279000e-4,75
0.10791420,1.00011812,2.312175e-4,46
0.10791533,0.99970050,2.289073e-4,65
0.10791929,0.99987287,2.291493e-4,70
0.10792544,1.00017090,2.300726e-4,85
0.10797176,1.00020684,2.320609e-4,57
0.10798714,1.00029650,2.307207e-4,90
0.10803474,0.99983986,2.284478e-4,62
0.10804131,0.99999019,2.316767e-4,77
0.10804622,0.99981480,2.342669e-4,82
0.10805203,0.99974435,2.292794e-4,72
0.10805604,0.99987393,2.316596e-4,67
0.10808038,1.00013358,2.287626e-4,87
0.10811497,0.99958892,2.296321e-4,51
0.10813753,1.00019463,2.326804e-4,45
0.10813896,1.00053557,2.280304e-4,59
0.10813953,0.99952503,2.306462e-4,48
0.10817576,1.00002791,2.299649e-4,79
0.10818374,1.00024441,2.271876e-4,74
0.10819109,0.99979018,2.296031e-4,84
0.10819276,0.99991951,2.274741e-4,69
0.10822523,1.00006294,2.327160e-4,56
0.10829839,0.99978224,2.271529e-4,61
0.10831170,0.99984622,2.320433e-4,53
0.10831556,0.99994496,2.286832e-4,76
0.10832642,0.99982625,2.303568e-4,71
0.10834251,1.00027521,2.301976e-4,86
0.10835304,1.00025879,2.298224e-4,50
0.10835766,1.00041996,2.406770e-4,44
0.10836891,0.99971450,2.304728e-4,47
0.10839673,1.00006441,2.304300e-4,58
0.10841498,0.99970352,2.327205e-4,91
0.10844874,1.00001862,2.309528e-4,78
0.10845048,1.00023937,2.287995e-4,63
0.10845844,1.00046353,2.284089e-4,73
0.10845853,1.00042789,2.292784e-4,83
0.10850085,1.00028557,2.278653e-4,88
0.10856013,0.99995896,2.271606e-4,60
0.10858828,1.00036451,2.321735e-4,49
0.10859004,1.00006839,2.279111e-4,75
0.10859529,1.00021506,2.312231e-4,46
0.10859651,0.99960802,2.289044e-4,65
0.10860047,1.00019642,2.291609e-4,70
0.10865295,0.99960452,2.319934e-4,57
0.10866822,1.00028751,2.307202e-4,90
0.10871592,1.00008740,2.284524e-4,62
0.10872239,1.00008347,2.316962e-4,77
0.10872730,0.99993311,2.341891e-4,82
0.10873321,1.00003557,2.292871e-4,72
0.10873712,0.99946842,2.315831e-4,67
0.10876146,0.99976891,2.287253e-4,87
0.10879606,1.00047790,2.297324e-4,51
0.10881852,1.00025375,2.326876e-4,45
0.10881994,0.99966820,2.279473e-4,59
0.10882061,0.99993142,2.307040e-4,48
0.10885684,0.99996424,2.300609e-4,79
0.10886482,1.00018365,2.271576e-4,74
0.10887383,0.99989417,2.274784e-4,69
0.10890631,1.00000790,2.327295e-4,56
